unique_key,agency,complaint_type,status,deep,a1_chronology,a2_status_date,a3_outcome,a3_outcome_strict,a4_response_target,a5_record_holder,primary_blocker,primary_blocker_strict,result,result_strict,created_ts,closed_ts,last_action_ts,action,violation_finding,fix_evidence,next_step,redirects_elsewhere,certainty,sla_state,sla_hours
68517500,NYPD,Noise - Street/Sidewalk,Closed,1,PASS,PASS,PASS,PASS,NA,PASS,,,ANSWERABLE,ANSWERABLE,2026-04-01 01:49:32,2026-04-01 05:01:40,2026-04-01 05:01:47,responded,no_violation,unknown,resident,no,high,MATCHED,8.0
68526000,NYPD,Illegal Parking,Closed,1,PASS,PASS,PASS,UNKNOWN,NA,PASS,,A3,ANSWERABLE,UNKNOWN,2026-04-01 07:39:09,2026-04-01 09:48:06,2026-04-01 09:48:09,responded,no_violation,yes,resident,no,medium,MATCHED,8.0
68526500,HPD,OUTSIDE BUILDING,Closed,1,PASS,PASS,PASS,PASS,NA,PASS,,,ANSWERABLE,ANSWERABLE,2026-04-01 08:17:53,2026-04-17 06:20:41,2026-04-17 06:20:41,no_access,not_determined,unknown,resident,no,high,MATCHED,192.0
68527500,DOB,Building/Use,Closed,1,PASS,PASS,PASS,PASS,NA,PASS,,,ANSWERABLE,ANSWERABLE,2026-04-01 20:05:23,2026-07-01 00:00:00,2026-07-01 00:00:00,inspected,not_determined,unknown,none,no,high,UNMATCHED,
68528000,HPD,UNSANITARY CONDITION,Closed,1,PASS,PASS,PASS,PASS,NA,PASS,,,ANSWERABLE,ANSWERABLE,2026-04-01 22:56:00,2026-04-06 15:35:50,2026-04-06 00:00:00,inspected,no_violation,unknown,none,no,high,MATCHED,192.0
68528500,NYPD,Illegal Parking,Closed,1,PASS,PASS,PASS,PASS,NA,PASS,,,ANSWERABLE,ANSWERABLE,2026-04-01 12:22:52,2026-04-01 13:22:46,2026-04-01 13:22:52,responded,no_violation,unknown,resident,no,high,MATCHED,8.0
68529000,NYPD,Blocked Driveway,Closed,1,PASS,PASS,PASS,PASS,NA,PASS,,,ANSWERABLE,ANSWERABLE,2026-04-01 21:47:26,2026-04-01 22:31:15,2026-04-01 22:31:20,summons_issued,violation,unknown,none,no,high,MATCHED,8.0
68529500,DOT,Street Condition,Closed,1,PASS,PASS,PASS,PASS,NA,PASS,,,ANSWERABLE,ANSWERABLE,2026-04-01 19:54:22,2026-04-11 03:20:00,2026-04-11 03:20:00,inspected,no_violation,unknown,none,no,high,AMBIGUOUS,
68530500,DOT,Street Light Condition,Assigned,1,PASS,PASS,UNKNOWN,UNKNOWN,UNKNOWN,FAIL,A5,A5,FAIL,FAIL,2026-04-01 18:46:00,,2026-04-07 08:31:00,redirect,not_determined,unknown,none,yes,low,UNMATCHED,
68531000,NYPD,Animal-Abuse,Closed,1,PASS,PASS,PASS,PASS,NA,PASS,,,ANSWERABLE,ANSWERABLE,2026-04-01 18:26:14,2026-04-01 19:01:30,2026-04-01 19:01:35,no_access,not_determined,unknown,resident,no,high,MATCHED,8.0
68532000,NYPD,Noise - Residential,Closed,1,PASS,PASS,PASS,PASS,NA,PASS,,,ANSWERABLE,ANSWERABLE,2026-04-01 16:11:28,2026-04-01 21:31:24,2026-04-01 21:31:28,responded,no_violation,unknown,resident,no,high,MATCHED,8.0
68532500,NYPD,Animal-Abuse,Closed,1,PASS,PASS,PASS,PASS,NA,PASS,,,ANSWERABLE,ANSWERABLE,2026-04-01 16:07:35,2026-04-01 16:44:57,2026-04-01 16:45:02,responded,no_violation,unknown,resident,no,high,MATCHED,8.0
68533500,NYPD,Noise - Residential,Closed,1,PASS,PASS,PASS,UNKNOWN,NA,PASS,,A3,ANSWERABLE,UNKNOWN,2026-04-01 18:15:54,2026-04-01 19:43:57,2026-04-01 19:44:01,responded,no_violation,yes,resident,no,medium,MATCHED,8.0
68535000,NYPD,Noise - Street/Sidewalk,Closed,1,PASS,PASS,PASS,UNKNOWN,NA,PASS,,A3,ANSWERABLE,UNKNOWN,2026-04-01 16:08:16,2026-04-01 17:06:04,2026-04-01 17:06:09,responded,no_violation,yes,resident,no,medium,MATCHED,8.0
68535500,NYPD,Illegal Parking,Closed,1,PASS,PASS,PASS,PASS,NA,PASS,,,ANSWERABLE,ANSWERABLE,2026-04-02 01:23:21,2026-04-02 01:57:01,2026-04-02 01:57:05,responded,no_violation,unknown,resident,no,high,MATCHED,8.0
68536000,NYPD,Illegal Parking,Closed,1,PASS,PASS,PASS,PASS,NA,PASS,,,ANSWERABLE,ANSWERABLE,2026-04-01 18:29:37,2026-04-01 18:55:49,2026-04-01 18:55:53,summons_issued,violation,unknown,none,no,high,MATCHED,8.0
68536500,HPD,APPLIANCE,Closed,1,PASS,PASS,PASS,UNKNOWN,NA,PASS,,A3,ANSWERABLE,UNKNOWN,2026-04-01 15:10:55,2026-04-07 23:44:34,2026-04-07 00:00:00,other,not_determined,unknown,resident,partial,medium,AMBIGUOUS,
68537000,DOT,Sidewalk Condition,Closed,1,PASS,PASS,PASS,PASS,NA,PASS,,,ANSWERABLE,ANSWERABLE,2026-04-01 08:35:04,2026-04-02 16:43:16,2026-04-02 16:43:18,summons_issued,violation,no,agency,no,high,MATCHED,240.0
68537500,NYPD,Illegal Parking,Closed,1,PASS,PASS,PASS,PASS,NA,PASS,,,ANSWERABLE,ANSWERABLE,2026-04-02 08:29:11,2026-04-02 08:56:35,2026-04-02 08:56:39,summons_issued,violation,unknown,none,no,high,MATCHED,8.0
68538000,HPD,HEAT/HOT WATER,Closed,1,PASS,PASS,PASS,PASS,NA,PASS,,,ANSWERABLE,ANSWERABLE,2026-04-02 09:36:17,2026-04-06 09:05:33,2026-04-06 00:00:00,duplicate,not_determined,no,agency,partial,high,MATCHED,72.0
68539000,DOT,Street Light Condition,Closed,1,PASS,PASS,UNKNOWN,UNKNOWN,NA,FAIL,A5,A5,FAIL,FAIL,2026-04-02 05:05:00,2026-06-22 00:00:00,2026-06-22 00:00:00,redirect,not_determined,unknown,none,yes,low,UNMATCHED,
68540000,NYPD,Illegal Parking,Closed,1,PASS,PASS,PASS,UNKNOWN,NA,PASS,,A3,ANSWERABLE,UNKNOWN,2026-04-02 20:38:37,2026-04-02 23:34:27,2026-04-02 23:34:31,responded,no_violation,yes,resident,no,medium,MATCHED,8.0
68540500,HPD,HEAT/HOT WATER,Closed,1,PASS,PASS,PASS,PASS,NA,PASS,,,ANSWERABLE,ANSWERABLE,2026-04-02 22:51:03,2026-04-04 21:16:42,2026-04-04 00:00:00,duplicate,not_determined,no,agency,partial,high,MATCHED,72.0
68541500,DOT,Street Condition,Closed,1,PASS,PASS,PASS,UNKNOWN,NA,PASS,,A3,ANSWERABLE,UNKNOWN,2026-04-02 15:34:25,2026-04-02 15:34:25,2026-04-02 15:34:25,duplicate,not_determined,unknown,agency,no,medium,AMBIGUOUS,
68542000,DOT,Street Condition,Closed,1,PASS,PASS,PASS,PASS,NA,PASS,,,ANSWERABLE,ANSWERABLE,2026-04-02 18:50:46,2026-04-11 10:05:00,2026-04-11 10:05:00,repaired,condition_confirmed,yes,none,no,high,AMBIGUOUS,
68543000,HPD,HEAT/HOT WATER,Closed,1,PASS,PASS,PASS,PASS,NA,PASS,,,ANSWERABLE,ANSWERABLE,2026-04-02 19:33:20,2026-04-05 18:44:39,2026-04-05 00:00:00,no_access,not_determined,unknown,resident,no,high,MATCHED,72.0
68544000,DOT,Street Light Condition,Closed,1,PASS,PASS,UNKNOWN,UNKNOWN,NA,FAIL,A5,A5,FAIL,FAIL,2026-04-02 05:51:00,2026-04-12 10:00:00,2026-04-12 10:00:00,redirect,not_determined,unknown,none,yes,low,UNMATCHED,
68544500,DOT,Street Condition,Closed,1,PASS,PASS,PASS,PASS,NA,PASS,,,ANSWERABLE,ANSWERABLE,2026-04-02 05:15:18,2026-04-18 22:45:00,2026-04-18 22:45:00,inspected,not_applicable,yes,none,no,high,AMBIGUOUS,
68545000,DOT,Highway Condition,Closed,1,PASS,PASS,PASS,UNKNOWN,NA,PASS,,A3,ANSWERABLE,UNKNOWN,2026-04-02 09:43:35,2026-04-03 13:59:20,2026-04-03 13:59:24,repaired,not_applicable,yes,none,no,medium,MATCHED,120.0
68545500,NYPD,Noise - Residential,Closed,1,PASS,PASS,PASS,UNKNOWN,NA,PASS,,A3,ANSWERABLE,UNKNOWN,2026-04-02 20:58:14,2026-04-02 21:31:12,2026-04-02 21:31:16,responded,no_violation,yes,resident,no,medium,MATCHED,8.0
68546500,NYPD,Illegal Parking,Closed,1,PASS,PASS,PASS,UNKNOWN,NA,PASS,,A3,ANSWERABLE,UNKNOWN,2026-04-02 18:14:19,2026-04-02 22:03:28,2026-04-02 22:03:31,responded,no_violation,yes,resident,no,medium,MATCHED,8.0
68547000,HPD,HEAT/HOT WATER,Closed,1,PASS,PASS,PASS,PASS,NA,PASS,,,ANSWERABLE,ANSWERABLE,2026-04-02 08:14:51,2026-04-04 14:59:53,2026-04-04 00:00:00,no_access,not_determined,unknown,resident,no,high,MATCHED,72.0
68548000,DOT,Traffic Signal Condition,Closed,1,PASS,PASS,UNKNOWN,UNKNOWN,NA,FAIL,A5,A5,FAIL,FAIL,2026-04-03 07:46:00,2026-04-03 09:00:00,2026-04-03 09:00:00,redirect,not_determined,unknown,none,yes,low,UNMATCHED,
68548500,DOT,Street Condition,Closed,1,PASS,PASS,UNKNOWN,UNKNOWN,NA,FAIL,A5,A5,FAIL,FAIL,2026-04-03 19:06:38,2026-04-08 00:33:00,2026-04-08 00:33:00,redirect,not_determined,unknown,resident,yes,low,AMBIGUOUS,
68549500,NYPD,Noise - Street/Sidewalk,Closed,1,PASS,PASS,PASS,PASS,NA,PASS,,,ANSWERABLE,ANSWERABLE,2026-04-03 22:24:54,2026-04-04 00:27:06,2026-04-04 00:27:09,responded,no_violation,unknown,resident,no,high,MATCHED,8.0
68550500,NYPD,Illegal Parking,Closed,1,PASS,PASS,PASS,UNKNOWN,NA,PASS,,A3,ANSWERABLE,UNKNOWN,2026-04-03 23:20:33,2026-04-03 23:57:09,2026-04-03 23:57:14,responded,no_violation,yes,resident,no,medium,MATCHED,8.0
68551000,HPD,PAINT/PLASTER,Closed,1,PASS,PASS,PASS,PASS,NA,PASS,,,ANSWERABLE,ANSWERABLE,2026-04-03 11:10:54,2026-04-27 10:27:30,2026-04-27 10:27:30,inspected,no_violation,unknown,none,no,high,AMBIGUOUS,
68552000,NYPD,Noise - Residential,Closed,1,PASS,PASS,PASS,UNKNOWN,NA,PASS,,A3,ANSWERABLE,UNKNOWN,2026-04-03 22:54:42,2026-04-03 23:02:31,2026-04-03 23:02:33,responded,no_violation,yes,resident,no,medium,MATCHED,8.0
68552500,DOT,Broken Parking Meter,Closed,1,PASS,PASS,UNKNOWN,UNKNOWN,NA,FAIL,A5,A5,FAIL,FAIL,2026-04-03 15:39:36,2026-04-07 14:58:17,2026-04-07 14:58:21,inspected,not_determined,unknown,none,yes,low,MATCHED,480.0
68553000,NYPD,Illegal Parking,Closed,1,PASS,PASS,PASS,UNKNOWN,NA,PASS,,A3,ANSWERABLE,UNKNOWN,2026-04-03 15:32:09,2026-04-03 19:09:56,2026-04-03 19:10:00,responded,no_violation,yes,resident,no,medium,MATCHED,8.0
68553500,HPD,FLOORING/STAIRS,Closed,1,PASS,PASS,PASS,PASS,NA,PASS,,,ANSWERABLE,ANSWERABLE,2026-04-03 16:22:02,2026-09-03 16:09:30,2026-09-03 16:09:30,inspected,no_violation,unknown,none,no,high,AMBIGUOUS,
68554500,NYPD,Blocked Driveway,Closed,1,PASS,PASS,PASS,PASS,NA,PASS,,,ANSWERABLE,ANSWERABLE,2026-04-03 14:40:46,2026-04-03 15:04:16,2026-04-03 15:04:18,summons_issued,violation,unknown,none,no,high,MATCHED,8.0
68555000,HPD,UNSANITARY CONDITION,Closed,1,PASS,PASS,PASS,PASS,NA,PASS,,,ANSWERABLE,ANSWERABLE,2026-04-03 09:05:28,2026-05-14 06:35:18,2026-05-14 06:35:18,no_access,not_determined,unknown,resident,no,high,AMBIGUOUS,
68556000,NYPD,Noise - Residential,Closed,1,PASS,PASS,PASS,UNKNOWN,NA,PASS,,A3,ANSWERABLE,UNKNOWN,2026-04-03 04:57:44,2026-04-03 05:26:03,2026-04-03 05:26:06,responded,no_violation,yes,resident,no,medium,MATCHED,8.0
68556500,NYPD,Illegal Parking,Closed,1,PASS,PASS,PASS,PASS,NA,PASS,,,ANSWERABLE,ANSWERABLE,2026-04-03 22:08:55,2026-04-04 01:59:26,2026-04-04 01:59:31,responded,no_violation,unknown,resident,no,high,MATCHED,8.0
68557000,NYPD,Illegal Parking,Closed,1,PASS,PASS,PASS,UNKNOWN,NA,PASS,,A3,ANSWERABLE,UNKNOWN,2026-04-03 18:19:52,2026-04-03 22:27:08,2026-04-03 22:27:12,responded,no_violation,yes,resident,no,medium,MATCHED,8.0
68557500,HPD,HEAT/HOT WATER,Closed,1,PASS,PASS,PASS,PASS,NA,PASS,,,ANSWERABLE,ANSWERABLE,2026-04-03 01:22:34,2026-04-04 16:31:06,2026-04-04 00:00:00,duplicate,not_determined,no,agency,partial,high,MATCHED,72.0
68558500,NYPD,Blocked Driveway,Closed,1,PASS,PASS,PASS,PASS,NA,PASS,,,ANSWERABLE,ANSWERABLE,2026-04-04 11:00:51,2026-04-04 14:36:54,2026-04-04 14:36:57,summons_issued,violation,unknown,none,no,high,MATCHED,8.0
68559000,NYPD,Illegal Parking,Closed,1,PASS,PASS,PASS,PASS,NA,PASS,,,ANSWERABLE,ANSWERABLE,2026-04-04 22:33:05,2026-04-05 02:51:33,2026-04-05 02:51:40,responded,no_violation,unknown,resident,no,high,MATCHED,8.0
68559500,NYPD,Blocked Driveway,Closed,1,PASS,PASS,PASS,PASS,NA,PASS,,,ANSWERABLE,ANSWERABLE,2026-04-04 10:04:26,2026-04-04 13:17:54,2026-04-04 13:17:59,responded,no_violation,unknown,resident,no,high,MATCHED,8.0
68560000,HPD,WATER LEAK,Closed,1,PASS,PASS,PASS,PASS,NA,PASS,,,ANSWERABLE,ANSWERABLE,2026-04-04 08:27:24,2026-04-14 16:13:06,2026-04-14 00:00:00,inspected,violation,unknown,none,partial,high,MATCHED,192.0
68560500,NYPD,Illegal Parking,Closed,1,PASS,PASS,PASS,UNKNOWN,NA,PASS,,A3,ANSWERABLE,UNKNOWN,2026-04-04 15:50:01,2026-04-04 16:13:03,2026-04-04 16:13:05,responded,no_violation,yes,resident,no,medium,MATCHED,8.0
68561000,HPD,PAINT/PLASTER,Closed,1,PASS,PASS,PASS,PASS,NA,PASS,,,ANSWERABLE,ANSWERABLE,2026-04-04 20:01:49,2026-04-05 13:12:35,2026-04-05 00:00:00,no_access,not_determined,unknown,none,no,high,AMBIGUOUS,
68562000,HPD,APPLIANCE,Closed,1,PASS,PASS,PASS,UNKNOWN,NA,PASS,,A3,ANSWERABLE,UNKNOWN,2026-04-04 18:51:48,2026-04-13 18:25:49,2026-04-13 00:00:00,other,not_determined,unknown,resident,partial,medium,AMBIGUOUS,
68563000,NYPD,Noise - Residential,Closed,1,PASS,PASS,PASS,PASS,NA,PASS,,,ANSWERABLE,ANSWERABLE,2026-04-04 03:02:50,2026-04-04 03:28:48,2026-04-04 03:28:54,responded,no_violation,unknown,resident,no,high,MATCHED,8.0
68564000,NYPD,Noise - Residential,Closed,1,PASS,PASS,PASS,PASS,NA,PASS,,,ANSWERABLE,ANSWERABLE,2026-04-04 21:17:08,2026-04-04 21:18:12,2026-04-04 21:18:15,responded,no_violation,unknown,resident,no,high,MATCHED,8.0
68564500,DOT,Street Condition,Closed,1,PASS,PASS,PASS,PASS,NA,PASS,,,ANSWERABLE,ANSWERABLE,2026-04-04 13:45:31,2026-04-06 09:03:52,2026-04-06 09:03:56,inspected,condition_confirmed,no,agency,no,high,MATCHED,2160.0
68565000,NYPD,Non-Emergency Police Matter,Closed,1,PASS,PASS,PASS,PASS,NA,PASS,,,ANSWERABLE,ANSWERABLE,2026-04-05 01:07:38,2026-04-05 01:31:12,2026-04-05 01:31:15,responded,no_violation,unknown,resident,no,high,MATCHED,8.0
68565500,NYPD,Abandoned Vehicle,Closed,1,PASS,PASS,PASS,PASS,NA,PASS,,,ANSWERABLE,ANSWERABLE,2026-04-04 08:26:10,2026-04-04 09:01:34,2026-04-04 09:01:38,responded,no_violation,unknown,resident,no,high,MATCHED,8.0
68566000,NYPD,Illegal Parking,Closed,1,PASS,PASS,PASS,PASS,NA,PASS,,,ANSWERABLE,ANSWERABLE,2026-04-04 13:03:32,2026-04-04 13:09:57,2026-04-04 13:10:00,responded,no_violation,unknown,resident,no,high,MATCHED,8.0
68566500,HPD,UNSANITARY CONDITION,Closed,1,PASS,PASS,PASS,PASS,NA,PASS,,,ANSWERABLE,ANSWERABLE,2026-04-04 09:03:33,2026-04-16 11:00:05,2026-04-16 00:00:00,inspected,no_violation,unknown,none,no,high,MATCHED,192.0
68567000,NYPD,Illegal Parking,Closed,1,PASS,PASS,PASS,PASS,NA,PASS,,,ANSWERABLE,ANSWERABLE,2026-04-05 19:16:41,2026-04-05 23:14:12,2026-04-05 23:14:17,responded,no_violation,unknown,resident,no,high,MATCHED,8.0
68567500,HPD,UNSANITARY CONDITION,Closed,1,PASS,PASS,PASS,PASS,NA,PASS,,,ANSWERABLE,ANSWERABLE,2026-04-05 11:53:32,2026-06-30 23:04:50,2026-06-30 23:04:50,inspected,no_violation,unknown,none,no,high,MATCHED,192.0
68568000,NYPD,Illegal Parking,Closed,1,PASS,PASS,PASS,PASS,NA,PASS,,,ANSWERABLE,ANSWERABLE,2026-04-05 11:34:58,2026-04-05 13:20:26,2026-04-05 13:20:30,responded,no_violation,unknown,resident,no,high,MATCHED,8.0
68568500,NYPD,Abandoned Vehicle,Closed,1,PASS,PASS,PASS,PASS,NA,PASS,,,ANSWERABLE,ANSWERABLE,2026-04-05 10:51:35,2026-04-05 22:08:06,2026-04-05 22:08:09,responded,no_violation,unknown,resident,no,high,MATCHED,8.0
68569000,NYPD,Blocked Driveway,Closed,1,PASS,PASS,PASS,PASS,NA,PASS,,,ANSWERABLE,ANSWERABLE,2026-04-05 02:32:05,2026-04-05 08:25:50,2026-04-05 08:25:53,summons_issued,violation,unknown,none,no,high,MATCHED,8.0
68570000,NYPD,Noise - Residential,Closed,1,PASS,PASS,PASS,PASS,NA,PASS,,,ANSWERABLE,ANSWERABLE,2026-04-05 17:28:32,2026-04-05 17:40:22,2026-04-05 17:40:25,responded,no_violation,unknown,resident,no,high,MATCHED,8.0
68571000,NYPD,Noise - Residential,Closed,1,PASS,PASS,PASS,PASS,NA,PASS,,,ANSWERABLE,ANSWERABLE,2026-04-05 22:03:15,2026-04-05 22:39:23,2026-04-05 22:39:26,responded,no_violation,unknown,resident,no,high,MATCHED,8.0
68572000,HPD,ELECTRIC,Closed,1,PASS,PASS,PASS,PASS,NA,PASS,,,ANSWERABLE,ANSWERABLE,2026-04-05 14:06:14,2026-06-13 16:01:05,2026-06-13 16:01:05,inspected,no_violation,unknown,none,no,high,AMBIGUOUS,
68573000,HPD,HEAT/HOT WATER,Closed,1,PASS,PASS,PASS,PASS,NA,PASS,,,ANSWERABLE,ANSWERABLE,2026-04-05 09:32:55,2026-04-06 11:14:09,2026-04-06 00:00:00,duplicate,not_determined,no,agency,partial,high,MATCHED,72.0
68573500,NYPD,Illegal Parking,Closed,1,PASS,PASS,PASS,PASS,NA,PASS,,,ANSWERABLE,ANSWERABLE,2026-04-05 15:19:27,2026-04-05 15:57:56,2026-04-05 15:58:00,responded,no_violation,unknown,resident,no,high,MATCHED,8.0
68574000,HPD,PAINT/PLASTER,Closed,1,PASS,PASS,PASS,UNKNOWN,NA,PASS,,A3,ANSWERABLE,UNKNOWN,2026-04-05 08:41:44,2026-04-07 18:51:37,2026-04-07 00:00:00,owner_notified,not_determined,no,agency,no,medium,AMBIGUOUS,
68574500,NYPD,Illegal Parking,Closed,1,PASS,PASS,PASS,PASS,NA,PASS,,,ANSWERABLE,ANSWERABLE,2026-04-06 13:33:32,2026-04-06 14:00:15,2026-04-06 14:00:19,responded,no_violation,unknown,resident,no,high,MATCHED,8.0
68575000,HPD,PAINT/PLASTER,Open,1,PASS,PASS,PASS,UNKNOWN,UNKNOWN,PASS,A4,A3,UNKNOWN,UNKNOWN,2026-04-06 11:49:16,,2026-04-06 00:00:00,owner_notified,not_determined,no,agency,no,medium,AMBIGUOUS,
68575500,NYPD,Illegal Parking,Closed,1,PASS,PASS,PASS,PASS,NA,PASS,,,ANSWERABLE,ANSWERABLE,2026-04-06 06:41:20,2026-04-06 07:04:18,2026-04-06 07:04:22,summons_issued,violation,unknown,none,no,high,MATCHED,8.0
68576000,DOT,Traffic Signal Condition,Closed,1,PASS,PASS,UNKNOWN,UNKNOWN,NA,FAIL,A5,A5,FAIL,FAIL,2026-04-06 14:11:00,2026-04-16 20:15:00,2026-04-16 20:15:00,redirect,not_determined,unknown,none,yes,low,UNMATCHED,
68576500,HPD,WATER LEAK,Closed,1,PASS,PASS,PASS,PASS,NA,PASS,,,ANSWERABLE,ANSWERABLE,2026-04-06 16:25:53,2026-04-23 06:50:33,2026-04-23 06:50:33,no_access,not_determined,unknown,resident,no,high,AMBIGUOUS,
68577500,DOT,Street Light Condition,Closed,1,PASS,PASS,UNKNOWN,UNKNOWN,NA,FAIL,A5,A5,FAIL,FAIL,2026-04-06 14:46:00,2026-04-16 14:11:00,2026-04-16 14:11:00,redirect,not_determined,unknown,none,yes,low,UNMATCHED,
68578000,HPD,APPLIANCE,Closed,1,PASS,PASS,PASS,UNKNOWN,NA,PASS,,A3,ANSWERABLE,UNKNOWN,2026-04-06 06:37:57,2026-04-12 12:25:12,2026-04-12 00:00:00,contacted,not_applicable,yes,resident,no,medium,AMBIGUOUS,
68579000,NYPD,Noise - Residential,Closed,1,PASS,PASS,PASS,UNKNOWN,NA,PASS,,A3,ANSWERABLE,UNKNOWN,2026-04-06 19:41:44,2026-04-06 22:11:09,2026-04-06 22:11:12,responded,no_violation,yes,resident,no,medium,MATCHED,8.0
68580500,HPD,DOOR/WINDOW,Closed,1,PASS,PASS,PASS,UNKNOWN,NA,PASS,,A3,ANSWERABLE,UNKNOWN,2026-04-06 00:38:06,2026-04-08 15:41:00,2026-04-08 00:00:00,contacted,not_applicable,yes,resident,no,medium,AMBIGUOUS,
68581500,DOT,Traffic Signal Condition,Closed,1,PASS,PASS,UNKNOWN,UNKNOWN,NA,FAIL,A5,A5,FAIL,FAIL,2026-04-06 18:02:00,2026-04-08 04:10:00,2026-04-08 04:10:00,redirect,not_determined,unknown,none,yes,low,UNMATCHED,
68582000,HPD,FLOORING/STAIRS,Closed,1,PASS,PASS,PASS,PASS,NA,PASS,,,ANSWERABLE,ANSWERABLE,2026-04-06 16:25:56,2026-04-15 14:04:42,2026-04-15 00:00:00,violation_issued,violation,no,other_party,partial,high,AMBIGUOUS,
68583000,NYPD,Illegal Parking,Closed,1,PASS,PASS,PASS,PASS,NA,PASS,,,ANSWERABLE,ANSWERABLE,2026-04-06 08:18:00,2026-04-06 10:06:53,2026-04-06 10:06:59,responded,no_violation,unknown,resident,no,high,MATCHED,8.0
68583500,HPD,HEAT/HOT WATER,Closed,1,PASS,PASS,PASS,UNKNOWN,NA,PASS,,A3,ANSWERABLE,UNKNOWN,2026-04-06 20:20:30,2026-04-08 18:33:21,2026-04-08 00:00:00,contacted,not_applicable,yes,resident,no,medium,MATCHED,72.0
68584000,NYPD,Noise - Park,Closed,1,PASS,PASS,PASS,PASS,NA,PASS,,,ANSWERABLE,ANSWERABLE,2026-04-06 21:36:40,2026-04-07 02:10:40,2026-04-07 02:10:43,responded,no_violation,unknown,resident,no,high,MATCHED,8.0
68584500,NYPD,Illegal Parking,Closed,1,PASS,PASS,PASS,PASS,NA,PASS,,,ANSWERABLE,ANSWERABLE,2026-04-06 11:09:31,2026-04-07 00:43:35,2026-04-07 00:43:39,responded,no_violation,unknown,resident,no,high,MATCHED,8.0
68585000,HPD,PAINT/PLASTER,Closed,1,PASS,PASS,PASS,PASS,NA,PASS,,,ANSWERABLE,ANSWERABLE,2026-04-06 09:27:35,2026-04-09 10:35:56,2026-04-09 00:00:00,no_access,not_determined,unknown,none,no,high,AMBIGUOUS,
68585500,NYPD,Illegal Parking,Closed,1,PASS,PASS,PASS,UNKNOWN,NA,PASS,,A3,ANSWERABLE,UNKNOWN,2026-04-06 19:27:11,2026-04-06 20:17:42,2026-04-06 20:17:45,responded,no_violation,yes,resident,no,medium,MATCHED,8.0
68586000,NYPD,Noise - Vehicle,Closed,1,PASS,PASS,PASS,PASS,NA,PASS,,,ANSWERABLE,ANSWERABLE,2026-04-07 19:05:49,2026-04-07 19:35:33,2026-04-07 19:35:38,responded,no_violation,unknown,resident,no,high,MATCHED,8.0
68586500,HPD,PLUMBING,Closed,1,PASS,PASS,PASS,PASS,NA,PASS,,,ANSWERABLE,ANSWERABLE,2026-04-07 19:26:20,2026-04-11 01:25:27,2026-04-11 00:00:00,violation_issued,violation,no,other_party,partial,high,AMBIGUOUS,
68587000,DOT,Highway Condition,Closed,1,PASS,PASS,PASS,UNKNOWN,NA,PASS,,A3,ANSWERABLE,UNKNOWN,2026-04-07 18:21:51,2026-04-17 15:16:31,2026-04-17 15:16:34,repaired,not_applicable,yes,none,no,medium,MATCHED,240.0
68587500,DOT,Street Light Condition,Closed,1,PASS,PASS,UNKNOWN,UNKNOWN,NA,FAIL,A5,A5,FAIL,FAIL,2026-04-07 10:23:00,2026-04-09 07:00:00,2026-04-09 07:00:00,redirect,not_determined,unknown,none,yes,low,UNMATCHED,
68588000,DOT,Street Condition,Closed,1,PASS,PASS,PASS,PASS,NA,PASS,,,ANSWERABLE,ANSWERABLE,2026-04-07 14:50:08,2026-05-06 12:05:00,2026-05-06 12:05:00,repaired,condition_confirmed,yes,none,no,high,AMBIGUOUS,
68589000,NYPD,Noise - Residential,Closed,1,PASS,PASS,PASS,PASS,NA,PASS,,,ANSWERABLE,ANSWERABLE,2026-04-07 03:35:03,2026-04-07 05:51:14,2026-04-07 05:51:17,responded,no_violation,unknown,resident,no,high,MATCHED,8.0
68589500,NYPD,Abandoned Vehicle,Closed,1,PASS,PASS,PASS,UNKNOWN,NA,PASS,,A3,ANSWERABLE,UNKNOWN,2026-04-07 12:14:10,2026-04-07 13:05:21,2026-04-07 13:05:26,responded,no_violation,yes,resident,no,medium,MATCHED,8.0
68590000,NYPD,Illegal Parking,Closed,1,PASS,PASS,PASS,PASS,NA,PASS,,,ANSWERABLE,ANSWERABLE,2026-04-07 17:36:09,2026-04-07 18:25:34,2026-04-07 18:25:36,responded,no_violation,unknown,resident,no,high,MATCHED,8.0
68590500,HPD,GENERAL,Open,1,PASS,PASS,PASS,PASS,PASS,PASS,,,ANSWERABLE,ANSWERABLE,2026-04-07 11:40:21,,2026-04-07 00:00:00,duplicate,not_determined,no,agency,partial,high,MATCHED,72.0
68591500,NYPD,Illegal Parking,Closed,1,PASS,PASS,PASS,PASS,NA,PASS,,,ANSWERABLE,ANSWERABLE,2026-04-07 19:53:51,2026-04-07 22:15:11,2026-04-07 22:15:15,responded,no_violation,unknown,resident,no,high,MATCHED,8.0
68592000,HPD,HEAT/HOT WATER,Closed,1,PASS,PASS,UNKNOWN,UNKNOWN,NA,FAIL,A5,A5,FAIL,FAIL,2026-04-07 05:02:21,2026-04-07 21:18:38,2026-04-07 00:00:00,inspected,not_determined,unknown,none,yes,low,MATCHED,72.0
68593500,HPD,PLUMBING,Closed,1,PASS,PASS,PASS,UNKNOWN,NA,PASS,,A3,ANSWERABLE,UNKNOWN,2026-04-07 13:01:07,2026-04-12 18:16:35,2026-04-12 00:00:00,other,not_determined,unknown,resident,partial,medium,AMBIGUOUS,
68594500,NYPD,Noise - Residential,Closed,1,PASS,PASS,PASS,PASS,NA,PASS,,,ANSWERABLE,ANSWERABLE,2026-04-07 09:37:51,2026-04-07 13:13:04,2026-04-07 13:13:08,responded,no_violation,unknown,resident,no,high,MATCHED,8.0
68595000,DOT,Street Condition,Closed,1,PASS,PASS,PASS,PASS,NA,PASS,,,ANSWERABLE,ANSWERABLE,2026-04-07 11:21:44,2026-04-14 15:24:00,2026-04-14 15:24:00,inspected,no_violation,unknown,none,no,high,AMBIGUOUS,
68595500,DOT,Outdoor Dining,Closed,1,PASS,PASS,PASS,PASS,NA,PASS,,,ANSWERABLE,ANSWERABLE,2026-04-07 15:48:18,2026-04-23 09:00:06,2026-04-23 09:00:14,summons_issued,violation,unknown,none,no,high,AMBIGUOUS,
68596000,NYPD,Noise - Street/Sidewalk,Closed,1,PASS,PASS,PASS,PASS,NA,PASS,,,ANSWERABLE,ANSWERABLE,2026-04-07 19:24:20,2026-04-07 19:32:28,2026-04-07 19:32:31,responded,no_violation,unknown,resident,no,high,MATCHED,8.0
68597000,NYPD,Illegal Parking,Closed,1,PASS,PASS,PASS,UNKNOWN,NA,PASS,,A3,ANSWERABLE,UNKNOWN,2026-04-08 11:49:40,2026-04-08 11:56:14,2026-04-08 11:56:18,responded,no_violation,yes,resident,no,medium,MATCHED,8.0
68597500,HPD,HEAT/HOT WATER,Closed,1,PASS,PASS,UNKNOWN,UNKNOWN,NA,FAIL,A5,A5,FAIL,FAIL,2026-04-08 10:54:36,2026-04-08 15:27:31,2026-04-08 00:00:00,inspected,not_determined,unknown,none,yes,low,MATCHED,72.0
68598000,NYPD,Illegal Parking,Closed,1,PASS,PASS,PASS,PASS,NA,PASS,,,ANSWERABLE,ANSWERABLE,2026-04-08 21:18:39,2026-04-08 21:28:25,2026-04-08 21:28:28,summons_issued,violation,unknown,none,no,high,MATCHED,8.0
68598500,DOB,General Construction/Plumbing,Closed,1,PASS,PASS,PASS,PASS,NA,PASS,,,ANSWERABLE,ANSWERABLE,2026-04-08 17:49:50,2026-04-09 00:00:00,2026-04-09 00:00:00,summons_issued,violation,unknown,none,no,high,UNMATCHED,
68599000,HPD,HEAT/HOT WATER,Open,1,PASS,PASS,PASS,UNKNOWN,PASS,PASS,,A3,ANSWERABLE,UNKNOWN,2026-04-08 07:18:15,,2026-04-08 00:00:00,owner_notified,not_determined,no,agency,no,medium,MATCHED,72.0
68599500,DOT,Highway Condition,Closed,1,PASS,PASS,PASS,UNKNOWN,NA,PASS,,A3,ANSWERABLE,UNKNOWN,2026-04-08 16:24:38,2026-04-10 14:49:35,2026-04-10 14:49:39,repaired,not_applicable,yes,none,no,medium,MATCHED,240.0
68600000,NYPD,Noise - Residential,Closed,1,PASS,PASS,PASS,PASS,NA,PASS,,,ANSWERABLE,ANSWERABLE,2026-04-08 23:24:14,2026-04-09 00:49:16,2026-04-09 00:49:22,responded,no_violation,unknown,resident,no,high,MATCHED,8.0
68600500,DOT,Street Condition,Closed,1,PASS,PASS,PASS,PASS,NA,PASS,,,ANSWERABLE,ANSWERABLE,2026-04-08 15:22:53,2026-04-29 21:35:00,2026-04-29 21:35:00,repaired,condition_confirmed,yes,none,no,high,AMBIGUOUS,
68601000,NYPD,Traffic,Closed,1,PASS,PASS,PASS,PASS,NA,PASS,,,ANSWERABLE,ANSWERABLE,2026-04-08 20:11:48,2026-04-08 22:47:53,2026-04-08 22:47:57,responded,no_violation,unknown,resident,no,high,MATCHED,8.0
68601500,HPD,HEAT/HOT WATER,Closed,1,PASS,PASS,PASS,PASS,NA,PASS,,,ANSWERABLE,ANSWERABLE,2026-04-08 14:01:44,2026-04-08 20:54:53,2026-04-08 00:00:00,no_access,not_determined,unknown,resident,no,high,MATCHED,72.0
68602500,NYPD,Blocked Driveway,Closed,1,PASS,PASS,PASS,PASS,NA,PASS,,,ANSWERABLE,ANSWERABLE,2026-04-08 13:31:33,2026-04-08 16:02:52,2026-04-08 16:02:57,responded,no_violation,unknown,resident,no,high,MATCHED,8.0
68603000,HPD,PLUMBING,Closed,1,PASS,PASS,PASS,PASS,NA,PASS,,,ANSWERABLE,ANSWERABLE,2026-04-08 08:20:21,2026-04-15 12:17:17,2026-04-15 00:00:00,violation_issued,violation,no,other_party,partial,high,AMBIGUOUS,
68604000,NYPD,Noise - Street/Sidewalk,Closed,1,PASS,PASS,PASS,PASS,NA,PASS,,,ANSWERABLE,ANSWERABLE,2026-04-08 20:36:14,2026-04-08 20:52:43,2026-04-08 20:52:47,summons_issued,violation,unknown,none,no,high,MATCHED,8.0
68604500,DOT,Highway Condition,Closed,1,PASS,PASS,PASS,UNKNOWN,NA,PASS,,A3,ANSWERABLE,UNKNOWN,2026-04-08 14:05:16,2026-04-09 13:58:08,2026-04-09 13:58:11,other,not_determined,no,agency,no,medium,MATCHED,240.0
68605000,NYPD,Illegal Parking,Closed,1,PASS,PASS,PASS,PASS,NA,PASS,,,ANSWERABLE,ANSWERABLE,2026-04-08 20:52:01,2026-04-08 21:34:16,2026-04-08 21:34:20,summons_issued,violation,unknown,none,no,high,MATCHED,8.0
68605500,HPD,HEAT/HOT WATER,Open,1,PASS,PASS,PASS,UNKNOWN,PASS,PASS,,A3,ANSWERABLE,UNKNOWN,2026-04-08 09:11:34,,2026-04-08 00:00:00,owner_notified,not_determined,no,agency,no,medium,MATCHED,72.0
68606500,DOT,Street Condition,Closed,1,PASS,PASS,PASS,UNKNOWN,NA,PASS,,A3,ANSWERABLE,UNKNOWN,2026-04-08 21:46:10,2026-04-08 21:46:10,2026-04-08 21:46:10,duplicate,not_determined,unknown,agency,no,medium,AMBIGUOUS,
68607000,HPD,UNSANITARY CONDITION,Closed,1,PASS,PASS,PASS,PASS,NA,PASS,,,ANSWERABLE,ANSWERABLE,2026-04-08 14:49:20,2026-04-15 16:09:44,2026-04-15 00:00:00,violation_issued,violation,no,other_party,partial,high,AMBIGUOUS,
68608000,NYPD,Noise - Residential,Closed,1,PASS,PASS,PASS,UNKNOWN,NA,PASS,,A3,ANSWERABLE,UNKNOWN,2026-04-09 18:15:25,2026-04-09 19:24:24,2026-04-09 19:24:28,responded,no_violation,yes,resident,no,medium,MATCHED,8.0
68609000,NYPD,Illegal Parking,Closed,1,PASS,PASS,PASS,PASS,NA,PASS,,,ANSWERABLE,ANSWERABLE,2026-04-09 21:05:41,2026-04-09 22:27:43,2026-04-09 22:27:46,summons_issued,violation,unknown,none,no,high,MATCHED,8.0
68609500,HPD,HEAT/HOT WATER,Closed,1,PASS,PASS,PASS,UNKNOWN,NA,PASS,,A3,ANSWERABLE,UNKNOWN,2026-04-09 16:28:12,2026-04-10 17:19:27,2026-04-10 00:00:00,contacted,not_applicable,yes,resident,no,medium,MATCHED,72.0
68610500,DOT,Street Condition,Closed,1,PASS,PASS,PASS,UNKNOWN,NA,PASS,,A3,ANSWERABLE,UNKNOWN,2026-04-09 13:19:43,2026-04-09 13:19:43,2026-04-09 13:19:43,duplicate,not_determined,unknown,agency,no,medium,AMBIGUOUS,
68612000,HPD,DOOR/WINDOW,Closed,1,PASS,PASS,PASS,PASS,NA,PASS,,,ANSWERABLE,ANSWERABLE,2026-04-09 11:53:56,2026-05-12 14:52:36,2026-05-12 14:52:36,inspected,violation,unknown,none,partial,high,AMBIGUOUS,
68612500,NYPD,Noise - Residential,Closed,1,PASS,PASS,PASS,PASS,NA,PASS,,,ANSWERABLE,ANSWERABLE,2026-04-09 21:39:13,2026-04-10 10:32:15,2026-04-10 10:32:18,responded,no_violation,unknown,resident,no,high,MATCHED,8.0
68613000,NYPD,Illegal Parking,Closed,1,PASS,PASS,PASS,PASS,NA,PASS,,,ANSWERABLE,ANSWERABLE,2026-04-09 21:52:41,2026-04-09 23:00:09,2026-04-09 22:59:58,responded,no_violation,unknown,resident,no,high,MATCHED,8.0
68613500,HPD,PAINT/PLASTER,Closed,1,PASS,PASS,PASS,UNKNOWN,NA,PASS,,A3,ANSWERABLE,UNKNOWN,2026-04-09 01:55:57,2026-04-11 14:58:12,2026-04-11 00:00:00,other,not_determined,unknown,resident,partial,medium,AMBIGUOUS,
68614500,NYPD,Noise - Residential,Closed,1,PASS,PASS,PASS,PASS,NA,PASS,,,ANSWERABLE,ANSWERABLE,2026-04-09 03:05:08,2026-04-09 03:54:24,2026-04-09 03:54:27,responded,no_violation,unknown,resident,no,high,MATCHED,8.0
68615000,NYPD,Abandoned Vehicle,Closed,1,PASS,PASS,PASS,PASS,NA,FAIL,A5,A5,FAIL,FAIL,2026-04-09 19:44:03,2026-04-09 20:24:05,2026-04-09 20:24:09,not_jurisdiction,not_applicable,unknown,resident,yes,high,MATCHED,8.0
68616000,HPD,FLOORING/STAIRS,Closed,1,PASS,PASS,PASS,UNKNOWN,NA,PASS,,A3,ANSWERABLE,UNKNOWN,2026-04-09 19:17:06,2026-04-20 16:10:59,2026-04-20 16:10:59,other,not_determined,unknown,resident,partial,medium,AMBIGUOUS,
68616500,NYPD,Noise - Residential,Closed,1,PASS,PASS,PASS,PASS,NA,PASS,,,ANSWERABLE,ANSWERABLE,2026-04-10 01:37:13,2026-04-10 01:57:01,2026-04-10 01:57:05,responded,no_violation,unknown,resident,no,high,MATCHED,8.0
68617000,NYPD,Noise - Vehicle,Closed,1,PASS,PASS,PASS,PASS,NA,PASS,,,ANSWERABLE,ANSWERABLE,2026-04-09 16:53:26,2026-04-09 17:12:17,2026-04-09 17:12:23,responded,no_violation,unknown,resident,no,high,MATCHED,8.0
68617500,HPD,PLUMBING,Closed,1,PASS,PASS,PASS,UNKNOWN,NA,PASS,,A3,ANSWERABLE,UNKNOWN,2026-04-09 15:14:02,2026-06-12 09:18:21,2026-06-12 09:18:21,other,not_determined,unknown,resident,partial,medium,AMBIGUOUS,
68618000,NYPD,Illegal Parking,Closed,1,PASS,PASS,PASS,PASS,NA,PASS,,,ANSWERABLE,ANSWERABLE,2026-04-09 22:15:09,2026-04-09 22:54:50,2026-04-09 22:54:55,summons_issued,violation,unknown,none,no,high,MATCHED,8.0
68618500,NYPD,Noise - Commercial,Closed,1,PASS,PASS,PASS,UNKNOWN,NA,PASS,,A3,ANSWERABLE,UNKNOWN,2026-04-10 20:37:56,2026-04-10 21:43:21,2026-04-10 21:43:24,responded,no_violation,yes,resident,no,medium,MATCHED,8.0
68619000,NYPD,Blocked Driveway,Closed,1,PASS,PASS,PASS,PASS,NA,PASS,,,ANSWERABLE,ANSWERABLE,2026-04-10 16:40:16,2026-04-11 06:41:10,2026-04-11 06:41:16,responded,no_violation,unknown,resident,no,high,MATCHED,8.0
68619500,NYPD,Traffic,Closed,1,PASS,PASS,PASS,PASS,NA,PASS,,,ANSWERABLE,ANSWERABLE,2026-04-10 17:31:34,2026-04-10 17:57:12,2026-04-10 17:57:15,responded,no_violation,unknown,resident,no,high,MATCHED,8.0
68620000,HPD,FLOORING/STAIRS,Closed,1,PASS,PASS,PASS,PASS,NA,PASS,,,ANSWERABLE,ANSWERABLE,2026-04-10 14:24:35,2026-04-23 20:37:03,2026-04-23 20:37:03,violation_issued,violation,no,other_party,partial,high,AMBIGUOUS,
68621000,DOB,General Construction/Plumbing,Closed,1,PASS,PASS,PASS,PASS,NA,PASS,,,ANSWERABLE,ANSWERABLE,2026-04-10 09:09:58,2026-05-14 00:00:00,2026-05-14 00:00:00,inspected,not_determined,unknown,none,no,high,UNMATCHED,
68621500,HPD,UNSANITARY CONDITION,Closed,1,PASS,PASS,PASS,PASS,NA,PASS,,,ANSWERABLE,ANSWERABLE,2026-04-10 09:37:23,2026-04-17 09:27:56,2026-04-17 09:27:56,violation_issued,violation,no,other_party,partial,high,AMBIGUOUS,
68622500,NYPD,Noise - Residential,Closed,1,PASS,PASS,PASS,PASS,NA,PASS,,,ANSWERABLE,ANSWERABLE,2026-04-10 22:45:32,2026-04-11 00:21:03,2026-04-11 00:21:08,no_access,not_determined,unknown,resident,no,high,MATCHED,8.0
68623500,NYPD,Illegal Parking,Closed,1,PASS,PASS,PASS,PASS,NA,PASS,,,ANSWERABLE,ANSWERABLE,2026-04-10 21:24:46,2026-04-10 21:39:40,2026-04-10 21:39:43,responded,no_violation,unknown,resident,no,high,MATCHED,8.0
68624000,HPD,FLOORING/STAIRS,Open,1,PASS,PASS,PASS,UNKNOWN,UNKNOWN,PASS,A4,A3,UNKNOWN,UNKNOWN,2026-04-10 17:09:56,,2026-04-10 00:00:00,owner_notified,not_determined,no,agency,no,medium,AMBIGUOUS,
68625000,DOT,Traffic Signal Condition,Closed,1,PASS,PASS,UNKNOWN,UNKNOWN,NA,FAIL,A5,A5,FAIL,FAIL,2026-04-10 13:32:00,2026-04-10 13:32:00,2026-04-10 13:32:00,redirect,not_determined,unknown,none,yes,low,UNMATCHED,
68625500,DOT,Street Condition,Closed,1,PASS,PASS,PASS,UNKNOWN,NA,PASS,,A3,ANSWERABLE,UNKNOWN,2026-04-10 06:57:32,2026-04-11 23:25:00,2026-04-11 23:25:00,duplicate,not_determined,unknown,agency,no,medium,AMBIGUOUS,
68627000,DOT,Street Condition,Closed,1,PASS,PASS,PASS,PASS,NA,PASS,,,ANSWERABLE,ANSWERABLE,2026-04-10 12:42:36,2026-04-15 09:17:02,2026-04-15 09:17:06,violation_issued,violation,no,other_party,no,high,MATCHED,240.0
68627500,NYPD,Blocked Driveway,Closed,1,PASS,PASS,PASS,UNKNOWN,NA,PASS,,A3,ANSWERABLE,UNKNOWN,2026-04-10 14:06:49,2026-04-10 14:27:12,2026-04-10 14:27:16,responded,no_violation,yes,resident,no,medium,MATCHED,8.0
68628000,DOT,Street Condition,Closed,1,PASS,PASS,PASS,PASS,NA,PASS,,,ANSWERABLE,ANSWERABLE,2026-04-10 12:04:02,2026-04-29 02:05:00,2026-04-29 02:05:00,inspected,no_violation,unknown,none,no,high,AMBIGUOUS,
68629000,NYPD,Noise - Residential,Closed,1,PASS,PASS,PASS,UNKNOWN,NA,PASS,,A3,ANSWERABLE,UNKNOWN,2026-04-11 22:33:03,2026-04-11 23:31:15,2026-04-11 23:31:17,responded,no_violation,yes,resident,no,medium,MATCHED,8.0
68630000,NYPD,Blocked Driveway,Closed,1,PASS,PASS,PASS,PASS,NA,PASS,,,ANSWERABLE,ANSWERABLE,2026-04-11 14:50:55,2026-04-11 19:02:51,2026-04-11 19:02:55,responded,no_violation,unknown,resident,no,high,MATCHED,8.0
68630500,HPD,UNSANITARY CONDITION,Closed,1,PASS,PASS,PASS,PASS,NA,PASS,,,ANSWERABLE,ANSWERABLE,2026-04-11 08:15:48,2026-05-18 19:51:48,2026-05-18 19:51:48,violation_issued,violation,no,other_party,partial,high,AMBIGUOUS,
68631500,NYPD,Noise - Street/Sidewalk,Closed,1,PASS,PASS,PASS,PASS,NA,PASS,,,ANSWERABLE,ANSWERABLE,2026-04-11 20:54:31,2026-04-11 22:20:17,2026-04-11 22:20:19,responded,no_violation,unknown,resident,no,high,MATCHED,8.0
68632000,NYPD,Encampment,Closed,1,PASS,PASS,PASS,PASS,NA,PASS,,,ANSWERABLE,ANSWERABLE,2026-04-11 02:52:55,2026-04-11 03:17:38,2026-04-11 03:17:42,responded,no_violation,unknown,resident,no,high,MATCHED,4.0
68632500,NYPD,Noise - Commercial,Closed,1,PASS,PASS,PASS,UNKNOWN,NA,PASS,,A3,ANSWERABLE,UNKNOWN,2026-04-11 02:59:04,2026-04-11 04:45:36,2026-04-11 04:45:40,responded,no_violation,yes,resident,no,medium,MATCHED,8.0
68633000,HPD,GENERAL,Closed,1,PASS,PASS,PASS,UNKNOWN,NA,PASS,,A3,ANSWERABLE,UNKNOWN,2026-04-11 11:23:03,2026-04-11 11:23:03,2026-04-11 00:00:00,owner_notified,not_determined,no,agency,no,medium,MATCHED,192.0
68633500,NYPD,Illegal Parking,Closed,1,PASS,PASS,PASS,PASS,NA,PASS,,,ANSWERABLE,ANSWERABLE,2026-04-11 06:13:28,2026-04-11 08:09:35,2026-04-11 08:09:39,summons_issued,violation,unknown,none,no,high,MATCHED,8.0
68634000,NYPD,Noise - Residential,Closed,1,PASS,PASS,PASS,UNKNOWN,NA,PASS,,A3,ANSWERABLE,UNKNOWN,2026-04-11 23:04:31,2026-04-11 23:28:51,2026-04-11 23:28:54,responded,no_violation,yes,resident,no,medium,MATCHED,8.0
68634500,DOT,Street Sign - Dangling,Closed,1,PASS,PASS,PASS,UNKNOWN,NA,PASS,,A3,ANSWERABLE,UNKNOWN,2026-04-11 12:42:25,2026-04-15 05:45:48,2026-04-15 05:45:50,repaired,not_applicable,yes,none,no,medium,MATCHED,336.0
68635000,DOT,Street Condition,Closed,1,PASS,PASS,PASS,UNKNOWN,NA,PASS,,A3,ANSWERABLE,UNKNOWN,2026-04-11 18:14:35,2026-04-11 18:14:35,2026-04-11 18:14:35,duplicate,not_determined,unknown,agency,no,medium,AMBIGUOUS,
68635500,DOT,Street Condition,Closed,1,PASS,PASS,PASS,PASS,NA,PASS,,,ANSWERABLE,ANSWERABLE,2026-04-11 14:50:38,2026-04-18 10:34:00,2026-04-18 10:34:00,inspected,not_applicable,yes,none,no,high,AMBIGUOUS,
68636500,NYPD,Noise - Residential,Closed,1,PASS,PASS,PASS,PASS,NA,PASS,,,ANSWERABLE,ANSWERABLE,2026-04-11 22:19:25,2026-04-11 23:45:13,2026-04-11 23:45:16,responded,no_violation,unknown,resident,no,high,MATCHED,8.0
68637000,NYPD,Illegal Parking,Closed,1,PASS,PASS,UNKNOWN,UNKNOWN,NA,FAIL,A5,A5,FAIL,FAIL,2026-04-11 14:13:55,2026-04-11 14:29:08,2026-04-11 14:29:12,reviewed,not_determined,unknown,none,yes,low,MATCHED,8.0
68637500,DOT,Street Light Condition,Closed,1,PASS,PASS,UNKNOWN,UNKNOWN,NA,FAIL,A5,A5,FAIL,FAIL,2026-04-12 00:57:00,2026-04-15 10:01:00,2026-04-15 10:01:00,redirect,not_determined,unknown,none,yes,low,UNMATCHED,
68638000,NYPD,Abandoned Vehicle,Closed,1,PASS,PASS,UNKNOWN,UNKNOWN,NA,FAIL,A5,A5,FAIL,FAIL,2026-04-11 10:13:53,2026-04-11 10:53:47,2026-04-11 10:53:50,reviewed,not_determined,unknown,none,yes,low,MATCHED,8.0
68638500,NYPD,Illegal Parking,Closed,1,PASS,PASS,PASS,PASS,NA,PASS,,,ANSWERABLE,ANSWERABLE,2026-04-12 10:54:37,2026-04-12 11:19:25,2026-04-12 11:19:28,responded,no_violation,unknown,resident,no,high,MATCHED,8.0
68639000,HPD,HEAT/HOT WATER,Closed,1,PASS,PASS,PASS,UNKNOWN,NA,PASS,,A3,ANSWERABLE,UNKNOWN,2026-04-12 13:00:45,2026-04-13 16:37:00,2026-04-13 00:00:00,contacted,not_applicable,yes,resident,no,medium,MATCHED,72.0
68640000,NYPD,Noise - Street/Sidewalk,Closed,1,PASS,PASS,PASS,PASS,NA,PASS,,,ANSWERABLE,ANSWERABLE,2026-04-13 00:10:03,2026-04-13 01:34:17,2026-04-13 01:34:21,responded,no_violation,unknown,resident,no,high,MATCHED,8.0
68640500,NYPD,Encampment,Closed,1,PASS,PASS,PASS,PASS,NA,PASS,,,ANSWERABLE,ANSWERABLE,2026-04-12 17:59:16,2026-04-12 18:54:34,2026-04-12 18:54:37,referred,condition_confirmed,no,agency,no,high,MATCHED,4.0
68641000,NYPD,Noise - Commercial,Closed,1,PASS,PASS,PASS,PASS,NA,PASS,,,ANSWERABLE,ANSWERABLE,2026-04-12 07:00:43,2026-04-12 08:29:48,2026-04-12 08:29:52,responded,no_violation,unknown,resident,no,high,MATCHED,8.0
68641500,NYPD,Abandoned Vehicle,Closed,1,PASS,PASS,PASS,UNKNOWN,NA,PASS,,A3,ANSWERABLE,UNKNOWN,2026-04-12 17:45:34,2026-04-12 18:07:17,2026-04-12 18:07:19,responded,no_violation,yes,resident,no,medium,MATCHED,8.0
68642000,NYPD,Illegal Parking,Closed,1,PASS,PASS,PASS,UNKNOWN,NA,PASS,,A3,ANSWERABLE,UNKNOWN,2026-04-12 18:33:27,2026-04-12 22:56:14,2026-04-12 22:56:13,responded,no_violation,yes,resident,no,medium,MATCHED,8.0
68642500,HPD,HEAT/HOT WATER,Closed,1,PASS,PASS,PASS,UNKNOWN,NA,PASS,,A3,ANSWERABLE,UNKNOWN,2026-04-12 13:44:51,2026-04-14 13:37:16,2026-04-14 00:00:00,contacted,not_applicable,yes,resident,no,medium,MATCHED,72.0
68643500,NYPD,Noise - Street/Sidewalk,Closed,1,PASS,PASS,PASS,UNKNOWN,NA,PASS,,A3,ANSWERABLE,UNKNOWN,2026-04-12 22:32:27,2026-04-12 22:47:11,2026-04-12 22:47:14,responded,no_violation,yes,resident,no,medium,MATCHED,8.0
68644000,NYPD,Noise - Street/Sidewalk,Closed,1,PASS,PASS,PASS,PASS,NA,PASS,,,ANSWERABLE,ANSWERABLE,2026-04-12 23:31:45,2026-04-13 08:38:14,2026-04-13 08:38:17,responded,no_violation,unknown,resident,no,high,MATCHED,8.0
68644500,NYPD,Blocked Driveway,Closed,1,PASS,PASS,PASS,PASS,NA,PASS,,,ANSWERABLE,ANSWERABLE,2026-04-12 13:25:57,2026-04-12 17:22:44,2026-04-12 17:22:49,responded,no_violation,unknown,resident,no,high,MATCHED,8.0
68645000,DOT,Street Condition,Pending,1,PASS,PASS,PASS,PASS,UNKNOWN,PASS,A4,A4,UNKNOWN,UNKNOWN,2026-04-12 16:26:54,,2026-04-12 20:06:00,referred,not_determined,unknown,agency,no,high,AMBIGUOUS,
68645500,NYPD,Illegal Parking,Closed,1,PASS,PASS,PASS,PASS,NA,PASS,,,ANSWERABLE,ANSWERABLE,2026-04-12 11:34:26,2026-04-12 11:50:06,2026-04-12 11:50:09,responded,no_violation,unknown,resident,no,high,MATCHED,8.0
68646000,HPD,HEAT/HOT WATER,Closed,1,PASS,PASS,UNKNOWN,UNKNOWN,NA,FAIL,A5,A5,FAIL,FAIL,2026-04-12 00:02:02,2026-04-12 16:16:46,2026-04-12 00:00:00,inspected,not_determined,unknown,none,yes,low,MATCHED,72.0
68647000,NYPD,Noise - Street/Sidewalk,Closed,1,PASS,PASS,PASS,PASS,NA,PASS,,,ANSWERABLE,ANSWERABLE,2026-04-12 20:15:11,2026-04-12 22:37:44,2026-04-12 22:37:48,responded,no_violation,unknown,resident,no,high,MATCHED,8.0
68648000,DOT,Street Light Condition,Assigned,1,PASS,PASS,UNKNOWN,UNKNOWN,UNKNOWN,FAIL,A5,A5,FAIL,FAIL,2026-04-13 10:52:00,,2026-05-11 12:50:00,redirect,not_determined,unknown,none,yes,low,UNMATCHED,
68648500,NYPD,Illegal Parking,Closed,1,PASS,PASS,PASS,PASS,NA,PASS,,,ANSWERABLE,ANSWERABLE,2026-04-13 17:33:52,2026-04-13 18:54:01,2026-04-13 18:54:05,responded,no_violation,unknown,resident,no,high,MATCHED,8.0
68651000,NYPD,Panhandling,Closed,1,PASS,PASS,PASS,PASS,NA,PASS,,,ANSWERABLE,ANSWERABLE,2026-04-13 21:05:37,2026-04-13 23:58:35,2026-04-13 23:58:40,responded,no_violation,unknown,resident,no,high,MATCHED,4.0
68651500,NYPD,Abandoned Vehicle,Closed,1,PASS,PASS,PASS,UNKNOWN,NA,PASS,,A3,ANSWERABLE,UNKNOWN,2026-04-13 08:33:25,2026-04-13 09:07:06,2026-04-13 09:07:09,responded,no_violation,yes,resident,no,medium,MATCHED,8.0
68652500,NYPD,Noise - Residential,Closed,1,PASS,PASS,PASS,PASS,NA,PASS,,,ANSWERABLE,ANSWERABLE,2026-04-13 03:22:35,2026-04-13 04:02:00,2026-04-13 04:02:04,responded,no_violation,unknown,resident,no,high,MATCHED,8.0
68653000,DOB,Elevator,Closed,1,PASS,PASS,UNKNOWN,UNKNOWN,NA,PASS,A3,A3,UNKNOWN,UNKNOWN,2026-04-13 14:34:16,2026-04-17 00:00:00,2026-04-17 00:00:00,reviewed,not_determined,unknown,resident,no,low,MATCHED,960.0
68654000,NYPD,Noise - Residential,Closed,1,PASS,PASS,PASS,UNKNOWN,NA,PASS,,A3,ANSWERABLE,UNKNOWN,2026-04-13 18:18:56,2026-04-13 22:18:09,2026-04-13 22:18:12,responded,no_violation,yes,resident,no,medium,MATCHED,8.0
68655500,NYPD,Noise - Residential,Closed,1,PASS,PASS,PASS,PASS,NA,PASS,,,ANSWERABLE,ANSWERABLE,2026-04-13 10:12:17,2026-04-13 11:07:35,2026-04-13 11:07:41,responded,no_violation,unknown,resident,no,high,MATCHED,8.0
68657000,DOT,Street Light Condition,Closed,1,PASS,PASS,UNKNOWN,UNKNOWN,NA,FAIL,A5,A5,FAIL,FAIL,2026-04-13 20:25:00,2026-04-15 10:00:00,2026-04-15 10:00:00,redirect,not_determined,unknown,none,yes,low,UNMATCHED,
68657500,NYPD,Abandoned Vehicle,Closed,1,PASS,PASS,PASS,PASS,NA,PASS,,,ANSWERABLE,ANSWERABLE,2026-04-13 05:16:07,2026-04-13 05:51:43,2026-04-13 05:51:46,responded,no_violation,unknown,resident,no,high,MATCHED,8.0
68658500,DOT,Street Condition,Closed,1,PASS,PASS,PASS,PASS,NA,PASS,,,ANSWERABLE,ANSWERABLE,2026-04-13 09:22:26,2026-05-02 13:15:00,2026-05-02 13:15:00,repaired,condition_confirmed,yes,none,no,high,AMBIGUOUS,
68659000,NYPD,Illegal Parking,Closed,1,PASS,PASS,PASS,PASS,NA,PASS,,,ANSWERABLE,ANSWERABLE,2026-04-13 18:03:16,2026-04-13 21:27:11,2026-04-13 21:27:20,responded,no_violation,unknown,resident,no,high,MATCHED,8.0
68660000,NYPD,Blocked Driveway,Closed,1,PASS,PASS,PASS,PASS,NA,PASS,,,ANSWERABLE,ANSWERABLE,2026-04-14 15:53:37,2026-04-14 17:08:10,2026-04-14 17:08:14,responded,no_violation,unknown,resident,no,high,MATCHED,8.0
68660500,HPD,HEAT/HOT WATER,Closed,1,PASS,PASS,PASS,PASS,NA,PASS,,,ANSWERABLE,ANSWERABLE,2026-04-14 05:26:14,2026-04-15 15:57:44,2026-04-15 00:00:00,duplicate,not_determined,no,agency,partial,high,MATCHED,72.0
68661500,NYPD,Illegal Parking,Closed,1,PASS,PASS,PASS,PASS,NA,PASS,,,ANSWERABLE,ANSWERABLE,2026-04-14 06:42:57,2026-04-14 07:47:06,2026-04-14 07:47:11,responded,no_violation,unknown,resident,no,high,MATCHED,8.0
68662000,NYPD,Noise - Street/Sidewalk,Closed,1,PASS,PASS,PASS,UNKNOWN,NA,PASS,,A3,ANSWERABLE,UNKNOWN,2026-04-15 01:18:48,2026-04-15 01:34:59,2026-04-15 01:35:01,responded,no_violation,yes,resident,no,medium,MATCHED,8.0
68663000,NYPD,Illegal Parking,Closed,1,PASS,PASS,PASS,PASS,NA,PASS,,,ANSWERABLE,ANSWERABLE,2026-04-14 20:42:28,2026-04-15 00:07:32,2026-04-15 00:07:36,responded,no_violation,unknown,resident,no,high,MATCHED,8.0
68663500,NYPD,Noise - Residential,Closed,1,PASS,PASS,PASS,PASS,NA,PASS,,,ANSWERABLE,ANSWERABLE,2026-04-14 14:50:11,2026-04-14 14:51:33,2026-04-14 14:51:38,responded,no_violation,unknown,resident,no,high,MATCHED,8.0
68664000,NYPD,Animal-Abuse,Closed,1,PASS,PASS,PASS,UNKNOWN,NA,PASS,,A3,ANSWERABLE,UNKNOWN,2026-04-14 09:17:26,2026-04-14 10:24:21,2026-04-14 10:24:24,responded,no_violation,yes,resident,no,medium,MATCHED,8.0
68665000,NYPD,Noise - Residential,Closed,1,PASS,PASS,PASS,PASS,NA,PASS,,,ANSWERABLE,ANSWERABLE,2026-04-14 13:45:49,2026-04-14 14:06:18,2026-04-14 14:06:43,responded,no_violation,unknown,resident,no,high,MATCHED,8.0
68665500,DOT,Street Condition,Closed,1,PASS,PASS,PASS,PASS,NA,PASS,,,ANSWERABLE,ANSWERABLE,2026-04-14 11:36:55,2026-04-27 22:55:00,2026-04-27 22:55:00,inspected,no_violation,unknown,none,no,high,AMBIGUOUS,
68666500,DOT,Street Condition,Closed,1,PASS,PASS,PASS,PASS,NA,PASS,,,ANSWERABLE,ANSWERABLE,2026-04-14 07:23:22,2026-04-14 20:52:00,2026-04-14 20:52:00,inspected,no_violation,unknown,none,no,high,AMBIGUOUS,
68667000,HPD,UNSANITARY CONDITION,Closed,1,PASS,PASS,PASS,PASS,NA,PASS,,,ANSWERABLE,ANSWERABLE,2026-04-14 00:37:24,2026-05-01 11:33:37,2026-05-01 11:33:37,inspected,no_violation,unknown,none,no,high,MATCHED,192.0
68667500,NYPD,Illegal Parking,Closed,1,PASS,PASS,PASS,PASS,NA,PASS,,,ANSWERABLE,ANSWERABLE,2026-04-14 13:39:23,2026-04-14 14:07:15,2026-04-14 14:07:21,responded,no_violation,unknown,resident,no,high,MATCHED,8.0
68668000,NYPD,Blocked Driveway,Closed,1,PASS,PASS,PASS,PASS,NA,PASS,,,ANSWERABLE,ANSWERABLE,2026-04-14 13:51:44,2026-04-14 20:13:03,2026-04-14 20:13:08,responded,no_violation,unknown,resident,no,high,MATCHED,8.0
68668500,HPD,FLOORING/STAIRS,Closed,1,PASS,PASS,PASS,PASS,NA,PASS,,,ANSWERABLE,ANSWERABLE,2026-04-14 18:02:38,2026-04-15 16:09:45,2026-04-15 00:00:00,violation_issued,violation,no,other_party,partial,high,AMBIGUOUS,
68669500,NYPD,Illegal Parking,Closed,1,PASS,PASS,PASS,PASS,NA,PASS,,,ANSWERABLE,ANSWERABLE,2026-04-14 20:40:54,2026-04-14 23:01:41,2026-04-14 23:01:44,responded,no_violation,unknown,resident,no,high,MATCHED,8.0
68670000,NYPD,Noise - Vehicle,Closed,1,PASS,PASS,PASS,UNKNOWN,NA,PASS,,A3,ANSWERABLE,UNKNOWN,2026-04-14 18:03:45,2026-04-14 19:17:03,2026-04-14 19:17:06,responded,no_violation,yes,resident,no,medium,MATCHED,8.0
68670500,DOT,Sidewalk Condition,Closed,1,PASS,PASS,UNKNOWN,UNKNOWN,NA,FAIL,A5,A5,FAIL,FAIL,2026-04-14 15:27:02,2026-04-22 11:52:31,2026-04-22 11:52:36,inspected,not_determined,unknown,none,yes,low,AMBIGUOUS,
68671000,NYPD,Illegal Parking,Closed,1,PASS,PASS,PASS,PASS,NA,PASS,,,ANSWERABLE,ANSWERABLE,2026-04-14 17:25:18,2026-04-14 18:05:54,2026-04-14 18:05:58,responded,no_violation,unknown,resident,no,high,MATCHED,8.0
68671500,NYPD,Noise - Street/Sidewalk,Closed,1,PASS,PASS,PASS,UNKNOWN,NA,PASS,,A3,ANSWERABLE,UNKNOWN,2026-04-14 09:03:21,2026-04-14 11:04:23,2026-04-14 11:04:26,responded,no_violation,yes,resident,no,medium,MATCHED,8.0
68673000,NYPD,Noise - Residential,Closed,1,PASS,PASS,PASS,PASS,NA,PASS,,,ANSWERABLE,ANSWERABLE,2026-04-15 18:57:52,2026-04-15 20:37:23,2026-04-15 20:37:26,responded,no_violation,unknown,resident,no,high,MATCHED,8.0
68673500,NYPD,Abandoned Vehicle,Closed,1,PASS,PASS,PASS,UNKNOWN,NA,PASS,,A3,ANSWERABLE,UNKNOWN,2026-04-15 16:37:08,2026-04-15 18:27:49,2026-04-15 18:27:53,responded,no_violation,yes,resident,no,medium,MATCHED,8.0
68674500,NYPD,Noise - Residential,Closed,1,PASS,PASS,PASS,PASS,NA,PASS,,,ANSWERABLE,ANSWERABLE,2026-04-15 09:06:35,2026-04-15 11:56:00,2026-04-15 11:56:03,no_access,not_determined,unknown,resident,no,high,MATCHED,8.0
68675000,NYPD,Abandoned Vehicle,Closed,1,PASS,PASS,PASS,PASS,NA,PASS,,,ANSWERABLE,ANSWERABLE,2026-04-15 18:58:12,2026-04-15 22:57:51,2026-04-15 22:57:55,responded,no_violation,unknown,resident,no,high,MATCHED,8.0
68676000,NYPD,Noise - Residential,Closed,1,PASS,PASS,PASS,PASS,NA,PASS,,,ANSWERABLE,ANSWERABLE,2026-04-15 11:06:20,2026-04-15 21:11:34,2026-04-15 21:11:40,responded,no_violation,unknown,resident,no,high,MATCHED,8.0
68676500,NYPD,Blocked Driveway,Closed,1,PASS,PASS,PASS,PASS,NA,PASS,,,ANSWERABLE,ANSWERABLE,2026-04-15 23:37:00,2026-04-16 12:30:20,2026-04-16 12:30:23,responded,no_violation,unknown,resident,no,high,MATCHED,8.0
68677500,NYPD,Noise - Residential,Closed,1,PASS,PASS,PASS,PASS,NA,PASS,,,ANSWERABLE,ANSWERABLE,2026-04-15 11:25:46,2026-04-15 21:11:30,2026-04-15 21:11:38,responded,no_violation,unknown,resident,no,high,MATCHED,8.0
68679000,NYPD,Noise - Residential,Closed,1,PASS,PASS,PASS,PASS,NA,PASS,,,ANSWERABLE,ANSWERABLE,2026-04-15 16:56:26,2026-04-15 19:09:24,2026-04-15 19:09:27,responded,no_violation,unknown,resident,no,high,MATCHED,8.0
68679500,NYPD,Abandoned Vehicle,Closed,1,PASS,PASS,PASS,UNKNOWN,NA,PASS,,A3,ANSWERABLE,UNKNOWN,2026-04-15 06:51:35,2026-04-15 13:03:06,2026-04-15 13:03:10,responded,no_violation,yes,resident,no,medium,MATCHED,8.0
68680500,NYPD,Noise - Residential,Closed,1,PASS,PASS,PASS,PASS,NA,PASS,,,ANSWERABLE,ANSWERABLE,2026-04-15 12:27:52,2026-04-15 21:11:51,2026-04-15 21:11:53,responded,no_violation,unknown,resident,no,high,MATCHED,8.0
68681000,NYPD,Abandoned Vehicle,Closed,1,PASS,PASS,PASS,UNKNOWN,NA,PASS,,A3,ANSWERABLE,UNKNOWN,2026-04-15 11:33:04,2026-04-15 13:53:51,2026-04-15 13:53:58,responded,not_determined,unknown,none,no,medium,MATCHED,8.0
68682000,NYPD,Noise - Residential,Closed,1,PASS,PASS,PASS,UNKNOWN,NA,PASS,,A3,ANSWERABLE,UNKNOWN,2026-04-15 10:59:34,2026-04-15 12:30:58,2026-04-15 12:31:02,responded,no_violation,yes,resident,no,medium,MATCHED,8.0
68682500,NYPD,Blocked Driveway,Closed,1,PASS,PASS,PASS,PASS,NA,PASS,,,ANSWERABLE,ANSWERABLE,2026-04-15 23:12:12,2026-04-16 03:14:25,2026-04-16 03:14:27,responded,no_violation,unknown,resident,no,high,MATCHED,8.0
68683500,NYPD,Noise - Residential,Closed,1,PASS,PASS,PASS,PASS,NA,PASS,,,ANSWERABLE,ANSWERABLE,2026-04-15 12:22:34,2026-04-15 21:10:55,2026-04-15 21:11:01,responded,no_violation,unknown,resident,no,high,MATCHED,8.0
68685000,NYPD,Noise - Residential,Closed,1,PASS,PASS,PASS,PASS,NA,PASS,,,ANSWERABLE,ANSWERABLE,2026-04-16 16:17:28,2026-04-16 21:05:07,2026-04-16 21:05:10,responded,no_violation,unknown,resident,no,high,MATCHED,8.0
68686500,NYPD,Noise - Residential,Closed,1,PASS,PASS,PASS,PASS,NA,PASS,,,ANSWERABLE,ANSWERABLE,2026-04-16 22:49:22,2026-04-17 00:01:45,2026-04-17 00:01:49,responded,no_violation,unknown,resident,no,high,MATCHED,8.0
68687000,DOT,Curb Condition,Closed,1,PASS,PASS,UNKNOWN,UNKNOWN,NA,FAIL,A5,A5,FAIL,FAIL,2026-04-16 10:11:53,2026-05-08 09:57:09,2026-05-08 09:57:12,inspected,not_determined,unknown,none,yes,low,MATCHED,720.0
68688000,NYPD,Noise - Residential,Closed,1,PASS,PASS,PASS,PASS,NA,PASS,,,ANSWERABLE,ANSWERABLE,2026-04-17 00:26:45,2026-04-17 01:39:27,2026-04-17 01:39:32,no_access,not_determined,unknown,resident,no,high,MATCHED,8.0
68689500,NYPD,Noise - Residential,Closed,1,PASS,PASS,PASS,UNKNOWN,NA,PASS,,A3,ANSWERABLE,UNKNOWN,2026-04-16 23:00:01,2026-04-16 23:38:55,2026-04-16 23:38:59,responded,no_violation,yes,resident,no,medium,MATCHED,8.0
68691000,NYPD,Noise - Street/Sidewalk,Closed,1,PASS,PASS,PASS,UNKNOWN,NA,PASS,,A3,ANSWERABLE,UNKNOWN,2026-04-16 11:35:44,2026-04-16 12:19:21,2026-04-16 12:19:26,responded,no_violation,yes,resident,no,medium,MATCHED,8.0
68692000,NYPD,Illegal Parking,Closed,1,PASS,PASS,PASS,UNKNOWN,NA,PASS,,A3,ANSWERABLE,UNKNOWN,2026-04-16 21:52:22,2026-04-17 01:20:58,2026-04-17 01:21:01,responded,no_violation,yes,resident,no,medium,MATCHED,8.0
68692500,NYPD,Noise - Street/Sidewalk,Closed,1,PASS,PASS,PASS,PASS,NA,PASS,,,ANSWERABLE,ANSWERABLE,2026-04-16 15:02:23,2026-04-16 18:38:54,2026-04-16 18:38:56,responded,no_violation,unknown,resident,no,high,MATCHED,8.0
68693000,DOT,Sidewalk Condition,Closed,1,PASS,PASS,UNKNOWN,UNKNOWN,NA,UNKNOWN,A3,A3,UNKNOWN,UNKNOWN,2026-04-16 08:08:28,2026-05-08 11:21:38,2026-05-08 11:21:42,,,,,,,MATCHED,720.0
68693500,NYPD,Illegal Parking,Closed,1,PASS,PASS,PASS,PASS,NA,PASS,,,ANSWERABLE,ANSWERABLE,2026-04-16 16:50:54,2026-04-16 16:55:17,2026-04-16 16:55:21,summons_issued,violation,unknown,none,no,high,MATCHED,8.0
68694000,HPD,DOOR/WINDOW,Closed,1,PASS,PASS,PASS,PASS,NA,PASS,,,ANSWERABLE,ANSWERABLE,2026-04-16 16:37:04,2026-04-17 20:06:59,2026-04-17 20:06:59,inspected,no_violation,unknown,none,no,high,MATCHED,192.0
68694500,NYPD,Illegal Parking,Closed,1,PASS,PASS,PASS,UNKNOWN,NA,PASS,,A3,ANSWERABLE,UNKNOWN,2026-04-16 18:38:46,2026-04-16 20:19:54,2026-04-16 20:19:57,responded,no_violation,yes,resident,no,medium,MATCHED,8.0
68695000,NYPD,Illegal Parking,Closed,1,PASS,PASS,PASS,UNKNOWN,NA,PASS,,A3,ANSWERABLE,UNKNOWN,2026-04-16 11:49:11,2026-04-16 16:52:43,2026-04-16 16:52:46,responded,no_violation,yes,resident,no,medium,MATCHED,8.0
68695500,HPD,GENERAL,Closed,1,PASS,PASS,PASS,PASS,NA,PASS,,,ANSWERABLE,ANSWERABLE,2026-04-16 05:34:17,2026-04-17 13:49:17,2026-04-17 13:49:17,inspected,violation,unknown,none,partial,high,MATCHED,192.0
68696000,DOT,Street Condition,Closed,1,PASS,PASS,PASS,PASS,NA,PASS,,,ANSWERABLE,ANSWERABLE,2026-04-16 14:30:07,2026-04-20 07:25:24,2026-04-20 07:25:30,inspected,condition_confirmed,no,agency,no,high,MATCHED,2160.0
68696500,NYPD,Illegal Parking,Closed,1,PASS,PASS,PASS,PASS,NA,PASS,,,ANSWERABLE,ANSWERABLE,2026-04-17 09:30:13,2026-04-17 10:06:15,2026-04-17 10:06:18,summons_issued,violation,unknown,none,no,high,MATCHED,8.0
68697000,HPD,DOOR/WINDOW,Closed,1,PASS,PASS,PASS,PASS,NA,PASS,,,ANSWERABLE,ANSWERABLE,2026-04-17 15:23:21,2026-04-22 15:56:47,2026-04-22 15:56:47,inspected,no_violation,unknown,none,no,high,AMBIGUOUS,
68697500,DOT,Street Sign - Missing,Closed,1,PASS,PASS,PASS,UNKNOWN,NA,PASS,,A3,ANSWERABLE,UNKNOWN,2026-04-17 07:29:04,2026-04-22 14:24:38,2026-04-22 14:24:42,repaired,not_applicable,yes,none,no,medium,MATCHED,336.0
68698000,NYPD,Illegal Parking,Closed,1,PASS,PASS,PASS,PASS,NA,PASS,,,ANSWERABLE,ANSWERABLE,2026-04-17 05:04:41,2026-04-17 06:21:24,2026-04-17 06:21:27,responded,no_violation,unknown,resident,no,high,MATCHED,8.0
68698500,HPD,HEAT/HOT WATER,Closed,1,PASS,PASS,PASS,UNKNOWN,NA,PASS,,A3,ANSWERABLE,UNKNOWN,2026-04-17 09:21:41,2026-04-17 17:29:13,2026-04-17 17:29:13,contacted,not_applicable,yes,resident,no,medium,MATCHED,72.0
68699000,NYPD,Illegal Parking,Closed,1,PASS,PASS,PASS,PASS,NA,PASS,,,ANSWERABLE,ANSWERABLE,2026-04-17 14:50:52,2026-04-17 18:00:49,2026-04-17 18:00:55,responded,no_violation,unknown,resident,no,high,MATCHED,8.0
68699500,NYPD,Illegal Parking,Closed,1,PASS,PASS,PASS,PASS,NA,PASS,,,ANSWERABLE,ANSWERABLE,2026-04-17 07:43:41,2026-04-17 10:58:05,2026-04-17 10:58:08,responded,no_violation,unknown,resident,no,high,MATCHED,8.0
68700000,HPD,HEAT/HOT WATER,Closed,1,PASS,PASS,PASS,UNKNOWN,NA,PASS,,A3,ANSWERABLE,UNKNOWN,2026-04-17 18:26:14,2026-04-18 16:48:43,2026-04-18 16:48:43,contacted,not_applicable,yes,resident,no,medium,MATCHED,72.0
68701000,DOB,General Construction/Plumbing,Closed,1,PASS,PASS,PASS,PASS,NA,PASS,,,ANSWERABLE,ANSWERABLE,2026-04-17 07:28:05,2026-06-09 00:00:00,2026-06-09 00:00:00,inspected,not_determined,unknown,none,no,high,UNMATCHED,
68701500,HPD,UNSANITARY CONDITION,Closed,1,PASS,PASS,PASS,PASS,NA,PASS,,,ANSWERABLE,ANSWERABLE,2026-04-17 17:55:07,2026-05-01 16:17:15,2026-05-01 16:17:15,inspected,no_violation,unknown,none,no,high,AMBIGUOUS,
68702000,NYPD,Illegal Parking,Closed,1,PASS,PASS,PASS,PASS,NA,PASS,,,ANSWERABLE,ANSWERABLE,2026-04-17 11:54:02,2026-04-17 14:33:53,2026-04-17 14:33:56,summons_issued,violation,unknown,none,no,high,MATCHED,8.0
68702500,NYPD,Blocked Driveway,Closed,1,PASS,PASS,PASS,PASS,NA,PASS,,,ANSWERABLE,ANSWERABLE,2026-04-17 12:33:57,2026-04-17 14:37:48,2026-04-17 14:37:51,summons_issued,violation,unknown,none,no,high,MATCHED,8.0
68703000,HPD,SAFETY,Closed,1,PASS,PASS,PASS,UNKNOWN,NA,PASS,,A3,ANSWERABLE,UNKNOWN,2026-04-17 17:27:39,2026-04-27 20:53:14,2026-04-27 20:53:14,other,not_determined,unknown,resident,partial,medium,MATCHED,72.0
68704000,NYPD,Blocked Driveway,Closed,1,PASS,PASS,PASS,PASS,NA,PASS,,,ANSWERABLE,ANSWERABLE,2026-04-18 00:03:41,2026-04-18 00:12:53,2026-04-18 00:12:55,summons_issued,violation,unknown,none,no,high,MATCHED,8.0
68704500,DOT,Street Condition,Closed,1,PASS,PASS,PASS,PASS,NA,PASS,,,ANSWERABLE,ANSWERABLE,2026-04-17 09:50:46,2026-05-12 11:45:00,2026-05-12 11:45:00,inspected,not_applicable,yes,none,no,high,AMBIGUOUS,
68705500,NYPD,Noise - Commercial,Closed,1,PASS,PASS,PASS,UNKNOWN,NA,PASS,,A3,ANSWERABLE,UNKNOWN,2026-04-18 00:20:44,2026-04-18 01:40:59,2026-04-18 01:41:05,responded,no_violation,yes,resident,no,medium,MATCHED,8.0
68706000,NYPD,Abandoned Vehicle,Closed,1,PASS,PASS,PASS,UNKNOWN,NA,PASS,,A3,ANSWERABLE,UNKNOWN,2026-04-17 18:17:22,2026-04-17 22:23:02,2026-04-17 22:23:05,responded,no_violation,yes,resident,no,medium,MATCHED,8.0
68707000,NYPD,Noise - Residential,Closed,1,PASS,PASS,PASS,UNKNOWN,NA,PASS,,A3,ANSWERABLE,UNKNOWN,2026-04-17 23:12:36,2026-04-17 23:42:19,2026-04-17 23:42:22,responded,no_violation,yes,resident,no,medium,MATCHED,8.0
68708500,NYPD,Noise - Residential,Closed,1,PASS,PASS,PASS,PASS,NA,PASS,,,ANSWERABLE,ANSWERABLE,2026-04-18 04:08:38,2026-04-18 16:47:21,2026-04-18 16:47:24,responded,no_violation,unknown,resident,no,high,MATCHED,8.0
68709000,NYPD,Illegal Parking,Closed,1,PASS,PASS,PASS,PASS,NA,PASS,,,ANSWERABLE,ANSWERABLE,2026-04-18 16:26:35,2026-04-18 17:38:45,2026-04-18 17:38:48,summons_issued,violation,unknown,none,no,high,MATCHED,8.0
68709500,DOT,Street Condition,Closed,1,PASS,PASS,PASS,PASS,NA,PASS,,,ANSWERABLE,ANSWERABLE,2026-04-17 16:03:07,2026-04-18 14:50:00,2026-04-18 14:50:00,repaired,condition_confirmed,yes,none,no,high,AMBIGUOUS,
68710000,DOB,Elevator,Closed,1,PASS,PASS,UNKNOWN,UNKNOWN,NA,PASS,A3,A3,UNKNOWN,UNKNOWN,2026-04-18 15:17:14,2026-04-24 00:00:00,2026-04-24 00:00:00,reviewed,not_determined,unknown,resident,no,low,MATCHED,960.0
68711000,NYPD,Noise - Residential,Closed,1,PASS,PASS,PASS,UNKNOWN,NA,PASS,,A3,ANSWERABLE,UNKNOWN,2026-04-19 00:28:43,2026-04-19 01:25:51,2026-04-19 01:25:57,responded,no_violation,yes,resident,no,medium,MATCHED,8.0
68711500,NYPD,Encampment,Closed,1,PASS,PASS,PASS,PASS,NA,PASS,,,ANSWERABLE,ANSWERABLE,2026-04-18 23:48:13,2026-04-19 00:14:45,2026-04-19 00:14:49,referred,condition_confirmed,no,agency,no,high,MATCHED,4.0
68712000,NYPD,Blocked Driveway,Closed,1,PASS,PASS,PASS,PASS,NA,PASS,,,ANSWERABLE,ANSWERABLE,2026-04-18 20:03:06,2026-04-18 20:17:33,2026-04-18 20:17:40,summons_issued,violation,unknown,none,no,high,MATCHED,8.0
68712500,DOB,Elevator,Closed,1,PASS,PASS,UNKNOWN,UNKNOWN,NA,PASS,A3,A3,UNKNOWN,UNKNOWN,2026-04-18 18:20:39,2026-04-24 00:00:00,2026-04-24 00:00:00,reviewed,not_determined,unknown,resident,no,low,MATCHED,960.0
68713000,NYPD,Illegal Parking,Closed,1,PASS,PASS,PASS,PASS,NA,PASS,,,ANSWERABLE,ANSWERABLE,2026-04-18 20:57:04,2026-04-18 23:02:19,2026-04-18 23:02:22,responded,no_violation,unknown,resident,no,high,MATCHED,8.0
68713500,NYPD,Noise - Street/Sidewalk,Closed,1,PASS,PASS,PASS,UNKNOWN,NA,PASS,,A3,ANSWERABLE,UNKNOWN,2026-04-18 17:43:43,2026-04-18 18:11:41,2026-04-18 18:11:46,responded,no_violation,yes,resident,no,medium,MATCHED,8.0
68714000,NYPD,Illegal Parking,Closed,1,PASS,PASS,PASS,PASS,NA,PASS,,,ANSWERABLE,ANSWERABLE,2026-04-18 21:17:52,2026-04-19 04:40:06,2026-04-19 04:40:11,responded,no_violation,unknown,resident,no,high,MATCHED,8.0
68714500,DOB,General Construction/Plumbing,Closed,1,PASS,PASS,PASS,PASS,NA,PASS,,,ANSWERABLE,ANSWERABLE,2026-04-18 09:30:41,2026-04-21 00:00:00,2026-04-21 00:00:00,inspected,not_determined,unknown,none,no,high,UNMATCHED,
68715000,DOT,Street Condition,Pending,1,PASS,PASS,PASS,PASS,UNKNOWN,PASS,A4,A4,UNKNOWN,UNKNOWN,2026-04-18 18:33:33,,2026-04-19 20:05:00,referred,not_determined,unknown,agency,no,high,AMBIGUOUS,
68716000,NYPD,Noise - Residential,Closed,1,PASS,PASS,PASS,PASS,NA,PASS,,,ANSWERABLE,ANSWERABLE,2026-04-18 23:33:49,2026-04-19 01:16:26,2026-04-19 01:16:29,responded,no_violation,unknown,resident,no,high,MATCHED,8.0
68717000,NYPD,Blocked Driveway,Closed,1,PASS,PASS,PASS,PASS,NA,PASS,,,ANSWERABLE,ANSWERABLE,2026-04-18 20:20:30,2026-04-19 01:03:21,2026-04-19 01:03:23,responded,no_violation,unknown,resident,no,high,MATCHED,8.0
68717500,NYPD,Blocked Driveway,Closed,1,PASS,PASS,PASS,PASS,NA,PASS,,,ANSWERABLE,ANSWERABLE,2026-04-19 01:47:31,2026-04-19 09:19:10,2026-04-19 09:19:13,responded,no_violation,unknown,resident,no,high,MATCHED,8.0
68718000,NYPD,Illegal Parking,Closed,1,PASS,PASS,PASS,PASS,NA,PASS,,,ANSWERABLE,ANSWERABLE,2026-04-19 12:56:54,2026-04-19 13:19:11,2026-04-19 13:19:15,responded,no_violation,unknown,resident,no,high,MATCHED,8.0
68718500,HPD,HEAT/HOT WATER,Closed,1,PASS,PASS,PASS,UNKNOWN,NA,PASS,,A3,ANSWERABLE,UNKNOWN,2026-04-19 20:10:47,2026-04-20 14:49:06,2026-04-20 14:49:06,contacted,not_applicable,yes,resident,no,medium,MATCHED,72.0
68719000,NYPD,Illegal Parking,Closed,1,PASS,PASS,PASS,PASS,NA,PASS,,,ANSWERABLE,ANSWERABLE,2026-04-19 18:37:37,2026-04-19 19:17:05,2026-04-19 19:17:09,summons_issued,violation,unknown,none,no,high,MATCHED,8.0
68719500,HPD,HEAT/HOT WATER,Closed,1,PASS,PASS,PASS,PASS,NA,PASS,,,ANSWERABLE,ANSWERABLE,2026-04-19 13:54:42,2026-04-21 18:01:57,2026-04-21 18:01:57,duplicate,not_determined,no,agency,partial,high,MATCHED,72.0
68720000,NYPD,Illegal Parking,Closed,1,PASS,PASS,PASS,PASS,NA,PASS,,,ANSWERABLE,ANSWERABLE,2026-04-19 22:59:58,2026-04-20 06:21:19,2026-04-20 06:21:22,responded,no_violation,unknown,resident,no,high,MATCHED,8.0
68720500,NYPD,Noise - Residential,Closed,1,PASS,PASS,PASS,PASS,NA,PASS,,,ANSWERABLE,ANSWERABLE,2026-04-19 02:19:12,2026-04-19 21:47:20,2026-04-19 21:47:26,responded,no_violation,unknown,resident,no,high,MATCHED,8.0
68721500,NYPD,Noise - Residential,Closed,1,PASS,PASS,PASS,UNKNOWN,NA,PASS,,A3,ANSWERABLE,UNKNOWN,2026-04-19 20:25:05,2026-04-19 21:21:54,2026-04-19 21:21:59,responded,no_violation,yes,resident,no,medium,MATCHED,8.0
68722500,NYPD,Noise - Residential,Closed,1,PASS,PASS,PASS,UNKNOWN,NA,PASS,,A3,ANSWERABLE,UNKNOWN,2026-04-19 09:34:18,2026-04-19 10:27:16,2026-04-19 10:27:21,responded,no_violation,yes,resident,no,medium,MATCHED,8.0
68723000,DOT,Sidewalk Condition,Closed,1,PASS,PASS,PASS,PASS,NA,PASS,,,ANSWERABLE,ANSWERABLE,2026-04-19 19:08:54,2026-04-21 07:38:26,2026-04-21 07:38:29,inspected,no_violation,unknown,resident,no,high,MATCHED,72.0
68723500,NYPD,Noise - Commercial,Closed,1,PASS,PASS,PASS,UNKNOWN,NA,PASS,,A3,ANSWERABLE,UNKNOWN,2026-04-19 21:13:14,2026-04-19 21:34:14,2026-04-19 21:34:18,responded,no_violation,yes,resident,no,medium,MATCHED,8.0
68724000,NYPD,Noise - Commercial,Closed,1,PASS,PASS,PASS,UNKNOWN,NA,PASS,,A3,ANSWERABLE,UNKNOWN,2026-04-20 00:56:33,2026-04-20 02:53:52,2026-04-20 02:53:55,responded,no_violation,yes,resident,no,medium,MATCHED,8.0
68724500,NYPD,Blocked Driveway,Closed,1,PASS,PASS,PASS,PASS,NA,PASS,,,ANSWERABLE,ANSWERABLE,2026-04-19 15:07:15,2026-04-19 16:36:10,2026-04-19 16:36:13,responded,no_violation,unknown,resident,no,high,MATCHED,8.0
68725500,DOB,General Construction/Plumbing,Closed,1,PASS,PASS,PASS,PASS,NA,PASS,,,ANSWERABLE,ANSWERABLE,2026-04-19 16:00:56,2026-06-01 00:00:00,2026-06-01 00:00:00,inspected,not_determined,unknown,none,no,high,UNMATCHED,
68726000,NYPD,Abandoned Vehicle,Closed,1,PASS,PASS,PASS,PASS,NA,PASS,,,ANSWERABLE,ANSWERABLE,2026-04-19 20:40:20,2026-04-20 01:19:19,2026-04-20 01:19:24,responded,no_violation,unknown,resident,no,high,MATCHED,8.0
68726500,NYPD,Illegal Parking,Closed,1,PASS,PASS,PASS,UNKNOWN,NA,PASS,,A3,ANSWERABLE,UNKNOWN,2026-04-20 08:29:05,2026-04-20 11:50:06,2026-04-20 11:50:09,responded,no_violation,yes,resident,no,medium,MATCHED,8.0
68727000,HPD,HEAT/HOT WATER,Open,1,PASS,PASS,PASS,UNKNOWN,PASS,PASS,,A3,ANSWERABLE,UNKNOWN,2026-04-20 08:41:12,,2026-04-21 15:30:14,owner_notified,not_determined,no,agency,no,medium,MATCHED,72.0
68728000,NYPD,Illegal Parking,Closed,1,PASS,PASS,PASS,PASS,NA,PASS,,,ANSWERABLE,ANSWERABLE,2026-04-20 09:21:48,2026-04-20 09:52:26,2026-04-20 09:52:30,summons_issued,violation,unknown,none,no,high,MATCHED,8.0
68728500,HPD,HEAT/HOT WATER,Closed,1,PASS,PASS,PASS,PASS,NA,PASS,,,ANSWERABLE,ANSWERABLE,2026-04-20 23:48:53,2026-04-22 02:18:59,2026-04-22 02:18:59,no_access,not_determined,unknown,resident,no,high,MATCHED,72.0
68729500,NYPD,Blocked Driveway,Closed,1,PASS,PASS,PASS,PASS,NA,PASS,,,ANSWERABLE,ANSWERABLE,2026-04-20 18:56:40,2026-04-20 22:52:36,2026-04-20 22:52:34,responded,no_violation,unknown,resident,no,high,MATCHED,8.0
68730000,HPD,PLUMBING,Closed,1,PASS,PASS,PASS,PASS,NA,PASS,,,ANSWERABLE,ANSWERABLE,2026-04-20 06:15:15,2026-05-15 06:14:25,2026-05-15 06:14:25,no_access,not_determined,unknown,resident,no,high,AMBIGUOUS,
68731500,HPD,HEAT/HOT WATER,Closed,1,PASS,PASS,PASS,UNKNOWN,NA,PASS,,A3,ANSWERABLE,UNKNOWN,2026-04-20 05:18:16,2026-04-21 19:26:32,2026-04-21 19:26:32,contacted,not_applicable,yes,resident,no,medium,MATCHED,72.0
68732500,NYPD,Noise - Vehicle,Closed,1,PASS,PASS,PASS,PASS,NA,PASS,,,ANSWERABLE,ANSWERABLE,2026-04-20 21:08:41,2026-04-20 22:07:40,2026-04-20 22:07:43,responded,no_violation,unknown,resident,no,high,MATCHED,8.0
68733000,HPD,UNSANITARY CONDITION,Closed,1,PASS,PASS,PASS,PASS,NA,PASS,,,ANSWERABLE,ANSWERABLE,2026-04-20 10:09:25,2026-08-26 02:10:08,2026-08-26 02:10:08,inspected,no_violation,unknown,none,no,high,MATCHED,192.0
68734000,DOT,Street Condition,Closed,1,PASS,PASS,PASS,UNKNOWN,NA,PASS,,A3,ANSWERABLE,UNKNOWN,2026-04-20 14:32:03,2026-04-20 16:32:00,2026-04-20 16:32:00,duplicate,not_determined,unknown,agency,no,medium,AMBIGUOUS,
68734500,HPD,HEAT/HOT WATER,Closed,1,PASS,PASS,PASS,PASS,NA,PASS,,,ANSWERABLE,ANSWERABLE,2026-04-20 11:16:33,2026-04-20 20:45:04,2026-04-20 20:45:04,no_access,not_determined,unknown,resident,no,high,MATCHED,72.0
68735500,NYPD,Noise - Residential,Closed,1,PASS,PASS,PASS,PASS,NA,PASS,,,ANSWERABLE,ANSWERABLE,2026-04-20 21:04:55,2026-04-21 00:24:47,2026-04-21 00:24:51,responded,no_violation,unknown,resident,no,high,MATCHED,8.0
68736000,DOT,Street Condition,Closed,1,PASS,PASS,PASS,PASS,NA,PASS,,,ANSWERABLE,ANSWERABLE,2026-04-20 16:02:59,2026-04-28 11:37:00,2026-04-28 11:37:00,repaired,condition_confirmed,yes,none,no,high,AMBIGUOUS,
68737000,NYPD,Noise - Commercial,Closed,1,PASS,PASS,PASS,PASS,NA,PASS,,,ANSWERABLE,ANSWERABLE,2026-04-20 08:16:03,2026-04-20 11:13:12,2026-04-20 11:13:18,responded,no_violation,unknown,resident,no,high,MATCHED,8.0
68737500,DOT,Street Condition,Closed,1,PASS,PASS,PASS,PASS,NA,PASS,,,ANSWERABLE,ANSWERABLE,2026-04-20 12:26:40,2026-05-12 11:31:00,2026-05-12 11:31:00,inspected,not_applicable,yes,none,no,high,AMBIGUOUS,
68738000,DOT,Bike Rack,Closed,1,PASS,PASS,UNKNOWN,UNKNOWN,NA,UNKNOWN,A3,A3,UNKNOWN,UNKNOWN,2026-04-20 17:58:38,2026-04-22 17:44:04,2026-04-22 17:44:07,,,,,,,UNMATCHED,
68738500,NYPD,Noise - Residential,Closed,1,PASS,PASS,PASS,PASS,NA,PASS,,,ANSWERABLE,ANSWERABLE,2026-04-21 23:19:15,2026-04-22 00:07:21,2026-04-22 00:07:26,responded,no_violation,unknown,resident,no,high,MATCHED,8.0
68739000,HPD,APPLIANCE,Closed,1,PASS,PASS,PASS,UNKNOWN,NA,PASS,,A3,ANSWERABLE,UNKNOWN,2026-04-21 09:45:38,2026-05-29 07:51:38,2026-05-29 07:51:38,other,not_determined,unknown,resident,partial,medium,AMBIGUOUS,
68740000,NYPD,Noise - Residential,Closed,1,PASS,PASS,PASS,PASS,NA,FAIL,A5,A5,FAIL,FAIL,2026-04-21 22:45:20,2026-04-21 23:31:12,2026-04-21 23:31:15,not_jurisdiction,not_applicable,unknown,resident,yes,high,MATCHED,8.0
68741500,NYPD,Noise - Residential,Closed,1,PASS,PASS,PASS,PASS,NA,PASS,,,ANSWERABLE,ANSWERABLE,2026-04-21 15:37:18,2026-04-21 17:00:31,2026-04-21 17:00:35,responded,no_violation,unknown,resident,no,high,MATCHED,8.0
68742000,NYPD,Abandoned Vehicle,Closed,1,PASS,PASS,PASS,PASS,NA,PASS,,,ANSWERABLE,ANSWERABLE,2026-04-21 08:24:22,2026-04-21 11:31:55,2026-04-21 11:31:59,responded,no_violation,unknown,resident,no,high,MATCHED,8.0
68743000,NYPD,Noise - Residential,Closed,1,PASS,PASS,PASS,UNKNOWN,NA,PASS,,A3,ANSWERABLE,UNKNOWN,2026-04-21 18:53:47,2026-04-21 21:53:03,2026-04-21 21:53:07,responded,no_violation,yes,resident,no,medium,MATCHED,8.0
68743500,DOT,Broken Parking Meter,Closed,1,PASS,PASS,UNKNOWN,UNKNOWN,NA,FAIL,A5,A5,FAIL,FAIL,2026-04-21 15:26:31,2026-04-25 05:37:23,2026-04-25 05:37:28,inspected,not_determined,unknown,none,yes,low,MATCHED,504.0
68744000,DOT,Street Condition,Closed,1,PASS,PASS,PASS,UNKNOWN,NA,PASS,,A3,ANSWERABLE,UNKNOWN,2026-04-21 08:15:09,2026-04-21 16:00:58,2026-04-21 16:01:02,inspected,no_violation,unknown,none,no,medium,MATCHED,240.0
68744500,NYPD,Noise - Street/Sidewalk,Closed,1,PASS,PASS,PASS,UNKNOWN,NA,PASS,,A3,ANSWERABLE,UNKNOWN,2026-04-21 13:25:23,2026-04-21 13:40:24,2026-04-21 13:40:29,responded,no_violation,yes,resident,no,medium,MATCHED,8.0
68745000,NYPD,Abandoned Vehicle,Closed,1,PASS,PASS,PASS,UNKNOWN,NA,PASS,,A3,ANSWERABLE,UNKNOWN,2026-04-21 23:06:30,2026-04-21 23:33:12,2026-04-21 23:33:15,responded,no_violation,yes,resident,no,medium,MATCHED,8.0
68746000,NYPD,Noise - Residential,Closed,1,PASS,PASS,PASS,PASS,NA,PASS,,,ANSWERABLE,ANSWERABLE,2026-04-21 05:45:53,2026-04-21 06:22:29,2026-04-21 06:22:32,responded,no_violation,unknown,resident,no,high,MATCHED,8.0
68746500,NYPD,Abandoned Vehicle,Closed,1,PASS,PASS,PASS,PASS,NA,FAIL,A5,A5,FAIL,FAIL,2026-04-21 13:09:56,2026-04-21 19:35:51,2026-04-21 19:35:55,not_jurisdiction,not_applicable,unknown,resident,yes,high,MATCHED,8.0
68747500,NYPD,Noise - Residential,Closed,1,PASS,PASS,PASS,UNKNOWN,NA,PASS,,A3,ANSWERABLE,UNKNOWN,2026-04-21 15:04:59,2026-04-21 16:50:45,2026-04-21 16:50:51,responded,no_violation,yes,resident,no,medium,MATCHED,8.0
68749000,NYPD,Noise - Street/Sidewalk,Closed,1,PASS,PASS,PASS,PASS,NA,PASS,,,ANSWERABLE,ANSWERABLE,2026-04-21 16:56:31,2026-04-21 17:46:14,2026-04-21 17:46:17,responded,no_violation,unknown,resident,no,high,MATCHED,8.0
68749500,NYPD,Abandoned Vehicle,Closed,1,PASS,PASS,PASS,PASS,NA,PASS,,,ANSWERABLE,ANSWERABLE,2026-04-21 10:01:00,2026-04-21 11:12:04,2026-04-21 11:12:06,summons_issued,violation,unknown,none,no,high,MATCHED,8.0
68750500,HPD,DOOR/WINDOW,Closed,1,PASS,PASS,PASS,UNKNOWN,NA,PASS,,A3,ANSWERABLE,UNKNOWN,2026-04-22 11:24:22,2026-05-04 09:20:03,2026-05-04 09:20:03,other,not_determined,unknown,resident,partial,medium,AMBIGUOUS,
68751000,NYPD,Illegal Parking,Closed,1,PASS,PASS,PASS,PASS,NA,PASS,,,ANSWERABLE,ANSWERABLE,2026-04-22 11:49:27,2026-04-23 02:48:21,2026-04-23 02:48:30,responded,no_violation,unknown,resident,no,high,MATCHED,8.0
68751500,NYPD,Illegal Parking,Closed,1,PASS,PASS,PASS,PASS,NA,PASS,,,ANSWERABLE,ANSWERABLE,2026-04-22 22:18:34,2026-04-22 22:35:53,2026-04-22 22:35:58,responded,no_violation,unknown,resident,no,high,MATCHED,8.0
68752000,HPD,HEAT/HOT WATER,Closed,1,PASS,PASS,PASS,PASS,NA,PASS,,,ANSWERABLE,ANSWERABLE,2026-04-22 13:58:08,2026-04-24 15:02:23,2026-04-24 15:02:23,no_access,not_determined,unknown,resident,no,high,MATCHED,72.0
68753000,NYPD,Blocked Driveway,Closed,1,PASS,PASS,PASS,PASS,NA,PASS,,,ANSWERABLE,ANSWERABLE,2026-04-22 11:53:58,2026-04-22 14:53:54,2026-04-22 14:53:57,responded,no_violation,unknown,resident,no,high,MATCHED,8.0
68753500,HPD,HEAT/HOT WATER,Closed,1,PASS,PASS,PASS,UNKNOWN,NA,PASS,,A3,ANSWERABLE,UNKNOWN,2026-04-22 07:35:32,2026-04-22 21:33:09,2026-04-22 21:33:09,contacted,not_applicable,yes,resident,no,medium,MATCHED,72.0
68754500,NYPD,Noise - Residential,Closed,1,PASS,PASS,PASS,PASS,NA,PASS,,,ANSWERABLE,ANSWERABLE,2026-04-22 16:16:14,2026-04-22 16:49:35,2026-04-22 16:49:43,responded,no_violation,unknown,resident,no,high,MATCHED,8.0
68755500,NYPD,Illegal Parking,Closed,1,PASS,PASS,PASS,PASS,NA,PASS,,,ANSWERABLE,ANSWERABLE,2026-04-22 22:08:29,2026-04-23 01:38:36,2026-04-23 01:38:39,summons_issued,violation,unknown,none,no,high,MATCHED,8.0
68756000,HPD,HEAT/HOT WATER,Closed,1,PASS,PASS,PASS,PASS,NA,PASS,,,ANSWERABLE,ANSWERABLE,2026-04-22 08:02:38,2026-04-23 08:25:34,2026-04-23 08:25:34,duplicate,not_determined,no,agency,partial,high,MATCHED,72.0
68757000,DOT,Traffic Signal Condition,Closed,1,PASS,PASS,UNKNOWN,UNKNOWN,NA,FAIL,A5,A5,FAIL,FAIL,2026-04-22 09:35:00,2026-04-22 11:30:00,2026-04-22 11:30:00,redirect,not_determined,unknown,none,yes,low,UNMATCHED,
68758000,DOB,General Construction/Plumbing,Closed,1,PASS,PASS,PASS,PASS,NA,PASS,,,ANSWERABLE,ANSWERABLE,2026-04-22 12:33:49,2026-04-28 00:00:00,2026-04-28 00:00:00,inspected,not_determined,unknown,none,no,high,UNMATCHED,
68758500,HPD,FLOORING/STAIRS,Closed,1,PASS,PASS,PASS,UNKNOWN,NA,PASS,,A3,ANSWERABLE,UNKNOWN,2026-04-22 10:29:48,2026-04-28 16:51:58,2026-04-28 16:51:58,other,not_determined,unknown,resident,partial,medium,AMBIGUOUS,
68759000,DOT,Sidewalk Condition,Closed,1,PASS,PASS,PASS,PASS,NA,PASS,,,ANSWERABLE,ANSWERABLE,2026-04-22 19:53:57,2026-04-24 08:05:16,2026-04-24 08:05:18,summons_issued,violation,no,agency,no,high,MATCHED,240.0
68759500,NYPD,Illegal Parking,Closed,1,PASS,PASS,PASS,PASS,NA,PASS,,,ANSWERABLE,ANSWERABLE,2026-04-22 14:51:25,2026-04-22 17:03:57,2026-04-22 17:04:02,responded,no_violation,unknown,resident,no,high,MATCHED,8.0
68760000,HPD,UNSANITARY CONDITION,Closed,1,PASS,PASS,PASS,UNKNOWN,NA,PASS,,A3,ANSWERABLE,UNKNOWN,2026-04-22 12:21:22,2026-04-23 12:16:31,2026-04-23 12:16:31,contacted,not_applicable,yes,resident,no,medium,MATCHED,192.0
68761000,NYPD,Noise - Commercial,Closed,1,PASS,PASS,PASS,PASS,NA,PASS,,,ANSWERABLE,ANSWERABLE,2026-04-23 17:01:03,2026-04-23 17:47:17,2026-04-23 17:47:19,summons_issued,violation,unknown,none,no,high,MATCHED,8.0
68761500,NYPD,Abandoned Vehicle,Closed,1,PASS,PASS,PASS,UNKNOWN,NA,PASS,,A3,ANSWERABLE,UNKNOWN,2026-04-23 19:21:48,2026-04-24 00:06:35,2026-04-24 00:06:39,responded,no_violation,yes,resident,no,medium,MATCHED,8.0
68762500,NYPD,Noise - Residential,Closed,1,PASS,PASS,PASS,PASS,NA,PASS,,,ANSWERABLE,ANSWERABLE,2026-04-23 09:09:20,2026-04-23 12:42:35,2026-04-23 12:42:39,responded,no_violation,unknown,resident,no,high,MATCHED,8.0
68763000,DOT,Sidewalk Condition,Closed,1,PASS,PASS,PASS,UNKNOWN,NA,PASS,,A3,ANSWERABLE,UNKNOWN,2026-04-23 16:41:49,2026-07-28 16:55:22,2026-07-28 16:55:25,repaired,not_applicable,yes,none,no,medium,AMBIGUOUS,
68764000,NYPD,Noise - Street/Sidewalk,Closed,1,PASS,PASS,PASS,UNKNOWN,NA,PASS,,A3,ANSWERABLE,UNKNOWN,2026-04-24 01:03:32,2026-04-24 01:12:28,2026-04-24 01:12:31,responded,no_violation,yes,resident,no,medium,MATCHED,8.0
68764500,DOT,Sidewalk Condition,Closed,1,PASS,PASS,PASS,PASS,NA,PASS,,,ANSWERABLE,ANSWERABLE,2026-04-23 11:44:59,2026-04-30 14:06:15,2026-04-30 14:06:21,received_only,not_determined,unknown,agency,no,high,AMBIGUOUS,
68765000,NYPD,Illegal Parking,Closed,1,PASS,PASS,PASS,PASS,NA,PASS,,,ANSWERABLE,ANSWERABLE,2026-04-23 14:09:59,2026-04-23 16:03:30,2026-04-23 16:03:34,responded,no_violation,unknown,resident,no,high,MATCHED,8.0
68765500,HPD,DOOR/WINDOW,Closed,1,PASS,PASS,PASS,PASS,NA,PASS,,,ANSWERABLE,ANSWERABLE,2026-04-23 14:01:04,2026-05-01 19:56:17,2026-05-01 19:56:17,inspected,no_violation,unknown,none,no,high,AMBIGUOUS,
68766000,NYPD,Noise - Vehicle,Closed,1,PASS,PASS,PASS,PASS,NA,PASS,,,ANSWERABLE,ANSWERABLE,2026-04-23 22:35:10,2026-04-24 04:56:22,2026-04-24 04:56:29,responded,no_violation,unknown,resident,no,high,MATCHED,8.0
68766500,NYPD,Illegal Parking,Closed,1,PASS,PASS,PASS,PASS,NA,PASS,,,ANSWERABLE,ANSWERABLE,2026-04-23 04:28:04,2026-04-23 06:34:58,2026-04-23 06:35:02,responded,no_violation,unknown,resident,no,high,MATCHED,8.0
68767000,HPD,HEAT/HOT WATER,Closed,1,PASS,PASS,PASS,PASS,NA,PASS,,,ANSWERABLE,ANSWERABLE,2026-04-23 01:40:42,2026-04-24 14:28:54,2026-04-24 14:28:54,no_access,not_determined,unknown,resident,no,high,MATCHED,72.0
68768000,DOB,Building/Use,Closed,1,PASS,PASS,PASS,PASS,NA,PASS,,,ANSWERABLE,ANSWERABLE,2026-04-23 12:02:29,2026-05-13 00:00:00,2026-05-13 00:00:00,inspected,not_determined,unknown,none,no,high,UNMATCHED,
68768500,HPD,PLUMBING,Closed,1,PASS,PASS,PASS,UNKNOWN,NA,PASS,,A3,ANSWERABLE,UNKNOWN,2026-04-23 10:53:51,2026-05-01 18:43:49,2026-05-01 18:43:49,other,not_determined,unknown,resident,partial,medium,AMBIGUOUS,
68769500,NYPD,Blocked Driveway,Closed,1,PASS,PASS,PASS,UNKNOWN,NA,PASS,,A3,ANSWERABLE,UNKNOWN,2026-04-23 16:04:50,2026-04-23 16:20:56,2026-04-23 16:20:59,responded,no_violation,yes,resident,no,medium,MATCHED,8.0
68770000,HPD,DOOR/WINDOW,Closed,1,PASS,PASS,PASS,PASS,NA,PASS,,,ANSWERABLE,ANSWERABLE,2026-04-23 11:46:54,2026-05-07 06:54:53,2026-05-07 06:54:53,no_access,not_determined,unknown,resident,no,high,AMBIGUOUS,
68771000,DOT,Street Condition,Closed,1,PASS,PASS,PASS,UNKNOWN,NA,PASS,,A3,ANSWERABLE,UNKNOWN,2026-04-23 11:16:43,2026-04-23 11:16:43,2026-04-23 11:16:43,duplicate,not_determined,unknown,agency,no,medium,AMBIGUOUS,
68771500,DOT,Street Condition,Open,1,PASS,PASS,PASS,PASS,UNKNOWN,PASS,A4,A4,UNKNOWN,UNKNOWN,2026-04-23 22:49:14,,2026-04-23 22:49:14,referred,not_determined,no,agency,no,high,AMBIGUOUS,
68772500,NYPD,Noise - Residential,Closed,1,PASS,PASS,PASS,UNKNOWN,NA,PASS,,A3,ANSWERABLE,UNKNOWN,2026-04-25 00:31:02,2026-04-25 01:40:48,2026-04-25 01:40:51,responded,no_violation,yes,resident,no,medium,MATCHED,8.0
68773500,NYPD,Illegal Parking,Closed,1,PASS,PASS,PASS,PASS,NA,PASS,,,ANSWERABLE,ANSWERABLE,2026-04-25 00:15:18,2026-04-25 01:36:43,2026-04-25 01:36:45,responded,no_violation,unknown,resident,no,high,MATCHED,8.0
68774000,NYPD,Noise - Vehicle,Closed,1,PASS,PASS,PASS,PASS,NA,PASS,,,ANSWERABLE,ANSWERABLE,2026-04-24 20:42:57,2026-04-24 21:07:52,2026-04-24 21:07:55,responded,no_violation,unknown,resident,no,high,MATCHED,8.0
68774500,DOT,Street Condition,Closed,1,PASS,PASS,PASS,PASS,NA,PASS,,,ANSWERABLE,ANSWERABLE,2026-04-24 19:27:05,2026-04-29 15:49:03,2026-04-29 15:49:06,referred,condition_confirmed,no,agency,no,high,MATCHED,240.0
68775000,NYPD,Illegal Parking,Closed,1,PASS,PASS,PASS,PASS,NA,PASS,,,ANSWERABLE,ANSWERABLE,2026-04-24 17:24:45,2026-04-24 17:58:38,2026-04-24 17:58:41,responded,no_violation,unknown,resident,no,high,MATCHED,8.0
68775500,HPD,GENERAL,Closed,1,PASS,PASS,PASS,PASS,NA,PASS,,,ANSWERABLE,ANSWERABLE,2026-04-24 21:03:30,2026-08-27 15:43:41,2026-08-27 15:43:41,inspected,violation,unknown,none,partial,high,MATCHED,192.0
68777000,HPD,WATER LEAK,Closed,1,PASS,PASS,PASS,PASS,NA,PASS,,,ANSWERABLE,ANSWERABLE,2026-04-24 14:00:42,2026-05-07 06:54:48,2026-05-07 06:54:48,no_access,not_determined,unknown,resident,no,high,MATCHED,192.0
68777500,DOT,E-Scooter,Closed,1,PASS,PASS,UNKNOWN,UNKNOWN,NA,UNKNOWN,A3,A3,UNKNOWN,UNKNOWN,2026-04-24 16:04:31,2026-04-27 11:39:30,2026-04-27 11:39:34,,,,,,,MATCHED,120.0
68778000,NYPD,Panhandling,Closed,1,PASS,PASS,PASS,PASS,NA,PASS,,,ANSWERABLE,ANSWERABLE,2026-04-24 14:00:39,2026-04-24 16:02:49,2026-04-24 16:02:52,responded,no_violation,unknown,resident,no,high,MATCHED,4.0
68779500,NYPD,Noise - Residential,Closed,1,PASS,PASS,PASS,UNKNOWN,NA,PASS,,A3,ANSWERABLE,UNKNOWN,2026-04-24 18:10:34,2026-04-24 22:12:00,2026-04-24 22:12:07,responded,no_violation,yes,resident,no,medium,MATCHED,8.0
68780500,NYPD,Illegal Parking,Closed,1,PASS,PASS,PASS,PASS,NA,PASS,,,ANSWERABLE,ANSWERABLE,2026-04-24 17:38:38,2026-04-24 22:40:45,2026-04-24 22:40:48,responded,no_violation,unknown,resident,no,high,MATCHED,8.0
68781000,HPD,FLOORING/STAIRS,Closed,1,PASS,PASS,PASS,PASS,NA,PASS,,,ANSWERABLE,ANSWERABLE,2026-04-24 12:36:37,2026-05-08 15:58:31,2026-05-08 15:58:31,inspected,no_violation,unknown,none,no,high,AMBIGUOUS,
68782000,DOB,General Construction/Plumbing,Closed,1,PASS,PASS,PASS,PASS,NA,PASS,,,ANSWERABLE,ANSWERABLE,2026-04-24 18:36:29,2026-04-27 00:00:00,2026-04-27 00:00:00,inspected,not_determined,unknown,none,no,high,UNMATCHED,
68782500,HPD,PAINT/PLASTER,Closed,1,PASS,PASS,PASS,PASS,NA,PASS,,,ANSWERABLE,ANSWERABLE,2026-04-24 13:15:01,2026-05-18 11:19:07,2026-05-18 11:19:07,inspected,no_violation,unknown,none,no,high,AMBIGUOUS,
68783500,NYPD,Noise - Residential,Closed,1,PASS,PASS,PASS,PASS,NA,PASS,,,ANSWERABLE,ANSWERABLE,2026-04-25 19:35:58,2026-04-26 00:15:47,2026-04-26 00:15:50,responded,no_violation,unknown,resident,no,high,MATCHED,8.0
68784000,NYPD,Noise - Residential,Closed,1,PASS,PASS,PASS,PASS,NA,PASS,,,ANSWERABLE,ANSWERABLE,2026-04-25 23:19:38,2026-04-26 09:29:38,2026-04-26 09:29:41,responded,no_violation,unknown,resident,no,high,MATCHED,8.0
68784500,NYPD,Noise - Commercial,Closed,1,PASS,PASS,PASS,UNKNOWN,NA,PASS,,A3,ANSWERABLE,UNKNOWN,2026-04-25 02:50:56,2026-04-25 04:23:12,2026-04-25 04:23:18,responded,no_violation,yes,resident,no,medium,MATCHED,8.0
68785500,DOT,Street Condition,Closed,1,PASS,PASS,PASS,UNKNOWN,NA,PASS,,A3,ANSWERABLE,UNKNOWN,2026-04-25 11:31:30,2026-04-25 11:31:30,2026-04-25 11:31:30,duplicate,not_determined,unknown,agency,no,medium,AMBIGUOUS,
68786500,NYPD,Blocked Driveway,Closed,1,PASS,PASS,PASS,PASS,NA,PASS,,,ANSWERABLE,ANSWERABLE,2026-04-25 11:48:47,2026-04-25 13:30:26,2026-04-25 13:30:28,responded,no_violation,unknown,resident,no,high,MATCHED,8.0
68787000,HPD,DOOR/WINDOW,Closed,1,PASS,PASS,PASS,PASS,NA,PASS,,,ANSWERABLE,ANSWERABLE,2026-04-25 11:41:32,2026-05-29 14:27:26,2026-05-29 14:27:26,inspected,no_violation,unknown,none,no,high,AMBIGUOUS,
68787500,DOB,Boilers,Closed,1,PASS,PASS,PASS,PASS,NA,PASS,,,ANSWERABLE,ANSWERABLE,2026-04-25 13:35:54,2026-07-08 00:00:00,2026-07-08 00:00:00,no_access,not_determined,unknown,resident,no,high,UNMATCHED,
68788000,HPD,WATER LEAK,Closed,1,PASS,PASS,PASS,PASS,NA,PASS,,,ANSWERABLE,ANSWERABLE,2026-04-25 14:26:10,2026-05-09 13:24:20,2026-05-09 13:24:20,inspected,no_violation,unknown,none,no,high,MATCHED,192.0
68788500,NYPD,Illegal Parking,Closed,1,PASS,PASS,PASS,PASS,NA,PASS,,,ANSWERABLE,ANSWERABLE,2026-04-25 17:43:06,2026-04-25 22:29:42,2026-04-25 22:29:46,responded,no_violation,unknown,resident,no,high,MATCHED,8.0
68789000,HPD,HEAT/HOT WATER,Open,1,PASS,PASS,PASS,UNKNOWN,PASS,PASS,,A3,ANSWERABLE,UNKNOWN,2026-04-25 12:07:13,,2026-04-28 14:55:44,owner_notified,not_determined,no,agency,no,medium,MATCHED,72.0
68789500,NYPD,Illegal Parking,Closed,1,PASS,PASS,PASS,PASS,NA,PASS,,,ANSWERABLE,ANSWERABLE,2026-04-25 22:07:39,2026-04-26 00:24:09,2026-04-26 00:24:13,summons_issued,violation,unknown,none,no,high,MATCHED,8.0
68790000,HPD,HEAT/HOT WATER,Closed,1,PASS,PASS,PASS,PASS,NA,PASS,,,ANSWERABLE,ANSWERABLE,2026-04-25 19:30:19,2026-04-27 15:29:58,2026-04-27 15:29:58,duplicate,not_determined,no,agency,partial,high,MATCHED,72.0
68791000,NYPD,Noise - Residential,Closed,1,PASS,PASS,PASS,UNKNOWN,NA,PASS,,A3,ANSWERABLE,UNKNOWN,2026-04-25 22:34:46,2026-04-26 00:54:37,2026-04-26 00:54:41,responded,no_violation,yes,resident,no,medium,MATCHED,8.0
68792000,NYPD,Noise - Residential,Closed,1,PASS,PASS,PASS,UNKNOWN,NA,PASS,,A3,ANSWERABLE,UNKNOWN,2026-04-26 17:27:40,2026-04-26 19:00:49,2026-04-26 19:00:52,responded,no_violation,yes,resident,no,medium,MATCHED,8.0
68793000,NYPD,Blocked Driveway,Closed,1,PASS,PASS,PASS,PASS,NA,PASS,,,ANSWERABLE,ANSWERABLE,2026-04-26 21:35:25,2026-04-26 22:58:40,2026-04-26 22:58:38,summons_issued,violation,unknown,none,no,high,MATCHED,8.0
68793500,DOT,Street Condition,Closed,1,PASS,PASS,PASS,UNKNOWN,NA,PASS,,A3,ANSWERABLE,UNKNOWN,2026-04-27 02:17:31,2026-04-27 17:15:00,2026-04-27 17:15:00,duplicate,not_determined,unknown,agency,no,medium,AMBIGUOUS,
68794000,NYPD,Illegal Parking,Closed,1,PASS,PASS,PASS,UNKNOWN,NA,PASS,,A3,ANSWERABLE,UNKNOWN,2026-04-26 12:05:01,2026-04-26 14:59:29,2026-04-26 14:59:34,responded,no_violation,yes,resident,no,medium,MATCHED,8.0
68794500,HPD,ELECTRIC,Closed,1,PASS,PASS,PASS,UNKNOWN,NA,PASS,,A3,ANSWERABLE,UNKNOWN,2026-04-26 16:04:51,2026-04-29 15:35:53,2026-04-29 15:35:53,other,not_determined,unknown,resident,partial,medium,AMBIGUOUS,
68795500,NYPD,Noise - Residential,Closed,1,PASS,PASS,PASS,PASS,NA,PASS,,,ANSWERABLE,ANSWERABLE,2026-04-26 18:56:57,2026-04-26 19:28:59,2026-04-26 19:29:03,no_access,not_determined,unknown,resident,no,high,MATCHED,8.0
68796000,NYPD,Illegal Parking,Closed,1,PASS,PASS,PASS,PASS,NA,PASS,,,ANSWERABLE,ANSWERABLE,2026-04-27 01:50:07,2026-04-27 02:09:40,2026-04-27 02:09:43,responded,no_violation,unknown,resident,no,high,MATCHED,8.0
68796500,NYPD,Blocked Driveway,Closed,1,PASS,PASS,PASS,UNKNOWN,NA,PASS,,A3,ANSWERABLE,UNKNOWN,2026-04-26 23:13:35,2026-04-26 23:47:56,2026-04-26 23:48:00,responded,no_violation,yes,resident,no,medium,MATCHED,8.0
68797500,NYPD,Illegal Parking,Closed,1,PASS,PASS,PASS,PASS,NA,PASS,,,ANSWERABLE,ANSWERABLE,2026-04-26 04:43:30,2026-04-26 07:50:59,2026-04-26 07:51:04,summons_issued,violation,unknown,none,no,high,MATCHED,8.0
68799000,NYPD,Noise - Residential,Closed,1,PASS,PASS,PASS,PASS,NA,PASS,,,ANSWERABLE,ANSWERABLE,2026-04-26 19:19:21,2026-04-26 20:12:18,2026-04-26 20:12:22,no_access,not_determined,unknown,resident,no,high,MATCHED,8.0
68799500,NYPD,Illegal Parking,Closed,1,PASS,PASS,PASS,PASS,NA,PASS,,,ANSWERABLE,ANSWERABLE,2026-04-26 13:06:12,2026-04-26 13:26:20,2026-04-26 13:26:23,responded,no_violation,unknown,resident,no,high,MATCHED,8.0
68800000,DOT,Traffic Signal Condition,Closed,1,PASS,PASS,UNKNOWN,UNKNOWN,NA,FAIL,A5,A5,FAIL,FAIL,2026-04-26 01:27:00,2026-04-26 02:45:00,2026-04-26 02:45:00,redirect,not_determined,unknown,none,yes,low,UNMATCHED,
68800500,NYPD,Abandoned Vehicle,Closed,1,PASS,PASS,PASS,PASS,NA,PASS,,,ANSWERABLE,ANSWERABLE,2026-04-26 17:58:21,2026-04-26 19:34:57,2026-04-26 19:35:01,responded,no_violation,unknown,resident,no,high,MATCHED,8.0
68801000,NYPD,Illegal Parking,Closed,1,PASS,PASS,PASS,PASS,NA,PASS,,,ANSWERABLE,ANSWERABLE,2026-04-27 04:36:29,2026-04-27 17:52:57,2026-04-27 17:53:02,responded,no_violation,unknown,resident,no,high,MATCHED,8.0
68801500,HPD,ELECTRIC,Closed,1,PASS,PASS,PASS,PASS,NA,PASS,,,ANSWERABLE,ANSWERABLE,2026-04-27 16:07:21,2026-06-05 09:04:20,2026-06-05 09:04:20,inspected,no_violation,unknown,none,no,high,MATCHED,192.0
68802500,NYPD,Illegal Parking,Closed,1,PASS,PASS,PASS,PASS,NA,PASS,,,ANSWERABLE,ANSWERABLE,2026-04-27 05:36:25,2026-04-27 05:42:38,2026-04-27 05:42:41,responded,no_violation,unknown,resident,no,high,MATCHED,8.0
68803000,HPD,HEAT/HOT WATER,Closed,1,PASS,PASS,PASS,UNKNOWN,NA,PASS,,A3,ANSWERABLE,UNKNOWN,2026-04-27 04:34:38,2026-04-28 19:30:52,2026-04-28 19:30:52,contacted,not_applicable,yes,resident,no,medium,MATCHED,72.0
68803500,DOT,Street Condition,Closed,1,PASS,PASS,PASS,PASS,NA,PASS,,,ANSWERABLE,ANSWERABLE,2026-04-27 14:58:35,2026-05-01 09:54:11,2026-05-01 09:54:15,violation_issued,violation,no,other_party,no,high,MATCHED,240.0
68804000,NYPD,Illegal Parking,Closed,1,PASS,PASS,PASS,PASS,NA,PASS,,,ANSWERABLE,ANSWERABLE,2026-04-27 07:13:19,2026-04-27 10:26:31,2026-04-27 10:26:37,responded,no_violation,unknown,resident,no,high,MATCHED,8.0
68804500,HPD,HEAT/HOT WATER,Closed,1,PASS,PASS,PASS,UNKNOWN,NA,PASS,,A3,ANSWERABLE,UNKNOWN,2026-04-27 18:59:55,2026-04-28 12:41:04,2026-04-28 12:41:04,contacted,not_applicable,yes,resident,no,medium,MATCHED,72.0
68805000,DOT,Street Condition,Closed,1,PASS,PASS,PASS,UNKNOWN,NA,PASS,,A3,ANSWERABLE,UNKNOWN,2026-04-27 11:32:59,2026-04-29 16:12:56,2026-04-29 16:13:01,inspected,no_violation,unknown,none,no,medium,MATCHED,240.0
68805500,NYPD,Illegal Parking,Closed,1,PASS,PASS,PASS,UNKNOWN,NA,PASS,,A3,ANSWERABLE,UNKNOWN,2026-04-27 06:18:47,2026-04-27 09:28:31,2026-04-27 09:28:37,responded,no_violation,yes,resident,no,medium,MATCHED,8.0
68806000,HPD,HEAT/HOT WATER,Open,1,PASS,PASS,PASS,UNKNOWN,PASS,PASS,,A3,ANSWERABLE,UNKNOWN,2026-04-27 21:49:47,,2026-04-29 12:35:19,owner_notified,not_determined,no,agency,no,medium,MATCHED,72.0
68807000,NYPD,Illegal Parking,Closed,1,PASS,PASS,PASS,PASS,NA,PASS,,,ANSWERABLE,ANSWERABLE,2026-04-27 20:59:12,2026-04-28 00:39:25,2026-04-28 00:39:28,responded,no_violation,unknown,resident,no,high,MATCHED,8.0
68807500,HPD,PLUMBING,Closed,1,PASS,PASS,PASS,PASS,NA,PASS,,,ANSWERABLE,ANSWERABLE,2026-04-27 16:00:08,2026-07-02 07:11:30,2026-07-02 07:11:30,no_access,not_determined,unknown,resident,no,high,AMBIGUOUS,
68808000,NYPD,Encampment,Closed,1,PASS,PASS,PASS,PASS,NA,PASS,,,ANSWERABLE,ANSWERABLE,2026-04-27 07:17:50,2026-04-27 07:59:26,2026-04-27 07:59:30,referred,condition_confirmed,no,agency,no,high,MATCHED,4.0
68808500,NYPD,Illegal Parking,Closed,1,PASS,PASS,PASS,PASS,NA,PASS,,,ANSWERABLE,ANSWERABLE,2026-04-27 11:35:02,2026-04-27 15:01:55,2026-04-27 15:01:58,summons_issued,violation,unknown,none,no,high,MATCHED,8.0
68809000,HPD,SAFETY,Closed,1,PASS,PASS,PASS,PASS,NA,PASS,,,ANSWERABLE,ANSWERABLE,2026-04-27 13:46:23,2026-05-11 07:23:45,2026-05-11 07:23:45,no_access,not_determined,unknown,resident,no,high,AMBIGUOUS,
68810000,DOB,Special Projects Inspection Team (SPIT),Open,1,PASS,FAIL,FAIL,FAIL,UNKNOWN,PASS,A2,A2,FAIL,FAIL,2026-04-27 09:06:13,2026-04-27 09:06:13,2026-04-27 00:00:00,received_only,not_determined,unknown,none,no,high,UNMATCHED,
68810500,HPD,UNSANITARY CONDITION,Closed,1,PASS,PASS,PASS,UNKNOWN,NA,PASS,,A3,ANSWERABLE,UNKNOWN,2026-04-27 08:34:01,2026-04-28 20:49:31,2026-04-28 20:49:31,other,not_determined,unknown,resident,partial,medium,AMBIGUOUS,
68811500,DOT,Street Condition,Closed,1,PASS,PASS,PASS,UNKNOWN,NA,PASS,,A3,ANSWERABLE,UNKNOWN,2026-04-27 10:03:15,2026-04-27 17:14:00,2026-04-27 17:14:00,duplicate,not_determined,unknown,agency,no,medium,AMBIGUOUS,
68812000,DOB,Elevator,Closed,1,PASS,PASS,UNKNOWN,UNKNOWN,NA,PASS,A3,A3,UNKNOWN,UNKNOWN,2026-04-27 13:46:28,2026-04-28 00:00:00,2026-04-28 00:00:00,reviewed,not_determined,unknown,resident,no,low,MATCHED,960.0
68813000,NYPD,Noise - Park,Closed,1,PASS,PASS,PASS,UNKNOWN,NA,PASS,,A3,ANSWERABLE,UNKNOWN,2026-04-28 13:11:03,2026-04-28 13:55:56,2026-04-28 13:56:00,responded,no_violation,yes,resident,no,medium,MATCHED,8.0
68813500,NYPD,Blocked Driveway,Closed,1,PASS,PASS,PASS,PASS,NA,PASS,,,ANSWERABLE,ANSWERABLE,2026-04-28 21:34:11,2026-04-29 03:10:38,2026-04-29 03:10:41,responded,no_violation,unknown,resident,no,high,MATCHED,8.0
68814500,NYPD,Noise - Residential,Closed,1,PASS,PASS,PASS,PASS,NA,PASS,,,ANSWERABLE,ANSWERABLE,2026-04-28 11:49:19,2026-04-28 12:31:36,2026-04-28 12:31:40,responded,no_violation,unknown,resident,no,high,MATCHED,8.0
68815500,NYPD,Illegal Parking,Closed,1,PASS,PASS,PASS,PASS,NA,PASS,,,ANSWERABLE,ANSWERABLE,2026-04-28 10:36:25,2026-04-28 11:21:43,2026-04-28 11:21:47,responded,no_violation,unknown,resident,no,high,MATCHED,8.0
68816000,NYPD,Noise - Street/Sidewalk,Closed,1,PASS,PASS,PASS,PASS,NA,PASS,,,ANSWERABLE,ANSWERABLE,2026-04-28 18:48:43,2026-04-28 19:05:15,2026-04-28 19:05:18,responded,no_violation,unknown,resident,no,high,MATCHED,8.0
68816500,NYPD,Illegal Parking,Closed,1,PASS,PASS,PASS,PASS,NA,PASS,,,ANSWERABLE,ANSWERABLE,2026-04-29 00:15:18,2026-04-29 06:52:38,2026-04-29 06:52:43,responded,no_violation,unknown,resident,no,high,MATCHED,8.0
68817000,NYPD,Illegal Parking,Closed,1,PASS,PASS,PASS,PASS,NA,PASS,,,ANSWERABLE,ANSWERABLE,2026-04-28 06:29:22,2026-04-28 08:46:39,2026-04-28 08:46:42,summons_issued,violation,unknown,none,no,high,MATCHED,8.0
68817500,HPD,GENERAL,Closed,1,PASS,PASS,PASS,PASS,NA,PASS,,,ANSWERABLE,ANSWERABLE,2026-04-28 01:00:47,2026-05-18 11:44:05,2026-05-18 11:44:05,no_access,not_determined,unknown,resident,no,high,MATCHED,192.0
68818000,NYPD,Encampment,Closed,1,PASS,PASS,PASS,PASS,NA,PASS,,,ANSWERABLE,ANSWERABLE,2026-04-28 16:38:59,2026-04-28 17:13:45,2026-04-28 17:13:48,responded,no_violation,unknown,resident,no,high,MATCHED,4.0
68818500,NYPD,Illegal Parking,Closed,1,PASS,PASS,PASS,UNKNOWN,NA,PASS,,A3,ANSWERABLE,UNKNOWN,2026-04-28 12:19:38,2026-04-28 12:32:42,2026-04-28 12:32:45,responded,no_violation,yes,resident,no,medium,MATCHED,8.0
68819000,HPD,UNSANITARY CONDITION,Closed,1,PASS,PASS,PASS,PASS,NA,PASS,,,ANSWERABLE,ANSWERABLE,2026-04-28 22:41:48,2026-05-04 23:07:31,2026-05-04 23:07:31,inspected,no_violation,unknown,none,no,high,MATCHED,72.0
68819500,DOB,Real Time Enforcement,Closed,1,PASS,PASS,PASS,PASS,NA,PASS,,,ANSWERABLE,ANSWERABLE,2026-04-28 15:29:39,2026-04-29 00:00:00,2026-04-29 00:00:00,inspected,not_determined,unknown,none,no,high,UNMATCHED,
68820000,NYPD,Blocked Driveway,Closed,1,PASS,PASS,PASS,PASS,NA,PASS,,,ANSWERABLE,ANSWERABLE,2026-04-28 05:04:53,2026-04-28 12:38:30,2026-04-28 12:38:35,responded,no_violation,unknown,resident,no,high,MATCHED,8.0
68820500,HPD,WATER LEAK,Closed,1,PASS,PASS,PASS,PASS,NA,PASS,,,ANSWERABLE,ANSWERABLE,2026-04-28 10:53:25,2026-05-15 17:05:55,2026-05-15 17:05:55,inspected,no_violation,unknown,none,no,high,AMBIGUOUS,
68821500,NYPD,Blocked Driveway,Closed,1,PASS,PASS,PASS,PASS,NA,PASS,,,ANSWERABLE,ANSWERABLE,2026-04-28 05:46:43,2026-04-28 07:09:42,2026-04-28 07:09:47,summons_issued,violation,unknown,none,no,high,MATCHED,8.0
68822000,DOT,Street Condition,Closed,1,PASS,PASS,PASS,PASS,NA,PASS,,,ANSWERABLE,ANSWERABLE,2026-04-28 17:21:15,2026-04-30 13:50:00,2026-04-30 13:50:00,repaired,condition_confirmed,yes,none,no,high,AMBIGUOUS,
68822500,DOT,Bike Rack,Closed,1,PASS,PASS,UNKNOWN,UNKNOWN,NA,UNKNOWN,A3,A3,UNKNOWN,UNKNOWN,2026-04-28 17:15:42,2026-06-11 17:32:05,2026-06-11 17:32:08,,,,,,,UNMATCHED,
68823000,NYPD,Noise - Residential,Closed,1,PASS,PASS,PASS,UNKNOWN,NA,PASS,,A3,ANSWERABLE,UNKNOWN,2026-04-28 06:05:32,2026-04-28 06:24:15,2026-04-28 06:24:18,responded,no_violation,yes,resident,no,medium,MATCHED,8.0
68824000,DOT,Street Condition,Closed,1,PASS,PASS,PASS,UNKNOWN,NA,PASS,,A3,ANSWERABLE,UNKNOWN,2026-04-29 08:47:08,2026-04-29 16:15:47,2026-04-29 16:15:50,inspected,no_violation,unknown,none,no,medium,MATCHED,240.0
68824500,HPD,APPLIANCE,Closed,1,PASS,PASS,PASS,UNKNOWN,NA,PASS,,A3,ANSWERABLE,UNKNOWN,2026-04-29 04:46:08,2026-05-02 18:04:30,2026-05-02 18:04:30,other,not_determined,unknown,resident,partial,medium,AMBIGUOUS,
68825000,DOT,Sidewalk Condition,Closed,1,PASS,PASS,PASS,PASS,NA,PASS,,,ANSWERABLE,ANSWERABLE,2026-04-29 12:52:44,2026-05-01 13:17:43,2026-05-01 13:17:47,other,not_applicable,unknown,resident,no,high,MATCHED,720.0
68825500,NYPD,Illegal Parking,Closed,1,PASS,PASS,PASS,PASS,NA,PASS,,,ANSWERABLE,ANSWERABLE,2026-04-29 11:46:40,2026-04-29 11:52:02,2026-04-29 11:52:05,responded,no_violation,unknown,resident,no,high,MATCHED,8.0
68826000,HPD,PLUMBING,Closed,1,PASS,PASS,PASS,PASS,NA,PASS,,,ANSWERABLE,ANSWERABLE,2026-04-29 11:55:03,2026-05-23 23:15:00,2026-05-23 23:15:00,violation_issued,violation,no,other_party,partial,high,AMBIGUOUS,
68826500,NYPD,Illegal Parking,Closed,1,PASS,PASS,PASS,PASS,NA,PASS,,,ANSWERABLE,ANSWERABLE,2026-04-29 07:36:58,2026-04-29 09:02:56,2026-04-29 09:02:59,responded,no_violation,unknown,resident,no,high,MATCHED,8.0
68827000,NYPD,Blocked Driveway,Closed,1,PASS,PASS,PASS,PASS,NA,PASS,,,ANSWERABLE,ANSWERABLE,2026-04-30 00:50:56,2026-04-30 01:49:43,2026-04-30 01:49:49,summons_issued,violation,unknown,none,no,high,MATCHED,8.0
68827500,NYPD,Illegal Parking,Closed,1,PASS,PASS,PASS,UNKNOWN,NA,PASS,,A3,ANSWERABLE,UNKNOWN,2026-04-29 20:14:48,2026-04-29 21:48:09,2026-04-29 21:48:14,responded,no_violation,yes,resident,no,medium,MATCHED,8.0
68828000,NYPD,Illegal Parking,Closed,1,PASS,PASS,PASS,PASS,NA,PASS,,,ANSWERABLE,ANSWERABLE,2026-04-29 15:43:45,2026-04-29 18:07:36,2026-04-29 18:07:41,responded,no_violation,unknown,resident,no,high,MATCHED,8.0
68828500,NYPD,Noise - Residential,Closed,1,PASS,PASS,PASS,UNKNOWN,NA,PASS,,A3,ANSWERABLE,UNKNOWN,2026-04-29 08:23:43,2026-04-29 10:14:49,2026-04-29 10:14:53,responded,no_violation,yes,resident,no,medium,MATCHED,8.0
68829000,NYPD,Illegal Parking,Closed,1,PASS,PASS,PASS,PASS,NA,PASS,,,ANSWERABLE,ANSWERABLE,2026-04-30 02:03:53,2026-04-30 07:07:44,2026-04-30 07:07:50,summons_issued,violation,unknown,none,no,high,MATCHED,8.0
68829500,NYPD,Illegal Parking,Closed,1,PASS,PASS,PASS,PASS,NA,PASS,,,ANSWERABLE,ANSWERABLE,2026-04-29 18:16:30,2026-04-29 20:44:29,2026-04-29 20:44:32,summons_issued,violation,unknown,none,no,high,MATCHED,8.0
68830000,HPD,HEAT/HOT WATER,Closed,1,PASS,PASS,PASS,PASS,NA,PASS,,,ANSWERABLE,ANSWERABLE,2026-04-29 05:26:00,2026-04-29 14:52:15,2026-04-29 14:52:15,inspected,no_violation,unknown,resident,no,high,MATCHED,72.0
68831000,NYPD,Blocked Driveway,Closed,1,PASS,PASS,PASS,UNKNOWN,NA,PASS,,A3,ANSWERABLE,UNKNOWN,2026-04-29 09:32:16,2026-04-29 12:34:35,2026-04-29 12:34:39,responded,no_violation,yes,resident,no,medium,MATCHED,8.0
68831500,HPD,HEAT/HOT WATER,Closed,1,PASS,PASS,PASS,PASS,NA,PASS,,,ANSWERABLE,ANSWERABLE,2026-04-29 00:45:14,2026-04-29 17:25:34,2026-04-29 17:25:34,inspected,no_violation,unknown,resident,no,high,MATCHED,72.0
68832500,NYPD,Noise - Residential,Closed,1,PASS,PASS,PASS,UNKNOWN,NA,PASS,,A3,ANSWERABLE,UNKNOWN,2026-04-29 22:10:30,2026-04-29 23:56:40,2026-04-29 23:56:44,responded,no_violation,yes,resident,no,medium,MATCHED,8.0
68833000,DOT,Curb Condition,Closed,1,PASS,PASS,PASS,PASS,NA,PASS,,,ANSWERABLE,ANSWERABLE,2026-04-29 10:52:00,2026-05-13 16:03:41,2026-05-13 16:03:47,received_only,not_determined,unknown,agency,no,high,MATCHED,720.0
68833500,NYPD,Illegal Parking,Closed,1,PASS,PASS,PASS,PASS,NA,PASS,,,ANSWERABLE,ANSWERABLE,2026-04-29 08:40:39,2026-04-29 10:40:26,2026-04-29 10:40:28,summons_issued,violation,unknown,none,no,high,MATCHED,8.0
68834000,HPD,HEAT/HOT WATER,Open,1,PASS,PASS,PASS,UNKNOWN,PASS,PASS,,A3,ANSWERABLE,UNKNOWN,2026-04-29 23:23:35,,2026-04-30 16:02:54,owner_notified,not_determined,no,agency,no,medium,MATCHED,72.0
68835000,NYPD,Noise - Vehicle,Closed,1,PASS,PASS,PASS,PASS,NA,PASS,,,ANSWERABLE,ANSWERABLE,2026-04-30 19:40:13,2026-04-30 20:15:38,2026-04-30 20:15:40,responded,no_violation,unknown,resident,no,high,MATCHED,8.0
68835500,HPD,UNSANITARY CONDITION,Closed,1,PASS,PASS,PASS,PASS,NA,PASS,,,ANSWERABLE,ANSWERABLE,2026-04-30 08:31:50,2026-05-01 18:40:16,2026-05-01 18:40:16,violation_issued,violation,no,other_party,partial,high,MATCHED,72.0
68836500,NYPD,Noise - Residential,Closed,1,PASS,PASS,PASS,PASS,NA,PASS,,,ANSWERABLE,ANSWERABLE,2026-04-30 17:55:42,2026-04-30 21:17:32,2026-04-30 21:17:35,responded,no_violation,unknown,resident,no,high,MATCHED,8.0
68837500,NYPD,Illegal Parking,Closed,1,PASS,PASS,PASS,PASS,NA,PASS,,,ANSWERABLE,ANSWERABLE,2026-04-30 21:51:33,2026-04-30 23:31:56,2026-04-30 23:32:00,responded,no_violation,unknown,resident,no,high,MATCHED,8.0
68838000,HPD,APPLIANCE,Closed,1,PASS,PASS,PASS,PASS,NA,PASS,,,ANSWERABLE,ANSWERABLE,2026-04-30 15:45:41,2026-05-06 20:51:33,2026-05-06 20:51:33,violation_issued,violation,no,other_party,partial,high,AMBIGUOUS,
68838500,DOT,Street Condition,Closed,1,PASS,PASS,PASS,UNKNOWN,NA,PASS,,A3,ANSWERABLE,UNKNOWN,2026-04-30 09:58:43,2026-05-04 11:15:03,2026-05-04 11:15:08,inspected,no_violation,unknown,none,no,medium,MATCHED,240.0
68839000,NYPD,Illegal Parking,Closed,1,PASS,PASS,PASS,PASS,NA,PASS,,,ANSWERABLE,ANSWERABLE,2026-04-30 05:54:54,2026-04-30 06:57:35,2026-04-30 06:57:41,responded,no_violation,unknown,resident,no,high,MATCHED,8.0
68839500,HPD,PLUMBING,Closed,1,PASS,PASS,PASS,PASS,NA,PASS,,,ANSWERABLE,ANSWERABLE,2026-04-30 14:35:36,2026-05-15 14:24:14,2026-05-15 14:24:14,violation_issued,violation,no,other_party,partial,high,AMBIGUOUS,
68840500,NYPD,Blocked Driveway,Closed,1,PASS,PASS,PASS,PASS,NA,FAIL,A5,A5,FAIL,FAIL,2026-04-30 21:02:13,2026-04-30 21:04:03,2026-04-30 21:04:06,not_jurisdiction,not_applicable,unknown,resident,yes,high,MATCHED,8.0
68841000,NYPD,Illegal Parking,Closed,1,PASS,PASS,PASS,PASS,NA,PASS,,,ANSWERABLE,ANSWERABLE,2026-04-30 17:44:07,2026-04-30 20:15:01,2026-04-30 20:15:04,responded,no_violation,unknown,resident,no,high,MATCHED,8.0
68842000,NYPD,Noise - Residential,Closed,1,PASS,PASS,PASS,PASS,NA,PASS,,,ANSWERABLE,ANSWERABLE,2026-04-30 20:00:24,2026-04-30 23:37:57,2026-04-30 23:38:00,responded,no_violation,unknown,resident,no,high,MATCHED,8.0
68842500,NYPD,Illegal Parking,Closed,1,PASS,PASS,PASS,PASS,NA,PASS,,,ANSWERABLE,ANSWERABLE,2026-05-01 01:28:18,2026-05-02 00:35:48,2026-05-02 00:35:52,summons_issued,violation,unknown,none,no,high,MATCHED,8.0
68843000,NYPD,Illegal Parking,Closed,1,PASS,PASS,PASS,PASS,NA,PASS,,,ANSWERABLE,ANSWERABLE,2026-04-30 19:49:21,2026-04-30 20:36:47,2026-04-30 20:36:51,responded,no_violation,unknown,resident,no,high,MATCHED,8.0
68843500,HPD,HEAT/HOT WATER,Closed,1,PASS,PASS,PASS,UNKNOWN,NA,PASS,,A3,ANSWERABLE,UNKNOWN,2026-04-30 09:01:17,2026-04-30 15:13:56,2026-04-30 15:13:56,contacted,not_applicable,yes,resident,no,medium,MATCHED,72.0
68844500,NYPD,Blocked Driveway,Closed,1,PASS,PASS,PASS,PASS,NA,PASS,,,ANSWERABLE,ANSWERABLE,2026-04-30 05:25:34,2026-04-30 06:08:19,2026-04-30 06:08:24,summons_issued,violation,unknown,none,no,high,MATCHED,8.0
68845000,HPD,UNSANITARY CONDITION,Closed,1,PASS,PASS,PASS,PASS,NA,PASS,,,ANSWERABLE,ANSWERABLE,2026-04-30 21:08:03,2026-05-19 14:46:40,2026-05-19 14:46:40,inspected,violation,unknown,none,partial,high,AMBIGUOUS,
68846000,NYPD,Noise - Commercial,Closed,1,PASS,PASS,UNKNOWN,UNKNOWN,NA,FAIL,A5,A5,FAIL,FAIL,2026-05-01 10:55:14,2026-05-01 14:35:28,2026-05-01 14:35:33,reviewed,not_determined,unknown,none,yes,low,MATCHED,8.0
68846500,NYPD,Abandoned Vehicle,Closed,1,PASS,PASS,PASS,PASS,NA,FAIL,A5,A5,FAIL,FAIL,2026-05-01 12:54:01,2026-05-01 21:02:44,2026-05-01 21:02:48,not_jurisdiction,not_applicable,unknown,resident,yes,high,MATCHED,8.0
68847500,NYPD,Noise - Residential,Closed,1,PASS,PASS,PASS,PASS,NA,PASS,,,ANSWERABLE,ANSWERABLE,2026-05-01 13:53:22,2026-05-01 16:16:35,2026-05-01 16:16:37,responded,no_violation,unknown,resident,no,high,MATCHED,8.0
68848000,NYPD,Abandoned Vehicle,Closed,1,PASS,PASS,PASS,PASS,NA,PASS,,,ANSWERABLE,ANSWERABLE,2026-05-01 12:12:11,2026-05-02 05:42:12,2026-05-02 05:42:15,responded,no_violation,unknown,resident,no,high,MATCHED,8.0
68848500,DOT,Sidewalk Condition,Closed,1,PASS,PASS,PASS,UNKNOWN,NA,PASS,,A3,ANSWERABLE,UNKNOWN,2026-05-01 09:16:35,2026-05-01 12:54:24,2026-05-01 12:54:27,other,not_applicable,unknown,agency,no,medium,MATCHED,720.0
68849000,NYPD,Noise - Residential,Closed,1,PASS,PASS,PASS,PASS,NA,PASS,,,ANSWERABLE,ANSWERABLE,2026-05-01 08:15:17,2026-05-01 09:09:15,2026-05-01 09:09:19,responded,no_violation,unknown,resident,no,high,MATCHED,8.0
68849500,NYPD,Illegal Parking,Closed,1,PASS,PASS,PASS,UNKNOWN,NA,PASS,,A3,ANSWERABLE,UNKNOWN,2026-05-01 08:50:03,2026-05-02 04:56:33,2026-05-02 04:56:36,responded,no_violation,yes,resident,no,medium,MATCHED,8.0
68850000,NYPD,Illegal Parking,Closed,1,PASS,PASS,PASS,PASS,NA,PASS,,,ANSWERABLE,ANSWERABLE,2026-05-01 11:09:54,2026-05-01 14:30:07,2026-05-01 14:30:11,responded,no_violation,unknown,resident,no,high,MATCHED,8.0
68850500,HPD,HEAT/HOT WATER,Closed,1,PASS,PASS,PASS,PASS,NA,PASS,,,ANSWERABLE,ANSWERABLE,2026-05-01 09:53:43,2026-05-03 14:25:57,2026-05-03 14:25:57,no_access,not_determined,unknown,resident,no,high,MATCHED,72.0
68851000,DOT,Street Condition,Closed,1,PASS,PASS,PASS,PASS,NA,PASS,,,ANSWERABLE,ANSWERABLE,2026-05-01 10:20:49,2026-05-04 07:28:26,2026-05-04 07:28:30,work_order,condition_confirmed,no,agency,no,high,MATCHED,2160.0
68851500,NYPD,Noise - Residential,Closed,1,PASS,PASS,PASS,PASS,NA,PASS,,,ANSWERABLE,ANSWERABLE,2026-05-01 05:56:48,2026-05-01 06:34:36,2026-05-01 06:34:39,responded,no_violation,unknown,resident,no,high,MATCHED,8.0
68852000,HPD,PAINT/PLASTER,Closed,1,PASS,PASS,PASS,UNKNOWN,NA,PASS,,A3,ANSWERABLE,UNKNOWN,2026-05-01 22:08:22,2026-05-08 16:45:12,2026-05-08 16:45:12,other,not_determined,unknown,resident,partial,medium,AMBIGUOUS,
68853500,HPD,UNSANITARY CONDITION,Closed,1,PASS,PASS,PASS,PASS,NA,PASS,,,ANSWERABLE,ANSWERABLE,2026-05-01 15:23:09,2026-05-08 02:04:03,2026-05-08 02:04:03,violation_issued,violation,no,other_party,partial,high,AMBIGUOUS,
68854500,NYPD,Blocked Driveway,Closed,1,PASS,PASS,PASS,PASS,NA,PASS,,,ANSWERABLE,ANSWERABLE,2026-05-01 17:05:03,2026-05-01 17:57:11,2026-05-01 17:57:15,summons_issued,violation,unknown,none,no,high,MATCHED,8.0
68855000,DOT,Street Condition,Pending,1,PASS,PASS,PASS,PASS,UNKNOWN,PASS,A4,A4,UNKNOWN,UNKNOWN,2026-05-01 16:20:44,,2026-05-01 20:04:00,referred,not_determined,unknown,agency,no,high,AMBIGUOUS,
68856000,NYPD,Noise - Commercial,Closed,1,PASS,PASS,PASS,UNKNOWN,NA,PASS,,A3,ANSWERABLE,UNKNOWN,2026-05-02 00:27:21,2026-05-02 00:45:29,2026-05-02 00:45:33,responded,no_violation,yes,resident,no,medium,MATCHED,8.0
68857500,NYPD,Noise - Residential,Closed,1,PASS,PASS,UNKNOWN,UNKNOWN,NA,FAIL,A5,A5,FAIL,FAIL,2026-05-02 22:10:44,2026-05-02 23:21:41,2026-05-02 23:21:50,reviewed,not_determined,unknown,none,yes,low,MATCHED,8.0
68858500,NYPD,Illegal Parking,Closed,1,PASS,PASS,PASS,UNKNOWN,NA,PASS,,A3,ANSWERABLE,UNKNOWN,2026-05-02 08:18:34,2026-05-02 10:04:54,2026-05-02 10:04:57,responded,no_violation,yes,resident,no,medium,MATCHED,8.0
68859000,NYPD,Non-Emergency Police Matter,Closed,1,PASS,PASS,PASS,PASS,NA,PASS,,,ANSWERABLE,ANSWERABLE,2026-05-02 15:08:27,2026-05-02 21:43:13,2026-05-02 21:43:16,responded,no_violation,unknown,resident,no,high,MATCHED,8.0
68859500,NYPD,Illegal Parking,Closed,1,PASS,PASS,PASS,PASS,NA,PASS,,,ANSWERABLE,ANSWERABLE,2026-05-02 11:35:55,2026-05-02 12:33:42,2026-05-02 12:33:45,summons_issued,violation,unknown,none,no,high,MATCHED,8.0
68860000,NYPD,Noise - Residential,Closed,1,PASS,PASS,PASS,PASS,NA,PASS,,,ANSWERABLE,ANSWERABLE,2026-05-02 03:35:12,2026-05-02 04:11:00,2026-05-02 04:11:07,responded,no_violation,unknown,resident,no,high,MATCHED,8.0
68861000,NYPD,Illegal Parking,Closed,1,PASS,PASS,PASS,PASS,NA,PASS,,,ANSWERABLE,ANSWERABLE,2026-05-02 16:47:18,2026-05-02 21:37:59,2026-05-02 21:38:03,responded,no_violation,unknown,resident,no,high,MATCHED,8.0
68861500,NYPD,Noise - Vehicle,Closed,1,PASS,PASS,PASS,PASS,NA,PASS,,,ANSWERABLE,ANSWERABLE,2026-05-02 09:11:56,2026-05-02 11:54:20,2026-05-02 11:54:22,responded,no_violation,unknown,resident,no,high,MATCHED,8.0
68862500,NYPD,Noise - Commercial,Closed,1,PASS,PASS,PASS,UNKNOWN,NA,PASS,,A3,ANSWERABLE,UNKNOWN,2026-05-03 00:11:13,2026-05-03 00:54:53,2026-05-03 00:54:57,responded,no_violation,yes,resident,no,medium,MATCHED,8.0
68863000,DOT,Curb Condition,Closed,1,PASS,PASS,UNKNOWN,UNKNOWN,NA,UNKNOWN,A3,A3,UNKNOWN,UNKNOWN,2026-05-02 15:49:34,2026-06-11 08:12:23,2026-06-11 08:12:26,,,,,,,MATCHED,1440.0
68863500,NYPD,Illegal Parking,Closed,1,PASS,PASS,PASS,PASS,NA,PASS,,,ANSWERABLE,ANSWERABLE,2026-05-02 18:02:46,2026-05-02 20:59:27,2026-05-02 20:59:32,responded,no_violation,unknown,resident,no,high,MATCHED,8.0
68865000,NYPD,Noise - Residential,Closed,1,PASS,PASS,PASS,UNKNOWN,NA,PASS,,A3,ANSWERABLE,UNKNOWN,2026-05-02 18:23:58,2026-05-02 20:51:14,2026-05-02 20:51:18,responded,no_violation,yes,resident,no,medium,MATCHED,8.0
68865500,NYPD,Blocked Driveway,Closed,1,PASS,PASS,PASS,UNKNOWN,NA,PASS,,A3,ANSWERABLE,UNKNOWN,2026-05-03 01:39:18,2026-05-03 06:34:35,2026-05-03 06:34:39,responded,no_violation,yes,resident,no,medium,MATCHED,8.0
68866000,NYPD,Illegal Parking,Closed,1,PASS,PASS,PASS,PASS,NA,PASS,,,ANSWERABLE,ANSWERABLE,2026-05-02 13:49:23,2026-05-02 14:14:57,2026-05-02 14:15:00,responded,no_violation,unknown,resident,no,high,MATCHED,8.0
68866500,NYPD,Noise - Vehicle,Closed,1,PASS,PASS,PASS,PASS,NA,PASS,,,ANSWERABLE,ANSWERABLE,2026-05-03 00:58:25,2026-05-03 01:39:40,2026-05-03 01:39:46,responded,no_violation,unknown,resident,no,high,MATCHED,8.0
68867500,NYPD,Noise - Residential,Closed,1,PASS,PASS,PASS,UNKNOWN,NA,PASS,,A3,ANSWERABLE,UNKNOWN,2026-05-03 22:43:18,2026-05-03 23:21:33,2026-05-03 23:21:37,responded,no_violation,yes,resident,no,medium,MATCHED,8.0
68868000,NYPD,Encampment,Closed,1,PASS,PASS,PASS,PASS,NA,PASS,,,ANSWERABLE,ANSWERABLE,2026-05-03 12:23:18,2026-05-03 20:48:04,2026-05-03 20:48:07,responded,no_violation,unknown,resident,no,high,MATCHED,4.0
68868500,NYPD,Noise - Residential,Closed,1,PASS,PASS,PASS,UNKNOWN,NA,PASS,,A3,ANSWERABLE,UNKNOWN,2026-05-03 13:43:28,2026-05-03 13:57:57,2026-05-03 13:58:03,responded,no_violation,yes,resident,no,medium,MATCHED,8.0
68869000,NYPD,Noise - Vehicle,Closed,1,PASS,PASS,PASS,PASS,NA,PASS,,,ANSWERABLE,ANSWERABLE,2026-05-03 14:20:38,2026-05-04 12:35:46,2026-05-04 12:35:49,responded,no_violation,unknown,resident,no,high,MATCHED,8.0
68869500,DOT,Street Light Condition,Closed,1,PASS,PASS,UNKNOWN,UNKNOWN,NA,FAIL,A5,A5,FAIL,FAIL,2026-05-03 18:08:00,2026-05-13 18:00:00,2026-05-13 18:00:00,redirect,not_determined,unknown,none,yes,low,UNMATCHED,
68870000,NYPD,Illegal Parking,Closed,1,PASS,PASS,PASS,PASS,NA,PASS,,,ANSWERABLE,ANSWERABLE,2026-05-03 11:57:13,2026-05-05 00:46:58,2026-05-05 00:47:01,responded,no_violation,unknown,resident,no,high,MATCHED,8.0
68871000,DOB,Elevator,Closed,1,PASS,PASS,PASS,PASS,NA,PASS,,,ANSWERABLE,ANSWERABLE,2026-05-03 12:12:16,2026-05-11 00:00:00,2026-05-11 00:00:00,inspected,not_determined,unknown,none,no,high,MATCHED,960.0
68871500,NYPD,Illegal Parking,Closed,1,PASS,PASS,PASS,PASS,NA,PASS,,,ANSWERABLE,ANSWERABLE,2026-05-03 13:00:25,2026-05-03 18:32:19,2026-05-03 18:32:25,responded,no_violation,unknown,resident,no,high,MATCHED,8.0
68872000,HPD,HEAT/HOT WATER,Closed,1,PASS,PASS,PASS,PASS,NA,PASS,,,ANSWERABLE,ANSWERABLE,2026-05-03 09:13:25,2026-05-05 12:01:59,2026-05-05 12:01:59,duplicate,not_determined,no,agency,partial,high,MATCHED,72.0
68873000,NYPD,Noise - Residential,Closed,1,PASS,PASS,PASS,PASS,NA,PASS,,,ANSWERABLE,ANSWERABLE,2026-05-03 10:53:14,2026-05-03 12:11:19,2026-05-03 12:11:23,responded,no_violation,unknown,resident,no,high,MATCHED,8.0
68874000,NYPD,Noise - Commercial,Closed,1,PASS,PASS,PASS,PASS,NA,PASS,,,ANSWERABLE,ANSWERABLE,2026-05-03 16:23:21,2026-05-03 19:52:56,2026-05-03 19:53:00,responded,no_violation,unknown,resident,no,high,MATCHED,8.0
68874500,NYPD,Illegal Parking,Closed,1,PASS,PASS,PASS,PASS,NA,PASS,,,ANSWERABLE,ANSWERABLE,2026-05-03 22:20:19,2026-05-04 13:24:36,2026-05-04 13:24:39,responded,no_violation,unknown,resident,no,high,MATCHED,8.0
68875000,DOB,Special Projects Inspection Team (SPIT),Closed,1,PASS,PASS,PASS,PASS,NA,PASS,,,ANSWERABLE,ANSWERABLE,2026-05-03 16:21:57,2026-06-30 00:00:00,2026-06-30 00:00:00,other,not_determined,unknown,resident,no,high,UNMATCHED,
68876000,NYPD,Illegal Parking,Closed,1,PASS,PASS,PASS,PASS,NA,PASS,,,ANSWERABLE,ANSWERABLE,2026-05-04 23:12:52,2026-05-05 00:51:46,2026-05-05 00:51:52,summons_issued,violation,unknown,none,no,high,MATCHED,8.0
68876500,NYPD,Non-Emergency Police Matter,Closed,1,PASS,PASS,PASS,PASS,NA,PASS,,,ANSWERABLE,ANSWERABLE,2026-05-04 13:58:12,2026-05-04 18:10:18,2026-05-04 18:10:21,responded,no_violation,unknown,resident,no,high,MATCHED,8.0
68877000,NYPD,Noise - Residential,Closed,1,PASS,PASS,PASS,UNKNOWN,NA,PASS,,A3,ANSWERABLE,UNKNOWN,2026-05-04 20:17:59,2026-05-05 08:58:11,2026-05-05 08:58:15,responded,no_violation,yes,resident,no,medium,MATCHED,8.0
68877500,NYPD,Illegal Parking,Closed,1,PASS,PASS,PASS,PASS,NA,PASS,,,ANSWERABLE,ANSWERABLE,2026-05-04 16:37:12,2026-05-04 17:49:41,2026-05-04 17:49:45,responded,no_violation,unknown,resident,no,high,MATCHED,8.0
68878000,HPD,ELECTRIC,Closed,1,PASS,PASS,PASS,UNKNOWN,NA,PASS,,A3,ANSWERABLE,UNKNOWN,2026-05-04 10:50:20,2026-05-07 19:22:11,2026-05-07 19:22:11,other,not_determined,unknown,resident,partial,medium,AMBIGUOUS,
68878500,NYPD,Noise - Residential,Closed,1,PASS,PASS,PASS,UNKNOWN,NA,PASS,,A3,ANSWERABLE,UNKNOWN,2026-05-04 23:07:06,2026-05-05 02:30:19,2026-05-05 02:30:23,responded,no_violation,yes,resident,no,medium,MATCHED,8.0
68879000,NYPD,Illegal Parking,Closed,1,PASS,PASS,PASS,PASS,NA,PASS,,,ANSWERABLE,ANSWERABLE,2026-05-04 13:30:40,2026-05-04 13:44:49,2026-05-04 13:44:53,responded,no_violation,unknown,resident,no,high,MATCHED,8.0
68879500,HPD,DOOR/WINDOW,Closed,1,PASS,PASS,PASS,PASS,NA,PASS,,,ANSWERABLE,ANSWERABLE,2026-05-04 16:58:34,2026-05-18 11:44:08,2026-05-18 11:44:08,no_access,not_determined,unknown,resident,no,high,AMBIGUOUS,
68880000,NYPD,Noise - Residential,Closed,1,PASS,PASS,PASS,PASS,NA,PASS,,,ANSWERABLE,ANSWERABLE,2026-05-04 23:45:16,2026-05-05 11:47:21,2026-05-05 11:47:24,responded,no_violation,unknown,resident,no,high,MATCHED,8.0
68880500,NYPD,Illegal Parking,Closed,1,PASS,PASS,PASS,PASS,NA,PASS,,,ANSWERABLE,ANSWERABLE,2026-05-04 17:49:34,2026-05-04 23:21:43,2026-05-04 23:21:47,responded,no_violation,unknown,resident,no,high,MATCHED,8.0
68881000,HPD,APPLIANCE,Closed,1,PASS,PASS,PASS,PASS,NA,PASS,,,ANSWERABLE,ANSWERABLE,2026-05-04 20:34:48,2026-06-11 08:39:05,2026-06-11 08:39:05,no_access,not_determined,unknown,resident,no,high,AMBIGUOUS,
68881500,NYPD,Illegal Parking,Closed,1,PASS,PASS,PASS,PASS,NA,PASS,,,ANSWERABLE,ANSWERABLE,2026-05-05 00:34:01,2026-05-05 04:35:16,2026-05-05 04:35:21,summons_issued,violation,unknown,none,no,high,MATCHED,8.0
68882000,NYPD,Illegal Parking,Closed,1,PASS,PASS,PASS,PASS,NA,PASS,,,ANSWERABLE,ANSWERABLE,2026-05-04 08:39:24,2026-05-04 09:50:59,2026-05-04 09:51:03,summons_issued,violation,unknown,none,no,high,MATCHED,8.0
68882500,NYPD,Non-Emergency Police Matter,Closed,1,PASS,PASS,PASS,PASS,NA,PASS,,,ANSWERABLE,ANSWERABLE,2026-05-04 21:39:00,2026-05-04 21:40:26,2026-05-04 21:40:30,responded,no_violation,unknown,resident,no,high,MATCHED,8.0
68883000,NYPD,Illegal Parking,Closed,1,PASS,PASS,PASS,PASS,NA,PASS,,,ANSWERABLE,ANSWERABLE,2026-05-04 20:00:56,2026-05-05 01:56:40,2026-05-05 01:56:44,responded,no_violation,unknown,resident,no,high,MATCHED,8.0
68883500,NYPD,Illegal Parking,Closed,1,PASS,PASS,PASS,PASS,NA,PASS,,,ANSWERABLE,ANSWERABLE,2026-05-04 07:45:08,2026-05-04 09:12:10,2026-05-04 09:12:13,responded,no_violation,unknown,resident,no,high,MATCHED,8.0
68884000,NYPD,Noise - Street/Sidewalk,Closed,1,PASS,PASS,PASS,UNKNOWN,NA,PASS,,A3,ANSWERABLE,UNKNOWN,2026-05-04 02:18:19,2026-05-04 03:02:02,2026-05-04 03:02:05,responded,no_violation,yes,resident,no,medium,MATCHED,8.0
68884500,NYPD,Illegal Parking,Closed,1,PASS,PASS,PASS,PASS,NA,PASS,,,ANSWERABLE,ANSWERABLE,2026-05-05 01:10:13,2026-05-05 02:40:19,2026-05-05 02:40:23,summons_issued,violation,unknown,none,no,high,MATCHED,8.0
68885000,NYPD,Illegal Parking,Closed,1,PASS,PASS,PASS,PASS,NA,PASS,,,ANSWERABLE,ANSWERABLE,2026-05-04 09:20:47,2026-05-04 09:56:50,2026-05-04 09:56:55,summons_issued,violation,unknown,none,no,high,MATCHED,8.0
68885500,NYPD,Noise - Street/Sidewalk,Closed,1,PASS,PASS,PASS,UNKNOWN,NA,PASS,,A3,ANSWERABLE,UNKNOWN,2026-05-04 20:05:07,2026-05-04 22:32:30,2026-05-04 22:32:34,responded,no_violation,yes,resident,no,medium,MATCHED,8.0
68887000,NYPD,Noise - Street/Sidewalk,Closed,1,PASS,PASS,PASS,UNKNOWN,NA,PASS,,A3,ANSWERABLE,UNKNOWN,2026-05-04 02:47:40,2026-05-04 04:07:39,2026-05-04 04:07:44,responded,no_violation,yes,resident,no,medium,MATCHED,8.0
68887500,DOT,Curb Condition,Closed,1,PASS,PASS,PASS,PASS,NA,PASS,,,ANSWERABLE,ANSWERABLE,2026-05-04 11:12:43,2026-06-26 09:53:32,2026-06-26 09:53:35,violation_issued,violation,no,other_party,no,high,MATCHED,1440.0
68888500,NYPD,Noise - Residential,Closed,1,PASS,PASS,PASS,PASS,NA,PASS,,,ANSWERABLE,ANSWERABLE,2026-05-05 09:01:16,2026-05-05 09:43:09,2026-05-05 09:43:13,responded,no_violation,unknown,resident,no,high,MATCHED,8.0
68889500,NYPD,Illegal Parking,Closed,1,PASS,PASS,PASS,UNKNOWN,NA,PASS,,A3,ANSWERABLE,UNKNOWN,2026-05-05 12:36:34,2026-05-05 13:42:14,2026-05-05 13:42:18,responded,no_violation,yes,resident,no,medium,MATCHED,8.0
68890000,NYPD,Noise - Commercial,Closed,1,PASS,PASS,PASS,UNKNOWN,NA,PASS,,A3,ANSWERABLE,UNKNOWN,2026-05-06 00:10:51,2026-05-06 00:51:55,2026-05-06 00:52:00,responded,no_violation,yes,resident,no,medium,MATCHED,8.0
68890500,NYPD,Illegal Parking,Closed,1,PASS,PASS,PASS,PASS,NA,PASS,,,ANSWERABLE,ANSWERABLE,2026-05-05 17:59:25,2026-05-05 18:52:55,2026-05-05 18:53:01,summons_issued,violation,unknown,none,no,high,MATCHED,8.0
68891500,DOB,General Construction/Plumbing,Closed,1,PASS,PASS,PASS,PASS,NA,PASS,,,ANSWERABLE,ANSWERABLE,2026-05-05 09:57:49,2026-05-06 00:00:00,2026-05-06 00:00:00,inspected,not_determined,unknown,none,no,high,UNMATCHED,
68892000,DOT,Street Condition,Closed,1,PASS,PASS,PASS,PASS,NA,PASS,,,ANSWERABLE,ANSWERABLE,2026-05-05 15:30:44,2026-05-09 08:15:00,2026-05-09 08:15:00,repaired,condition_confirmed,yes,none,no,high,AMBIGUOUS,
68893000,NYPD,Blocked Driveway,Closed,1,PASS,PASS,PASS,PASS,NA,PASS,,,ANSWERABLE,ANSWERABLE,2026-05-05 09:42:37,2026-05-05 12:57:36,2026-05-05 12:57:40,summons_issued,violation,unknown,none,no,high,MATCHED,8.0
68893500,HPD,PLUMBING,Closed,1,PASS,PASS,PASS,PASS,NA,PASS,,,ANSWERABLE,ANSWERABLE,2026-05-05 15:56:16,2026-05-13 11:13:07,2026-05-13 11:13:07,inspected,no_violation,unknown,none,no,high,AMBIGUOUS,
68894500,NYPD,Illegal Parking,Closed,1,PASS,PASS,PASS,PASS,NA,PASS,,,ANSWERABLE,ANSWERABLE,2026-05-05 13:59:02,2026-05-05 17:04:13,2026-05-05 17:04:16,responded,no_violation,unknown,resident,no,high,MATCHED,8.0
68895000,HPD,ELECTRIC,Closed,1,PASS,PASS,PASS,PASS,NA,PASS,,,ANSWERABLE,ANSWERABLE,2026-05-05 11:04:19,2026-05-09 17:28:39,2026-05-09 17:28:39,inspected,no_violation,unknown,none,no,high,AMBIGUOUS,
68895500,NYPD,Noise - Street/Sidewalk,Closed,1,PASS,PASS,PASS,PASS,NA,PASS,,,ANSWERABLE,ANSWERABLE,2026-05-06 01:30:31,2026-05-06 02:29:47,2026-05-06 02:29:53,responded,no_violation,unknown,resident,no,high,MATCHED,8.0
68896000,NYPD,Illegal Parking,Closed,1,PASS,PASS,UNKNOWN,UNKNOWN,NA,FAIL,A5,A5,FAIL,FAIL,2026-05-05 19:30:49,2026-05-05 21:13:23,2026-05-05 21:13:28,reviewed,not_determined,unknown,none,yes,low,MATCHED,8.0
68896500,NYPD,Noise - Street/Sidewalk,Closed,1,PASS,PASS,PASS,UNKNOWN,NA,PASS,,A3,ANSWERABLE,UNKNOWN,2026-05-05 22:54:14,2026-05-05 23:00:23,2026-05-05 23:00:26,responded,no_violation,yes,resident,no,medium,MATCHED,8.0
68897000,DOT,Bus Stop Shelter Complaint,Closed,1,PASS,PASS,PASS,UNKNOWN,NA,PASS,,A3,ANSWERABLE,UNKNOWN,2026-05-05 03:35:44,2026-05-08 14:16:10,2026-05-08 14:16:14,repaired,not_applicable,yes,none,no,medium,MATCHED,240.0
68898000,NYPD,Noise - Street/Sidewalk,Closed,1,PASS,PASS,PASS,UNKNOWN,NA,PASS,,A3,ANSWERABLE,UNKNOWN,2026-05-05 20:48:03,2026-05-05 22:41:40,2026-05-05 22:41:43,responded,no_violation,yes,resident,no,medium,MATCHED,8.0
68899000,DOT,Traffic Signal Condition,Closed,1,PASS,PASS,UNKNOWN,UNKNOWN,NA,FAIL,A5,A5,FAIL,FAIL,2026-05-05 15:28:00,2026-08-06 11:00:00,2026-08-06 11:00:00,redirect,not_determined,unknown,none,yes,low,UNMATCHED,
68899500,NYPD,Noise - Residential,Closed,1,PASS,PASS,PASS,UNKNOWN,NA,PASS,,A3,ANSWERABLE,UNKNOWN,2026-05-05 11:42:43,2026-05-05 18:34:37,2026-05-05 18:34:41,responded,no_violation,yes,resident,no,medium,MATCHED,8.0
68901000,NYPD,Noise - Residential,Closed,1,PASS,PASS,PASS,PASS,NA,PASS,,,ANSWERABLE,ANSWERABLE,2026-05-06 22:30:54,2026-05-07 01:39:01,2026-05-07 01:39:05,responded,no_violation,unknown,resident,no,high,MATCHED,8.0
68901500,DOT,Sidewalk Condition,Closed,1,PASS,PASS,PASS,UNKNOWN,NA,PASS,,A3,ANSWERABLE,UNKNOWN,2026-05-06 14:23:06,2026-05-15 12:51:07,2026-05-15 12:51:10,inspected,not_determined,unknown,other_party,no,medium,AMBIGUOUS,
68902000,NYPD,Illegal Parking,Closed,1,PASS,PASS,PASS,UNKNOWN,NA,PASS,,A3,ANSWERABLE,UNKNOWN,2026-05-06 14:54:02,2026-05-06 15:37:05,2026-05-06 15:37:09,responded,no_violation,yes,resident,no,medium,MATCHED,8.0
68902500,HPD,PAINT/PLASTER,Closed,1,PASS,PASS,PASS,PASS,NA,PASS,,,ANSWERABLE,ANSWERABLE,2026-05-06 08:23:21,2026-05-11 20:19:44,2026-05-11 20:19:44,violation_issued,violation,no,other_party,partial,high,AMBIGUOUS,
68903500,NYPD,Blocked Driveway,Closed,1,PASS,PASS,PASS,PASS,NA,PASS,,,ANSWERABLE,ANSWERABLE,2026-05-06 20:39:50,2026-05-06 21:16:04,2026-05-06 21:16:08,responded,no_violation,unknown,resident,no,high,MATCHED,8.0
68905000,NYPD,Noise - Residential,Closed,1,PASS,PASS,PASS,PASS,NA,PASS,,,ANSWERABLE,ANSWERABLE,2026-05-06 02:09:15,2026-05-06 03:14:51,2026-05-06 03:14:55,responded,no_violation,unknown,resident,no,high,MATCHED,8.0
68905500,NYPD,Noise - Street/Sidewalk,Closed,1,PASS,PASS,PASS,PASS,NA,PASS,,,ANSWERABLE,ANSWERABLE,2026-05-07 00:58:22,2026-05-07 02:45:08,2026-05-07 02:45:12,responded,no_violation,unknown,resident,no,high,MATCHED,8.0
68906000,NYPD,Illegal Parking,Closed,1,PASS,PASS,PASS,PASS,NA,PASS,,,ANSWERABLE,ANSWERABLE,2026-05-06 22:51:41,2026-05-06 23:16:47,2026-05-06 23:16:50,responded,no_violation,unknown,resident,no,high,MATCHED,8.0
68906500,HPD,SAFETY,Closed,1,PASS,PASS,PASS,UNKNOWN,NA,PASS,,A3,ANSWERABLE,UNKNOWN,2026-05-06 18:11:55,2026-05-16 18:43:19,2026-05-16 18:43:19,other,not_determined,unknown,resident,partial,medium,MATCHED,72.0
68907000,DOB,Real Time Enforcement,Closed,1,PASS,PASS,PASS,PASS,NA,PASS,,,ANSWERABLE,ANSWERABLE,2026-05-06 17:20:40,2026-05-06 17:20:40,2026-05-06 00:00:00,inspected,not_determined,unknown,none,no,high,UNMATCHED,
68907500,DOT,Street Light Condition,Closed,1,PASS,PASS,UNKNOWN,UNKNOWN,NA,FAIL,A5,A5,FAIL,FAIL,2026-05-06 21:40:00,2026-05-13 10:25:00,2026-05-13 10:25:00,redirect,not_determined,unknown,none,yes,low,UNMATCHED,
68908000,NYPD,Abandoned Vehicle,Closed,1,PASS,PASS,PASS,UNKNOWN,NA,PASS,,A3,ANSWERABLE,UNKNOWN,2026-05-06 14:51:12,2026-05-06 17:41:47,2026-05-06 17:41:50,responded,no_violation,yes,resident,no,medium,MATCHED,8.0
68909000,NYPD,Noise - Residential,Closed,1,PASS,PASS,PASS,PASS,NA,PASS,,,ANSWERABLE,ANSWERABLE,2026-05-06 21:41:56,2026-05-06 22:36:16,2026-05-06 22:36:21,responded,no_violation,unknown,resident,no,high,MATCHED,8.0
68909500,NYPD,Illegal Parking,Closed,1,PASS,PASS,PASS,PASS,NA,PASS,,,ANSWERABLE,ANSWERABLE,2026-05-07 01:00:34,2026-05-07 03:30:20,2026-05-07 03:30:24,summons_issued,violation,unknown,none,no,high,MATCHED,8.0
68910000,NYPD,Illegal Parking,Closed,1,PASS,PASS,PASS,PASS,NA,PASS,,,ANSWERABLE,ANSWERABLE,2026-05-06 17:40:01,2026-05-06 17:46:22,2026-05-06 17:46:25,responded,no_violation,unknown,resident,no,high,MATCHED,8.0
68910500,HPD,HEAT/HOT WATER,Closed,1,PASS,PASS,PASS,PASS,NA,PASS,,,ANSWERABLE,ANSWERABLE,2026-05-06 15:08:38,2026-05-08 15:03:06,2026-05-08 15:03:06,no_access,not_determined,unknown,resident,no,high,MATCHED,72.0
68911500,NYPD,Noise - Vehicle,Closed,1,PASS,PASS,PASS,UNKNOWN,NA,PASS,,A3,ANSWERABLE,UNKNOWN,2026-05-07 08:35:34,2026-05-07 08:45:05,2026-05-07 08:45:08,responded,no_violation,yes,resident,no,medium,MATCHED,8.0
68912000,HPD,UNSANITARY CONDITION,Closed,1,PASS,PASS,PASS,PASS,NA,PASS,,,ANSWERABLE,ANSWERABLE,2026-05-07 08:58:19,2026-05-20 19:28:32,2026-05-20 19:28:32,violation_issued,violation,no,other_party,partial,high,AMBIGUOUS,
68913000,NYPD,Noise - House of Worship,Closed,1,PASS,PASS,PASS,UNKNOWN,NA,PASS,,A3,ANSWERABLE,UNKNOWN,2026-05-08 00:24:15,2026-05-08 00:25:30,2026-05-08 00:25:35,responded,no_violation,yes,resident,no,medium,MATCHED,8.0
68913500,NYPD,Abandoned Vehicle,Closed,1,PASS,PASS,PASS,PASS,NA,PASS,,,ANSWERABLE,ANSWERABLE,2026-05-07 12:36:33,2026-05-07 18:21:38,2026-05-07 18:21:41,responded,no_violation,unknown,resident,no,high,MATCHED,8.0
68914500,NYPD,Noise - Residential,Closed,1,PASS,PASS,PASS,PASS,NA,PASS,,,ANSWERABLE,ANSWERABLE,2026-05-07 20:56:22,2026-05-07 21:12:53,2026-05-07 21:12:57,responded,no_violation,unknown,resident,no,high,MATCHED,8.0
68915500,NYPD,Illegal Parking,Closed,1,PASS,PASS,PASS,PASS,NA,PASS,,,ANSWERABLE,ANSWERABLE,2026-05-07 11:54:16,2026-05-07 13:16:25,2026-05-07 13:16:30,summons_issued,violation,unknown,none,no,high,MATCHED,8.0
68916000,HPD,HEAT/HOT WATER,Closed,1,PASS,PASS,UNKNOWN,UNKNOWN,NA,FAIL,A5,A5,FAIL,FAIL,2026-05-07 09:04:55,2026-05-07 14:03:06,2026-05-07 14:03:06,inspected,not_determined,unknown,none,yes,low,MATCHED,72.0
68917000,NYPD,Noise - Vehicle,Closed,1,PASS,PASS,PASS,PASS,NA,PASS,,,ANSWERABLE,ANSWERABLE,2026-05-07 19:04:29,2026-05-07 19:50:03,2026-05-07 19:50:05,responded,no_violation,unknown,resident,no,high,MATCHED,8.0
68917500,HPD,UNSANITARY CONDITION,Closed,1,PASS,PASS,PASS,PASS,NA,PASS,,,ANSWERABLE,ANSWERABLE,2026-05-07 15:23:53,2026-05-26 09:31:49,2026-05-26 09:31:49,no_access,not_determined,unknown,resident,no,high,AMBIGUOUS,
68918500,NYPD,Noise - Commercial,Closed,1,PASS,PASS,PASS,UNKNOWN,NA,PASS,,A3,ANSWERABLE,UNKNOWN,2026-05-07 22:10:06,2026-05-07 22:26:12,2026-05-07 22:26:16,responded,no_violation,yes,resident,no,medium,MATCHED,8.0
68920000,NYPD,Noise - Street/Sidewalk,Closed,1,PASS,PASS,PASS,UNKNOWN,NA,PASS,,A3,ANSWERABLE,UNKNOWN,2026-05-07 19:53:09,2026-05-07 20:29:19,2026-05-07 20:29:22,responded,no_violation,yes,resident,no,medium,MATCHED,8.0
68920500,NYPD,Illegal Parking,Closed,1,PASS,PASS,PASS,PASS,NA,PASS,,,ANSWERABLE,ANSWERABLE,2026-05-08 00:49:45,2026-05-08 02:10:29,2026-05-08 02:10:32,responded,no_violation,unknown,resident,no,high,MATCHED,8.0
68921000,NYPD,Illegal Parking,Closed,1,PASS,PASS,PASS,PASS,NA,PASS,,,ANSWERABLE,ANSWERABLE,2026-05-07 17:49:46,2026-05-07 18:55:01,2026-05-07 18:55:05,summons_issued,violation,unknown,none,no,high,MATCHED,8.0
68921500,HPD,DOOR/WINDOW,Closed,1,PASS,PASS,PASS,UNKNOWN,NA,PASS,,A3,ANSWERABLE,UNKNOWN,2026-05-07 10:18:26,2026-05-10 17:40:02,2026-05-10 17:40:02,other,not_determined,unknown,resident,partial,medium,AMBIGUOUS,
68922000,DOT,Street Condition,Closed,1,PASS,PASS,PASS,PASS,NA,PASS,,,ANSWERABLE,ANSWERABLE,2026-05-07 07:11:36,2026-05-08 08:49:22,2026-05-08 08:49:26,not_jurisdiction,not_applicable,unknown,other_party,no,high,MATCHED,240.0
68922500,NYPD,Illegal Parking,Closed,1,PASS,PASS,PASS,PASS,NA,PASS,,,ANSWERABLE,ANSWERABLE,2026-05-08 09:32:09,2026-05-08 10:50:14,2026-05-08 10:50:18,responded,no_violation,unknown,resident,no,high,MATCHED,8.0
68923000,HPD,PLUMBING,Closed,1,PASS,PASS,PASS,PASS,NA,PASS,,,ANSWERABLE,ANSWERABLE,2026-05-08 07:34:18,2026-05-08 19:02:03,2026-05-08 19:02:03,violation_issued,violation,no,other_party,partial,high,AMBIGUOUS,
68924000,DOT,Street Condition,Closed,1,PASS,PASS,PASS,UNKNOWN,NA,PASS,,A3,ANSWERABLE,UNKNOWN,2026-05-08 08:39:23,2026-05-08 08:39:23,2026-05-08 08:39:23,duplicate,not_determined,unknown,agency,no,medium,AMBIGUOUS,
68924500,NYPD,Drug Activity,Closed,1,PASS,PASS,PASS,PASS,NA,PASS,,,ANSWERABLE,ANSWERABLE,2026-05-08 12:11:45,2026-05-08 13:26:10,2026-05-08 13:26:13,responded,no_violation,unknown,resident,no,high,MATCHED,8.0
68925500,NYPD,Noise - Residential,Closed,1,PASS,PASS,PASS,PASS,NA,PASS,,,ANSWERABLE,ANSWERABLE,2026-05-08 23:26:50,2026-05-08 23:58:40,2026-05-08 23:58:43,responded,no_violation,unknown,resident,no,high,MATCHED,8.0
68926000,NYPD,Blocked Driveway,Closed,1,PASS,PASS,PASS,PASS,NA,PASS,,,ANSWERABLE,ANSWERABLE,2026-05-08 22:29:00,2026-05-09 09:41:47,2026-05-09 09:41:50,responded,no_violation,unknown,resident,no,high,MATCHED,8.0
68927000,NYPD,Noise - Residential,Closed,1,PASS,PASS,PASS,PASS,NA,PASS,,,ANSWERABLE,ANSWERABLE,2026-05-08 02:29:33,2026-05-08 05:59:24,2026-05-08 05:59:28,responded,no_violation,unknown,resident,no,high,MATCHED,8.0
68927500,DOT,Curb Condition,Closed,1,PASS,PASS,PASS,PASS,NA,PASS,,,ANSWERABLE,ANSWERABLE,2026-05-08 19:09:29,2026-06-01 11:54:13,2026-06-01 11:54:16,referred,condition_confirmed,no,agency,no,high,MATCHED,720.0
68928000,NYPD,Illegal Parking,Closed,1,PASS,PASS,PASS,PASS,NA,PASS,,,ANSWERABLE,ANSWERABLE,2026-05-08 09:22:03,2026-05-08 09:43:27,2026-05-08 09:43:30,responded,no_violation,unknown,resident,no,high,MATCHED,8.0
68928500,NYPD,Noise - Street/Sidewalk,Closed,1,PASS,PASS,PASS,PASS,NA,PASS,,,ANSWERABLE,ANSWERABLE,2026-05-08 07:50:24,2026-05-08 09:37:04,2026-05-08 09:37:08,responded,no_violation,unknown,resident,no,high,MATCHED,8.0
68929000,NYPD,Noise - Residential,Closed,1,PASS,PASS,PASS,PASS,NA,PASS,,,ANSWERABLE,ANSWERABLE,2026-05-08 23:51:05,2026-05-09 03:27:34,2026-05-09 03:27:39,responded,no_violation,unknown,resident,no,high,MATCHED,8.0
68929500,NYPD,Illegal Parking,Closed,1,PASS,PASS,UNKNOWN,UNKNOWN,NA,FAIL,A5,A5,FAIL,FAIL,2026-05-08 06:48:14,2026-05-08 06:57:11,2026-05-08 06:57:15,reviewed,not_determined,unknown,none,yes,low,MATCHED,8.0
68930000,HPD,HEAT/HOT WATER,Closed,1,PASS,PASS,PASS,PASS,NA,PASS,,,ANSWERABLE,ANSWERABLE,2026-05-08 20:13:19,2026-05-09 18:24:26,2026-05-09 18:24:26,duplicate,not_determined,no,agency,partial,high,MATCHED,72.0
68931000,NYPD,Blocked Driveway,Closed,1,PASS,PASS,PASS,PASS,NA,PASS,,,ANSWERABLE,ANSWERABLE,2026-05-08 10:21:45,2026-05-08 10:38:34,2026-05-08 10:38:37,summons_issued,violation,unknown,none,no,high,MATCHED,8.0
68931500,HPD,PLUMBING,Closed,1,PASS,PASS,PASS,PASS,NA,PASS,,,ANSWERABLE,ANSWERABLE,2026-05-08 15:31:32,2026-05-28 10:23:13,2026-05-28 10:23:13,violation_issued,violation,no,other_party,partial,high,AMBIGUOUS,
68932500,NYPD,Blocked Driveway,Closed,1,PASS,PASS,PASS,PASS,NA,PASS,,,ANSWERABLE,ANSWERABLE,2026-05-08 09:33:34,2026-05-08 10:14:09,2026-05-08 10:14:12,responded,no_violation,unknown,resident,no,high,MATCHED,8.0
68933000,HPD,WATER LEAK,Closed,1,PASS,PASS,PASS,PASS,NA,PASS,,,ANSWERABLE,ANSWERABLE,2026-05-08 22:58:35,2026-05-22 10:33:59,2026-05-22 10:33:59,inspected,no_violation,unknown,none,no,high,AMBIGUOUS,
68934000,NYPD,Noise - Residential,Closed,1,PASS,PASS,PASS,PASS,NA,PASS,,,ANSWERABLE,ANSWERABLE,2026-05-09 01:54:54,2026-05-09 02:39:39,2026-05-09 02:39:45,no_access,not_determined,unknown,resident,no,high,MATCHED,8.0
68934500,NYPD,Illegal Parking,Closed,1,PASS,PASS,PASS,PASS,NA,PASS,,,ANSWERABLE,ANSWERABLE,2026-05-09 19:34:38,2026-05-11 01:44:54,2026-05-11 01:44:58,responded,no_violation,unknown,resident,no,high,MATCHED,8.0
68935000,NYPD,Illegal Parking,Closed,1,PASS,PASS,PASS,PASS,NA,PASS,,,ANSWERABLE,ANSWERABLE,2026-05-09 14:26:09,2026-05-09 14:34:39,2026-05-09 14:34:42,responded,no_violation,unknown,resident,no,high,MATCHED,8.0
68935500,HPD,HEAT/HOT WATER,Closed,1,PASS,PASS,PASS,PASS,NA,PASS,,,ANSWERABLE,ANSWERABLE,2026-05-09 11:52:40,2026-05-10 15:32:12,2026-05-10 15:32:12,duplicate,not_determined,no,agency,partial,high,MATCHED,72.0
68936500,NYPD,Noise - Residential,Closed,1,PASS,PASS,PASS,UNKNOWN,NA,PASS,,A3,ANSWERABLE,UNKNOWN,2026-05-09 20:29:37,2026-05-09 21:25:20,2026-05-09 21:25:24,responded,no_violation,yes,resident,no,medium,MATCHED,8.0
68937500,NYPD,Noise - Park,Closed,1,PASS,PASS,PASS,UNKNOWN,NA,PASS,,A3,ANSWERABLE,UNKNOWN,2026-05-10 00:42:30,2026-05-10 01:15:02,2026-05-10 01:15:06,responded,no_violation,yes,resident,no,medium,MATCHED,8.0
68938000,NYPD,Illegal Parking,Closed,1,PASS,PASS,PASS,PASS,NA,PASS,,,ANSWERABLE,ANSWERABLE,2026-05-09 20:54:44,2026-05-10 08:04:44,2026-05-10 08:04:50,responded,no_violation,unknown,resident,no,high,MATCHED,8.0
68938500,NYPD,Illegal Parking,Closed,1,PASS,PASS,PASS,UNKNOWN,NA,PASS,,A3,ANSWERABLE,UNKNOWN,2026-05-09 18:52:37,2026-05-09 19:35:17,2026-05-09 19:35:23,responded,no_violation,yes,resident,no,medium,MATCHED,8.0
68939000,HPD,PLUMBING,Closed,1,PASS,PASS,PASS,PASS,NA,PASS,,,ANSWERABLE,ANSWERABLE,2026-05-09 15:13:22,2026-06-04 15:37:48,2026-06-04 15:37:48,inspected,no_violation,unknown,none,no,high,AMBIGUOUS,
68939500,DOB,General Construction/Plumbing,Closed,1,PASS,PASS,PASS,PASS,NA,PASS,,,ANSWERABLE,ANSWERABLE,2026-05-09 08:01:59,2026-05-11 00:00:00,2026-05-11 00:00:00,inspected,not_determined,unknown,none,no,high,UNMATCHED,
68940000,NYPD,Noise - Residential,Closed,1,PASS,PASS,PASS,UNKNOWN,NA,PASS,,A3,ANSWERABLE,UNKNOWN,2026-05-09 23:26:46,2026-05-10 00:07:24,2026-05-10 00:07:27,responded,no_violation,yes,resident,no,medium,MATCHED,8.0
68941000,NYPD,Noise - Commercial,Closed,1,PASS,PASS,PASS,PASS,NA,PASS,,,ANSWERABLE,ANSWERABLE,2026-05-09 23:24:09,2026-05-10 00:55:17,2026-05-10 00:55:20,responded,no_violation,unknown,resident,no,high,MATCHED,8.0
68941500,NYPD,Animal-Abuse,Closed,1,PASS,PASS,PASS,PASS,NA,PASS,,,ANSWERABLE,ANSWERABLE,2026-05-09 23:32:06,2026-05-09 23:46:58,2026-05-09 23:47:01,responded,no_violation,unknown,resident,no,high,MATCHED,8.0
68942000,NYPD,Illegal Parking,Closed,1,PASS,PASS,PASS,PASS,NA,PASS,,,ANSWERABLE,ANSWERABLE,2026-05-09 12:02:05,2026-05-09 12:58:48,2026-05-09 12:58:53,responded,no_violation,unknown,resident,no,high,MATCHED,8.0
68942500,HPD,DOOR/WINDOW,Closed,1,PASS,PASS,PASS,PASS,NA,PASS,,,ANSWERABLE,ANSWERABLE,2026-05-09 14:05:21,2026-05-18 10:00:24,2026-05-18 10:00:24,inspected,no_violation,unknown,none,no,high,AMBIGUOUS,
68943500,NYPD,Noise - Residential,Closed,1,PASS,PASS,PASS,UNKNOWN,NA,PASS,,A3,ANSWERABLE,UNKNOWN,2026-05-10 19:36:08,2026-05-10 19:36:53,2026-05-10 19:36:56,responded,no_violation,yes,resident,no,medium,MATCHED,8.0
68944500,NYPD,Noise - Residential,Closed,1,PASS,PASS,PASS,UNKNOWN,NA,PASS,,A3,ANSWERABLE,UNKNOWN,2026-05-10 10:24:38,2026-05-10 11:46:47,2026-05-10 11:46:51,responded,no_violation,yes,resident,no,medium,MATCHED,8.0
68945500,NYPD,Blocked Driveway,Closed,1,PASS,PASS,PASS,PASS,NA,PASS,,,ANSWERABLE,ANSWERABLE,2026-05-10 20:33:13,2026-05-10 23:19:54,2026-05-10 23:19:59,responded,no_violation,unknown,resident,no,high,MATCHED,8.0
68946000,HPD,WATER LEAK,Closed,1,PASS,PASS,PASS,PASS,NA,PASS,,,ANSWERABLE,ANSWERABLE,2026-05-10 18:48:29,2026-05-11 12:17:44,2026-05-11 12:17:44,violation_issued,violation,no,other_party,partial,high,AMBIGUOUS,
68946500,NYPD,Illegal Parking,Closed,1,PASS,PASS,PASS,UNKNOWN,NA,PASS,,A3,ANSWERABLE,UNKNOWN,2026-05-10 22:16:30,2026-05-10 22:53:19,2026-05-10 22:53:23,responded,no_violation,yes,resident,no,medium,MATCHED,8.0
68947000,NYPD,Noise - Street/Sidewalk,Closed,1,PASS,PASS,PASS,PASS,NA,PASS,,,ANSWERABLE,ANSWERABLE,2026-05-10 20:35:07,2026-05-10 20:45:37,2026-05-10 20:45:41,responded,no_violation,unknown,resident,no,high,MATCHED,8.0
68947500,NYPD,Illegal Parking,Closed,1,PASS,PASS,PASS,PASS,NA,PASS,,,ANSWERABLE,ANSWERABLE,2026-05-10 13:42:26,2026-05-10 15:08:05,2026-05-10 15:08:07,summons_issued,violation,unknown,none,no,high,MATCHED,8.0
68948000,NYPD,Noise - Residential,Closed,1,PASS,PASS,PASS,PASS,NA,PASS,,,ANSWERABLE,ANSWERABLE,2026-05-10 19:31:20,2026-05-10 22:29:37,2026-05-10 22:29:43,responded,no_violation,unknown,resident,no,high,MATCHED,8.0
68948500,NYPD,Illegal Parking,Closed,1,PASS,PASS,PASS,PASS,NA,PASS,,,ANSWERABLE,ANSWERABLE,2026-05-10 18:52:57,2026-05-10 20:59:30,2026-05-10 20:59:34,responded,no_violation,unknown,resident,no,high,MATCHED,8.0
68949000,NYPD,Noise - Residential,Closed,1,PASS,PASS,PASS,PASS,NA,PASS,,,ANSWERABLE,ANSWERABLE,2026-05-10 08:41:45,2026-05-10 09:57:16,2026-05-10 09:57:21,no_access,not_determined,unknown,resident,no,high,MATCHED,8.0
68949500,NYPD,Noise - Residential,Closed,1,PASS,PASS,PASS,PASS,NA,PASS,,,ANSWERABLE,ANSWERABLE,2026-05-11 01:23:01,2026-05-11 02:08:59,2026-05-11 02:09:02,responded,no_violation,unknown,resident,no,high,MATCHED,8.0
68950000,NYPD,Noise - Vehicle,Closed,1,PASS,PASS,PASS,PASS,NA,PASS,,,ANSWERABLE,ANSWERABLE,2026-05-10 16:32:11,2026-05-10 18:36:33,2026-05-10 18:36:38,responded,no_violation,unknown,resident,no,high,MATCHED,8.0
68950500,HPD,UNSANITARY CONDITION,Closed,1,PASS,PASS,PASS,PASS,NA,PASS,,,ANSWERABLE,ANSWERABLE,2026-05-10 20:02:39,2026-05-18 11:15:05,2026-05-18 11:15:05,inspected,no_violation,unknown,none,no,high,MATCHED,72.0
68951000,NYPD,Illegal Parking,Closed,1,PASS,PASS,PASS,PASS,NA,PASS,,,ANSWERABLE,ANSWERABLE,2026-05-10 15:12:07,2026-05-10 15:49:10,2026-05-10 15:49:13,responded,no_violation,unknown,resident,no,high,MATCHED,8.0
68951500,HPD,ELECTRIC,Closed,1,PASS,PASS,PASS,UNKNOWN,NA,PASS,,A3,ANSWERABLE,UNKNOWN,2026-05-10 12:52:03,2026-05-11 12:39:57,2026-05-11 12:39:57,other,not_determined,unknown,resident,partial,medium,AMBIGUOUS,
68953000,DOT,Curb Condition,Closed,1,PASS,PASS,PASS,PASS,NA,PASS,,,ANSWERABLE,ANSWERABLE,2026-05-11 18:12:49,2026-05-23 08:56:07,2026-05-23 08:56:11,received_only,not_determined,unknown,agency,no,high,MATCHED,720.0
68954000,NYPD,Noise - Residential,Closed,1,PASS,PASS,PASS,PASS,NA,PASS,,,ANSWERABLE,ANSWERABLE,2026-05-11 11:44:01,2026-05-11 12:05:37,2026-05-11 12:05:41,responded,no_violation,unknown,resident,no,high,MATCHED,8.0
68955500,NYPD,Noise - Residential,Closed,1,PASS,PASS,PASS,PASS,NA,PASS,,,ANSWERABLE,ANSWERABLE,2026-05-11 03:33:33,2026-05-11 04:28:58,2026-05-11 04:29:02,responded,no_violation,unknown,resident,no,high,MATCHED,8.0
68956500,NYPD,Illegal Parking,Closed,1,PASS,PASS,PASS,PASS,NA,PASS,,,ANSWERABLE,ANSWERABLE,2026-05-11 10:48:43,2026-05-11 12:58:57,2026-05-11 12:59:02,responded,no_violation,unknown,resident,no,high,MATCHED,8.0
68957000,HPD,DOOR/WINDOW,Closed,1,PASS,PASS,PASS,PASS,NA,PASS,,,ANSWERABLE,ANSWERABLE,2026-05-11 15:47:32,2026-06-02 02:12:03,2026-06-02 02:12:03,inspected,no_violation,unknown,none,no,high,AMBIGUOUS,
68957500,NYPD,Illegal Parking,Closed,1,PASS,PASS,PASS,PASS,NA,PASS,,,ANSWERABLE,ANSWERABLE,2026-05-11 19:15:29,2026-05-12 03:01:32,2026-05-12 03:01:34,responded,no_violation,unknown,resident,no,high,MATCHED,8.0
68958000,NYPD,Illegal Parking,Closed,1,PASS,PASS,PASS,PASS,NA,PASS,,,ANSWERABLE,ANSWERABLE,2026-05-11 09:04:07,2026-05-11 13:26:03,2026-05-11 13:26:05,responded,no_violation,unknown,resident,no,high,MATCHED,8.0
68958500,HPD,DOOR/WINDOW,Closed,1,PASS,PASS,PASS,UNKNOWN,NA,PASS,,A3,ANSWERABLE,UNKNOWN,2026-05-11 22:59:38,2026-05-19 19:35:13,2026-05-19 19:35:13,other,not_determined,unknown,resident,partial,medium,AMBIGUOUS,
68959000,NYPD,Illegal Parking,Closed,1,PASS,PASS,PASS,PASS,NA,PASS,,,ANSWERABLE,ANSWERABLE,2026-05-11 19:06:03,2026-05-12 03:45:08,2026-05-12 03:45:13,responded,no_violation,unknown,resident,no,high,MATCHED,8.0
68959500,NYPD,Illegal Parking,Closed,1,PASS,PASS,PASS,PASS,NA,PASS,,,ANSWERABLE,ANSWERABLE,2026-05-11 10:50:02,2026-05-11 19:22:36,2026-05-11 19:22:40,responded,no_violation,unknown,resident,no,high,MATCHED,8.0
68960000,HPD,APPLIANCE,Closed,1,PASS,PASS,PASS,PASS,NA,PASS,,,ANSWERABLE,ANSWERABLE,2026-05-11 01:21:34,2026-06-12 02:10:56,2026-06-12 02:10:56,violation_issued,violation,no,other_party,partial,high,AMBIGUOUS,
68960500,NYPD,Illegal Parking,Closed,1,PASS,PASS,PASS,UNKNOWN,NA,PASS,,A3,ANSWERABLE,UNKNOWN,2026-05-11 20:19:31,2026-05-12 08:29:47,2026-05-12 08:29:50,responded,no_violation,yes,resident,no,medium,MATCHED,8.0
68961000,NYPD,Illegal Parking,Closed,1,PASS,PASS,PASS,UNKNOWN,NA,PASS,,A3,ANSWERABLE,UNKNOWN,2026-05-11 21:23:05,2026-05-11 21:55:00,2026-05-11 21:55:03,responded,no_violation,yes,resident,no,medium,MATCHED,8.0
68962000,NYPD,Illegal Parking,Closed,1,PASS,PASS,PASS,PASS,NA,PASS,,,ANSWERABLE,ANSWERABLE,2026-05-11 18:33:22,2026-05-12 03:09:12,2026-05-12 03:09:18,responded,no_violation,unknown,resident,no,high,MATCHED,8.0
68962500,NYPD,Illegal Parking,Closed,1,PASS,PASS,PASS,UNKNOWN,NA,PASS,,A3,ANSWERABLE,UNKNOWN,2026-05-11 17:32:09,2026-05-11 18:54:18,2026-05-11 18:54:21,responded,no_violation,yes,resident,no,medium,MATCHED,8.0
68963000,HPD,GENERAL,Closed,1,PASS,PASS,PASS,PASS,NA,PASS,,,ANSWERABLE,ANSWERABLE,2026-05-11 19:16:18,2026-05-17 13:28:26,2026-05-17 13:28:26,violation_issued,violation,no,other_party,partial,high,MATCHED,192.0
68964000,NYPD,Illegal Parking,Closed,1,PASS,PASS,PASS,PASS,NA,PASS,,,ANSWERABLE,ANSWERABLE,2026-05-12 02:13:32,2026-05-12 04:41:57,2026-05-12 04:42:01,responded,no_violation,unknown,resident,no,high,MATCHED,8.0
68964500,HPD,DOOR/WINDOW,Closed,1,PASS,PASS,PASS,PASS,NA,PASS,,,ANSWERABLE,ANSWERABLE,2026-05-12 13:08:27,2026-06-01 12:54:15,2026-06-01 12:54:15,inspected,no_violation,unknown,none,no,high,AMBIGUOUS,
68965000,NYPD,Illegal Parking,Closed,1,PASS,PASS,PASS,UNKNOWN,NA,PASS,,A3,ANSWERABLE,UNKNOWN,2026-05-12 21:36:57,2026-05-13 02:12:09,2026-05-13 02:12:12,responded,no_violation,yes,resident,no,medium,MATCHED,8.0
68965500,NYPD,Illegal Parking,Closed,1,PASS,PASS,PASS,PASS,NA,PASS,,,ANSWERABLE,ANSWERABLE,2026-05-12 09:34:22,2026-05-12 12:43:18,2026-05-12 12:43:21,responded,no_violation,unknown,resident,no,high,MATCHED,8.0
68966000,HPD,ELEVATOR,Closed,1,PASS,PASS,PASS,PASS,NA,PASS,,,ANSWERABLE,ANSWERABLE,2026-05-12 11:56:41,2026-06-20 13:01:09,2026-06-20 13:01:09,inspected,no_violation,unknown,none,no,high,MATCHED,192.0
68966500,DOT,Street Condition,Closed,1,PASS,PASS,PASS,PASS,NA,PASS,,,ANSWERABLE,ANSWERABLE,2026-05-12 16:07:20,2026-05-18 08:30:01,2026-05-18 08:30:04,inspected,no_violation,unknown,none,no,high,MATCHED,240.0
68967000,NYPD,Illegal Parking,Closed,1,PASS,PASS,PASS,PASS,NA,PASS,,,ANSWERABLE,ANSWERABLE,2026-05-12 10:35:19,2026-05-12 11:40:51,2026-05-12 11:40:54,summons_issued,violation,unknown,none,no,high,MATCHED,8.0
68967500,HPD,HEAT/HOT WATER,Closed,1,PASS,PASS,PASS,UNKNOWN,NA,PASS,,A3,ANSWERABLE,UNKNOWN,2026-05-12 14:11:20,2026-05-14 07:09:45,2026-05-14 07:09:45,other,not_determined,unknown,resident,partial,medium,MATCHED,72.0
68969000,HPD,PAINT/PLASTER,Closed,1,PASS,PASS,PASS,PASS,NA,PASS,,,ANSWERABLE,ANSWERABLE,2026-05-12 01:17:51,2026-06-22 10:01:13,2026-06-22 10:01:13,no_access,not_determined,unknown,resident,no,high,MATCHED,192.0
68970000,NYPD,Blocked Driveway,Closed,1,PASS,PASS,PASS,PASS,NA,PASS,,,ANSWERABLE,ANSWERABLE,2026-05-12 13:49:43,2026-05-12 14:41:13,2026-05-12 14:41:18,responded,no_violation,unknown,resident,no,high,MATCHED,8.0
68970500,HPD,WATER LEAK,Closed,1,PASS,PASS,PASS,UNKNOWN,NA,PASS,,A3,ANSWERABLE,UNKNOWN,2026-05-12 11:53:26,2026-06-04 12:10:27,2026-06-04 12:10:27,other,not_determined,unknown,resident,partial,medium,MATCHED,192.0
68971500,NYPD,Blocked Driveway,Closed,1,PASS,PASS,PASS,PASS,NA,PASS,,,ANSWERABLE,ANSWERABLE,2026-05-12 10:56:24,2026-05-12 13:49:37,2026-05-12 13:49:41,responded,no_violation,unknown,resident,no,high,MATCHED,8.0
68972000,HPD,WATER LEAK,Closed,1,PASS,PASS,PASS,UNKNOWN,NA,PASS,,A3,ANSWERABLE,UNKNOWN,2026-05-12 09:50:39,2026-05-19 14:31:57,2026-05-19 14:31:57,other,not_determined,unknown,resident,partial,medium,MATCHED,192.0
68973000,DOT,Street Condition,Closed,1,PASS,PASS,PASS,PASS,NA,PASS,,,ANSWERABLE,ANSWERABLE,2026-05-12 07:34:52,2026-05-12 20:22:00,2026-05-12 20:22:00,inspected,no_violation,unknown,none,no,high,AMBIGUOUS,
68974500,NYPD,Noise - Commercial,Closed,1,PASS,PASS,PASS,PASS,NA,PASS,,,ANSWERABLE,ANSWERABLE,2026-05-12 09:00:43,2026-05-12 09:09:02,2026-05-12 09:09:11,responded,no_violation,unknown,resident,no,high,MATCHED,8.0
68976000,NYPD,Noise - Residential,Closed,1,PASS,PASS,PASS,PASS,NA,PASS,,,ANSWERABLE,ANSWERABLE,2026-05-13 19:00:04,2026-05-13 19:04:01,2026-05-13 19:04:06,responded,no_violation,unknown,resident,no,high,MATCHED,8.0
68977500,NYPD,Noise - Residential,Closed,1,PASS,PASS,PASS,UNKNOWN,NA,PASS,,A3,ANSWERABLE,UNKNOWN,2026-05-13 17:11:29,2026-05-13 17:43:24,2026-05-13 17:43:31,responded,no_violation,yes,resident,no,medium,MATCHED,8.0
68979000,NYPD,Non-Emergency Police Matter,Closed,1,PASS,PASS,PASS,PASS,NA,PASS,,,ANSWERABLE,ANSWERABLE,2026-05-13 20:05:13,2026-05-13 21:15:00,2026-05-13 21:15:05,responded,no_violation,unknown,resident,no,high,MATCHED,8.0
68979500,NYPD,Illegal Parking,Closed,1,PASS,PASS,PASS,UNKNOWN,NA,PASS,,A3,ANSWERABLE,UNKNOWN,2026-05-13 21:03:00,2026-05-14 05:01:48,2026-05-14 05:01:53,responded,no_violation,yes,resident,no,medium,MATCHED,8.0
68980000,NYPD,Illegal Parking,Closed,1,PASS,PASS,PASS,PASS,NA,PASS,,,ANSWERABLE,ANSWERABLE,2026-05-13 15:40:46,2026-05-13 18:56:01,2026-05-13 18:56:05,responded,no_violation,unknown,resident,no,high,MATCHED,8.0
68980500,HPD,GENERAL,Closed,1,PASS,PASS,PASS,PASS,NA,PASS,,,ANSWERABLE,ANSWERABLE,2026-05-13 13:01:29,2026-05-19 14:02:39,2026-05-19 14:02:39,violation_issued,violation,no,other_party,partial,high,AMBIGUOUS,
68981000,DOT,Street Condition,Closed,1,PASS,PASS,PASS,PASS,NA,PASS,,,ANSWERABLE,ANSWERABLE,2026-05-13 15:59:23,2026-05-15 14:30:30,2026-05-15 14:30:32,referred,condition_confirmed,no,agency,no,high,MATCHED,240.0
68981500,NYPD,Illegal Parking,Closed,1,PASS,PASS,PASS,PASS,NA,PASS,,,ANSWERABLE,ANSWERABLE,2026-05-13 12:33:10,2026-05-13 17:42:15,2026-05-13 17:42:21,responded,no_violation,unknown,resident,no,high,MATCHED,8.0
68982000,HPD,HEAT/HOT WATER,Closed,1,PASS,PASS,PASS,PASS,NA,PASS,,,ANSWERABLE,ANSWERABLE,2026-05-13 18:33:32,2026-05-14 02:09:31,2026-05-14 02:09:31,duplicate,not_determined,no,agency,partial,high,MATCHED,72.0
68983000,NYPD,Illegal Parking,Closed,1,PASS,PASS,PASS,UNKNOWN,NA,PASS,,A3,ANSWERABLE,UNKNOWN,2026-05-13 18:08:07,2026-05-13 19:07:52,2026-05-13 19:07:56,responded,no_violation,yes,resident,no,medium,MATCHED,8.0
68983500,HPD,PLUMBING,Closed,1,PASS,PASS,PASS,UNKNOWN,NA,PASS,,A3,ANSWERABLE,UNKNOWN,2026-05-13 21:54:41,2026-05-15 19:47:21,2026-05-15 19:47:21,other,not_determined,unknown,resident,partial,medium,AMBIGUOUS,
68984000,NYPD,Illegal Parking,Closed,1,PASS,PASS,PASS,UNKNOWN,NA,PASS,,A3,ANSWERABLE,UNKNOWN,2026-05-13 11:02:26,2026-05-13 11:34:10,2026-05-13 11:34:14,responded,no_violation,yes,resident,no,medium,MATCHED,8.0
68984500,NYPD,Blocked Driveway,Closed,1,PASS,PASS,PASS,PASS,NA,PASS,,,ANSWERABLE,ANSWERABLE,2026-05-13 09:41:06,2026-05-13 10:36:16,2026-05-13 10:36:20,responded,no_violation,unknown,resident,no,high,MATCHED,8.0
68985000,HPD,PLUMBING,Closed,1,PASS,PASS,UNKNOWN,UNKNOWN,NA,FAIL,A5,A5,FAIL,FAIL,2026-05-13 07:56:17,2026-05-13 19:44:37,2026-05-13 19:44:37,inspected,not_determined,unknown,none,yes,low,AMBIGUOUS,
68986000,DOT,Street Condition,Closed,1,PASS,PASS,PASS,PASS,NA,PASS,,,ANSWERABLE,ANSWERABLE,2026-05-13 13:46:01,2026-05-13 18:48:00,2026-05-13 18:48:00,inspected,no_violation,unknown,none,no,high,AMBIGUOUS,
68986500,NYPD,Abandoned Vehicle,Closed,1,PASS,PASS,PASS,PASS,NA,PASS,,,ANSWERABLE,ANSWERABLE,2026-05-13 06:32:22,2026-05-14 01:05:30,2026-05-14 01:05:36,responded,no_violation,unknown,resident,no,high,MATCHED,8.0
68987500,NYPD,Noise - Residential,Closed,1,PASS,PASS,PASS,UNKNOWN,NA,PASS,,A3,ANSWERABLE,UNKNOWN,2026-05-14 22:39:31,2026-05-14 23:01:36,2026-05-14 23:01:43,responded,no_violation,yes,resident,no,medium,MATCHED,8.0
68989000,NYPD,Noise - Residential,Closed,1,PASS,PASS,PASS,PASS,NA,PASS,,,ANSWERABLE,ANSWERABLE,2026-05-14 20:38:13,2026-05-14 21:15:22,2026-05-14 21:15:26,responded,no_violation,unknown,resident,no,high,MATCHED,8.0
68989500,NYPD,Illegal Parking,Closed,1,PASS,PASS,PASS,PASS,NA,PASS,,,ANSWERABLE,ANSWERABLE,2026-05-14 23:06:35,2026-05-15 06:08:01,2026-05-15 06:08:06,responded,no_violation,unknown,resident,no,high,MATCHED,8.0
68990000,NYPD,Illegal Parking,Closed,1,PASS,PASS,PASS,PASS,NA,PASS,,,ANSWERABLE,ANSWERABLE,2026-05-14 05:35:31,2026-05-14 06:43:01,2026-05-14 06:43:03,summons_issued,violation,unknown,none,no,high,MATCHED,8.0
68990500,HPD,DOOR/WINDOW,Closed,1,PASS,PASS,PASS,PASS,NA,PASS,,,ANSWERABLE,ANSWERABLE,2026-05-14 09:19:37,2026-05-19 13:45:25,2026-05-19 13:45:25,inspected,no_violation,unknown,none,no,high,AMBIGUOUS,
68991000,NYPD,Illegal Parking,Closed,1,PASS,PASS,PASS,PASS,NA,PASS,,,ANSWERABLE,ANSWERABLE,2026-05-14 07:22:28,2026-05-14 12:14:07,2026-05-14 12:14:10,responded,no_violation,unknown,resident,no,high,MATCHED,8.0
68991500,NYPD,Illegal Parking,Closed,1,PASS,PASS,PASS,PASS,NA,PASS,,,ANSWERABLE,ANSWERABLE,2026-05-14 20:31:45,2026-05-14 22:35:44,2026-05-14 22:35:47,responded,no_violation,unknown,resident,no,high,MATCHED,8.0
68992000,HPD,HEAT/HOT WATER,Closed,1,PASS,PASS,PASS,PASS,NA,PASS,,,ANSWERABLE,ANSWERABLE,2026-05-14 13:14:00,2026-05-16 15:55:53,2026-05-16 15:55:53,no_access,not_determined,unknown,resident,no,high,MATCHED,72.0
68992500,NYPD,Illegal Parking,Closed,1,PASS,PASS,PASS,PASS,NA,PASS,,,ANSWERABLE,ANSWERABLE,2026-05-14 05:45:40,2026-05-14 06:04:06,2026-05-14 06:04:11,responded,no_violation,unknown,resident,no,high,MATCHED,8.0
68993000,NYPD,Blocked Driveway,Closed,1,PASS,PASS,PASS,PASS,NA,FAIL,A5,A5,FAIL,FAIL,2026-05-14 14:24:29,2026-05-14 15:00:41,2026-05-14 15:00:45,not_jurisdiction,not_applicable,unknown,resident,yes,high,MATCHED,8.0
68993500,DOB,Elevator,Closed,1,PASS,PASS,PASS,PASS,NA,PASS,,,ANSWERABLE,ANSWERABLE,2026-05-14 12:42:47,2026-05-29 00:00:00,2026-05-29 00:00:00,referred,not_determined,unknown,other_party,no,high,MATCHED,960.0
68994000,DOT,Bike Rack,Closed,1,PASS,PASS,UNKNOWN,UNKNOWN,NA,UNKNOWN,A3,A3,UNKNOWN,UNKNOWN,2026-05-14 13:27:28,2026-07-16 16:47:21,2026-07-16 16:47:25,,,,,,,UNMATCHED,
68994500,NYPD,Noise - Residential,Closed,1,PASS,PASS,PASS,PASS,NA,PASS,,,ANSWERABLE,ANSWERABLE,2026-05-14 23:52:09,2026-05-15 01:40:44,2026-05-15 01:40:48,responded,no_violation,unknown,resident,no,high,MATCHED,8.0
68995000,NYPD,Illegal Parking,Closed,1,PASS,PASS,PASS,PASS,NA,PASS,,,ANSWERABLE,ANSWERABLE,2026-05-14 23:10:37,2026-05-15 12:42:28,2026-05-15 12:42:31,responded,no_violation,unknown,resident,no,high,MATCHED,8.0
68995500,NYPD,Illegal Parking,Closed,1,PASS,PASS,PASS,PASS,NA,PASS,,,ANSWERABLE,ANSWERABLE,2026-05-14 05:02:18,2026-05-14 06:16:33,2026-05-14 06:16:36,responded,no_violation,unknown,resident,no,high,MATCHED,8.0
68996000,HPD,DOOR/WINDOW,Closed,1,PASS,PASS,PASS,PASS,NA,PASS,,,ANSWERABLE,ANSWERABLE,2026-05-14 17:11:07,2026-05-18 12:37:14,2026-05-18 12:37:14,violation_issued,violation,no,other_party,partial,high,MATCHED,72.0
68997000,NYPD,Illegal Parking,Closed,1,PASS,PASS,PASS,UNKNOWN,NA,PASS,,A3,ANSWERABLE,UNKNOWN,2026-05-14 19:33:27,2026-05-14 20:55:30,2026-05-14 20:55:34,responded,no_violation,yes,resident,no,medium,MATCHED,8.0
68997500,HPD,PAINT/PLASTER,Closed,1,PASS,PASS,PASS,PASS,NA,PASS,,,ANSWERABLE,ANSWERABLE,2026-05-14 10:34:08,2026-05-17 10:53:14,2026-05-17 10:53:14,violation_issued,violation,no,other_party,partial,high,AMBIGUOUS,
68998500,NYPD,Blocked Driveway,Closed,1,PASS,PASS,PASS,PASS,NA,PASS,,,ANSWERABLE,ANSWERABLE,2026-05-15 23:16:25,2026-05-15 23:51:11,2026-05-15 23:51:15,responded,no_violation,unknown,resident,no,high,MATCHED,8.0
68999000,HPD,UNSANITARY CONDITION,Closed,1,PASS,PASS,PASS,PASS,NA,PASS,,,ANSWERABLE,ANSWERABLE,2026-05-15 12:32:18,2026-05-20 20:44:59,2026-05-20 20:44:59,violation_issued,violation,no,other_party,partial,high,MATCHED,72.0
69000000,DOB,Electrical,Closed,1,PASS,PASS,PASS,PASS,NA,PASS,,,ANSWERABLE,ANSWERABLE,2026-05-15 13:49:11,2026-05-22 00:00:00,2026-05-22 00:00:00,no_access,not_determined,unknown,resident,no,high,UNMATCHED,
69000500,HPD,HEAT/HOT WATER,Closed,1,PASS,PASS,PASS,UNKNOWN,NA,PASS,,A3,ANSWERABLE,UNKNOWN,2026-05-15 18:08:18,2026-05-17 04:05:21,2026-05-17 04:05:21,contacted,not_applicable,yes,resident,no,medium,MATCHED,72.0
69002000,HPD,UNSANITARY CONDITION,Closed,1,PASS,PASS,PASS,PASS,NA,PASS,,,ANSWERABLE,ANSWERABLE,2026-05-15 11:58:51,2026-05-19 17:36:27,2026-05-19 17:36:27,inspected,no_violation,unknown,none,no,high,MATCHED,72.0
69003000,NYPD,Blocked Driveway,Closed,1,PASS,PASS,PASS,PASS,NA,PASS,,,ANSWERABLE,ANSWERABLE,2026-05-15 13:02:38,2026-05-15 14:21:40,2026-05-15 14:21:45,responded,no_violation,unknown,resident,no,high,MATCHED,8.0
69003500,HPD,UNSANITARY CONDITION,Closed,1,PASS,PASS,PASS,PASS,NA,PASS,,,ANSWERABLE,ANSWERABLE,2026-05-15 05:55:34,2026-07-06 08:09:39,2026-07-06 08:09:39,no_access,not_determined,unknown,resident,no,high,AMBIGUOUS,
69004000,NYPD,Illegal Parking,Closed,1,PASS,PASS,PASS,PASS,NA,PASS,,,ANSWERABLE,ANSWERABLE,2026-05-15 21:07:38,2026-05-15 21:35:05,2026-05-15 21:35:10,responded,no_violation,unknown,resident,no,high,MATCHED,8.0
69004500,NYPD,Blocked Driveway,Closed,1,PASS,PASS,PASS,PASS,NA,PASS,,,ANSWERABLE,ANSWERABLE,2026-05-15 11:55:29,2026-05-15 14:07:03,2026-05-15 14:07:07,summons_issued,violation,unknown,none,no,high,MATCHED,8.0
69005000,HPD,UNSANITARY CONDITION,Closed,1,PASS,PASS,PASS,PASS,NA,PASS,,,ANSWERABLE,ANSWERABLE,2026-05-15 08:50:26,2026-05-18 21:11:39,2026-05-18 21:11:39,inspected,no_violation,unknown,none,no,high,MATCHED,192.0
69006000,NYPD,Illegal Parking,Closed,1,PASS,PASS,PASS,PASS,NA,PASS,,,ANSWERABLE,ANSWERABLE,2026-05-15 09:21:21,2026-05-15 19:26:12,2026-05-15 19:26:16,responded,no_violation,unknown,resident,no,high,MATCHED,8.0
69006500,HPD,HEAT/HOT WATER,Closed,1,PASS,PASS,PASS,UNKNOWN,NA,PASS,,A3,ANSWERABLE,UNKNOWN,2026-05-15 12:23:21,2026-05-16 10:04:22,2026-05-16 10:04:22,contacted,not_applicable,yes,resident,no,medium,MATCHED,72.0
69007500,NYPD,Traffic,Closed,1,PASS,PASS,PASS,PASS,NA,PASS,,,ANSWERABLE,ANSWERABLE,2026-05-15 19:10:58,2026-05-15 20:57:37,2026-05-15 20:57:40,responded,no_violation,unknown,resident,no,high,MATCHED,8.0
69008000,HPD,HEAT/HOT WATER,Closed,1,PASS,PASS,PASS,PASS,NA,PASS,,,ANSWERABLE,ANSWERABLE,2026-05-15 20:38:29,2026-05-17 17:45:54,2026-05-17 17:45:54,violation_issued,violation,no,other_party,partial,high,MATCHED,72.0
69009000,NYPD,Illegal Parking,Closed,1,PASS,PASS,PASS,PASS,NA,PASS,,,ANSWERABLE,ANSWERABLE,2026-05-15 19:07:46,2026-05-15 22:00:14,2026-05-15 22:00:18,responded,no_violation,unknown,resident,no,high,MATCHED,8.0
69009500,HPD,HEAT/HOT WATER,Open,1,PASS,PASS,PASS,UNKNOWN,PASS,PASS,,A3,ANSWERABLE,UNKNOWN,2026-05-15 22:17:00,,2026-05-16 18:03:19,owner_notified,not_determined,no,agency,no,medium,MATCHED,72.0
69010000,NYPD,Panhandling,Closed,1,PASS,PASS,PASS,UNKNOWN,NA,PASS,,A3,ANSWERABLE,UNKNOWN,2026-05-15 06:20:12,2026-05-15 06:28:34,2026-05-15 06:28:37,responded,not_determined,unknown,none,no,medium,MATCHED,4.0
69010500,NYPD,Blocked Driveway,Closed,1,PASS,PASS,PASS,PASS,NA,PASS,,,ANSWERABLE,ANSWERABLE,2026-05-16 10:07:46,2026-05-16 10:52:38,2026-05-16 10:52:40,summons_issued,violation,unknown,none,no,high,MATCHED,8.0
69011000,NYPD,Noise - Street/Sidewalk,Closed,1,PASS,PASS,PASS,UNKNOWN,NA,PASS,,A3,ANSWERABLE,UNKNOWN,2026-05-16 02:58:09,2026-05-16 04:25:34,2026-05-16 04:25:41,responded,no_violation,yes,resident,no,medium,MATCHED,8.0
69012000,NYPD,Noise - Commercial,Closed,1,PASS,PASS,PASS,UNKNOWN,NA,PASS,,A3,ANSWERABLE,UNKNOWN,2026-05-16 20:37:48,2026-05-17 00:47:34,2026-05-17 00:47:39,responded,no_violation,yes,resident,no,medium,MATCHED,8.0
69012500,HPD,GENERAL,Closed,1,PASS,PASS,PASS,PASS,NA,PASS,,,ANSWERABLE,ANSWERABLE,2026-05-16 22:04:41,2026-05-30 12:27:25,2026-05-30 12:27:25,violation_issued,violation,no,other_party,partial,high,MATCHED,192.0
69013500,NYPD,Noise - Residential,Closed,1,PASS,PASS,PASS,UNKNOWN,NA,PASS,,A3,ANSWERABLE,UNKNOWN,2026-05-16 21:31:58,2026-05-16 22:45:42,2026-05-16 22:45:47,responded,no_violation,yes,resident,no,medium,MATCHED,8.0
69014000,HPD,UNSANITARY CONDITION,Closed,1,PASS,PASS,PASS,PASS,NA,PASS,,,ANSWERABLE,ANSWERABLE,2026-05-16 14:53:39,2026-05-19 00:14:18,2026-05-19 00:14:18,violation_issued,violation,no,other_party,partial,high,AMBIGUOUS,
69015000,NYPD,Noise - Residential,Closed,1,PASS,PASS,PASS,PASS,NA,PASS,,,ANSWERABLE,ANSWERABLE,2026-05-16 21:48:19,2026-05-16 22:45:24,2026-05-16 22:45:28,responded,no_violation,unknown,resident,no,high,MATCHED,8.0
69015500,HPD,PLUMBING,Closed,1,PASS,PASS,PASS,PASS,NA,PASS,,,ANSWERABLE,ANSWERABLE,2026-05-16 18:25:19,2026-06-11 08:39:15,2026-06-11 08:39:15,no_access,not_determined,unknown,resident,no,high,AMBIGUOUS,
69016500,NYPD,Noise - Residential,Closed,1,PASS,PASS,PASS,UNKNOWN,NA,PASS,,A3,ANSWERABLE,UNKNOWN,2026-05-16 22:41:00,2026-05-17 01:01:25,2026-05-17 01:01:30,responded,no_violation,yes,resident,no,medium,MATCHED,8.0
69017000,HPD,UNSANITARY CONDITION,Closed,1,PASS,PASS,PASS,UNKNOWN,NA,PASS,,A3,ANSWERABLE,UNKNOWN,2026-05-16 10:57:09,2026-05-23 12:46:03,2026-05-23 12:46:03,other,not_determined,unknown,resident,partial,medium,MATCHED,72.0
69018000,NYPD,Noise - Residential,Closed,1,PASS,PASS,PASS,PASS,NA,FAIL,A5,A5,FAIL,FAIL,2026-05-16 11:51:07,2026-05-16 12:02:44,2026-05-16 12:02:48,not_jurisdiction,not_applicable,unknown,resident,yes,high,MATCHED,8.0
69018500,HPD,SAFETY,Closed,1,PASS,PASS,PASS,PASS,NA,PASS,,,ANSWERABLE,ANSWERABLE,2026-05-16 11:22:34,2026-05-19 14:34:07,2026-05-19 14:34:07,violation_issued,violation,no,other_party,partial,high,MATCHED,72.0
69019500,NYPD,Noise - Park,Closed,1,PASS,PASS,PASS,UNKNOWN,NA,PASS,,A3,ANSWERABLE,UNKNOWN,2026-05-16 21:11:47,2026-05-16 21:14:06,2026-05-16 21:14:08,responded,no_violation,yes,resident,no,medium,MATCHED,8.0
69020000,HPD,HEAT/HOT WATER,Closed,1,PASS,PASS,PASS,UNKNOWN,NA,PASS,,A3,ANSWERABLE,UNKNOWN,2026-05-16 07:59:15,2026-05-18 21:10:11,2026-05-18 21:10:11,contacted,not_applicable,yes,resident,no,medium,MATCHED,72.0
69021000,NYPD,Noise - Residential,Closed,1,PASS,PASS,PASS,PASS,NA,PASS,,,ANSWERABLE,ANSWERABLE,2026-05-16 11:24:19,2026-05-16 20:53:39,2026-05-16 20:53:43,responded,no_violation,unknown,resident,no,high,MATCHED,8.0
69022500,NYPD,Noise - Residential,Closed,1,PASS,PASS,PASS,PASS,NA,PASS,,,ANSWERABLE,ANSWERABLE,2026-05-17 03:53:27,2026-05-17 04:15:45,2026-05-17 04:15:49,no_access,not_determined,unknown,resident,no,high,MATCHED,8.0
69023500,NYPD,Illegal Parking,Closed,1,PASS,PASS,PASS,PASS,NA,PASS,,,ANSWERABLE,ANSWERABLE,2026-05-17 22:46:51,2026-05-17 23:18:04,2026-05-17 23:18:11,responded,no_violation,unknown,resident,no,high,MATCHED,8.0
69024000,NYPD,Noise - Street/Sidewalk,Closed,1,PASS,PASS,PASS,PASS,NA,PASS,,,ANSWERABLE,ANSWERABLE,2026-05-17 19:13:50,2026-05-17 21:22:47,2026-05-17 21:22:55,responded,no_violation,unknown,resident,no,high,MATCHED,8.0
69024500,NYPD,Noise - Street/Sidewalk,Closed,1,PASS,PASS,PASS,PASS,NA,PASS,,,ANSWERABLE,ANSWERABLE,2026-05-17 22:20:26,2026-05-18 22:48:04,2026-05-18 22:48:08,responded,no_violation,unknown,resident,no,high,MATCHED,8.0
69025000,NYPD,Illegal Parking,Closed,1,PASS,PASS,UNKNOWN,UNKNOWN,NA,FAIL,A5,A5,FAIL,FAIL,2026-05-17 13:50:52,2026-05-17 14:16:54,2026-05-17 14:16:58,reviewed,not_determined,unknown,none,yes,low,MATCHED,8.0
69025500,NYPD,Noise - Street/Sidewalk,Closed,1,PASS,PASS,PASS,PASS,NA,PASS,,,ANSWERABLE,ANSWERABLE,2026-05-17 19:03:35,2026-05-17 19:11:59,2026-05-17 19:12:03,responded,no_violation,unknown,resident,no,high,MATCHED,8.0
69026000,NYPD,Encampment,Closed,1,PASS,PASS,PASS,PASS,NA,PASS,,,ANSWERABLE,ANSWERABLE,2026-05-17 17:10:43,2026-05-17 20:59:35,2026-05-17 20:59:39,referred,condition_confirmed,no,agency,no,high,MATCHED,4.0
69026500,NYPD,Blocked Driveway,Closed,1,PASS,PASS,PASS,PASS,NA,PASS,,,ANSWERABLE,ANSWERABLE,2026-05-17 06:47:02,2026-05-17 19:44:42,2026-05-17 19:44:46,responded,no_violation,unknown,resident,no,high,MATCHED,8.0
69027000,HPD,HEAT/HOT WATER,Closed,1,PASS,PASS,PASS,UNKNOWN,NA,PASS,,A3,ANSWERABLE,UNKNOWN,2026-05-17 12:16:50,2026-05-19 08:47:57,2026-05-19 08:47:57,contacted,not_applicable,yes,resident,no,medium,MATCHED,72.0
69028000,NYPD,Noise - Park,Closed,1,PASS,PASS,PASS,PASS,NA,PASS,,,ANSWERABLE,ANSWERABLE,2026-05-17 02:20:40,2026-05-17 07:20:10,2026-05-17 07:20:14,responded,no_violation,unknown,resident,no,high,MATCHED,8.0
69028500,DOB,Elevator,Closed,1,PASS,PASS,UNKNOWN,UNKNOWN,NA,PASS,A3,A3,UNKNOWN,UNKNOWN,2026-05-17 07:40:32,2026-05-27 00:00:00,2026-05-27 00:00:00,reviewed,not_determined,unknown,resident,no,low,MATCHED,960.0
69029500,NYPD,Noise - Residential,Closed,1,PASS,PASS,PASS,PASS,NA,PASS,,,ANSWERABLE,ANSWERABLE,2026-05-17 21:44:10,2026-05-17 21:51:24,2026-05-17 21:51:28,responded,no_violation,unknown,resident,no,high,MATCHED,8.0
69030000,NYPD,Illegal Parking,Closed,1,PASS,PASS,PASS,PASS,NA,PASS,,,ANSWERABLE,ANSWERABLE,2026-05-17 23:04:05,2026-05-18 05:23:14,2026-05-18 05:23:17,responded,no_violation,unknown,resident,no,high,MATCHED,8.0
69030500,NYPD,Illegal Parking,Closed,1,PASS,PASS,PASS,PASS,NA,PASS,,,ANSWERABLE,ANSWERABLE,2026-05-17 13:54:45,2026-05-17 14:50:53,2026-05-17 14:50:57,responded,no_violation,unknown,resident,no,high,MATCHED,8.0
69031000,NYPD,Noise - Street/Sidewalk,Closed,1,PASS,PASS,PASS,UNKNOWN,NA,PASS,,A3,ANSWERABLE,UNKNOWN,2026-05-18 00:11:42,2026-05-18 00:27:03,2026-05-18 00:27:09,responded,no_violation,yes,resident,no,medium,MATCHED,8.0
69031500,NYPD,Noise - Street/Sidewalk,Closed,1,PASS,PASS,PASS,PASS,NA,PASS,,,ANSWERABLE,ANSWERABLE,2026-05-17 22:06:36,2026-05-18 04:43:06,2026-05-18 04:43:14,responded,no_violation,unknown,resident,no,high,MATCHED,8.0
69032000,NYPD,Illegal Parking,Closed,1,PASS,PASS,PASS,UNKNOWN,NA,PASS,,A3,ANSWERABLE,UNKNOWN,2026-05-17 16:11:02,2026-05-17 20:12:18,2026-05-17 20:12:22,responded,no_violation,yes,resident,no,medium,MATCHED,8.0
69032500,NYPD,Noise - Street/Sidewalk,Closed,1,PASS,PASS,PASS,PASS,NA,PASS,,,ANSWERABLE,ANSWERABLE,2026-05-17 17:17:17,2026-05-17 22:41:49,2026-05-17 22:41:54,responded,no_violation,unknown,resident,no,high,MATCHED,8.0
69033000,NYPD,Encampment,Closed,1,PASS,PASS,PASS,PASS,NA,PASS,,,ANSWERABLE,ANSWERABLE,2026-05-17 20:29:43,2026-05-17 21:14:13,2026-05-17 21:14:16,referred,condition_confirmed,no,agency,no,high,MATCHED,4.0
69033500,NYPD,Blocked Driveway,Closed,1,PASS,PASS,PASS,PASS,NA,PASS,,,ANSWERABLE,ANSWERABLE,2026-05-18 22:59:29,2026-05-19 01:04:37,2026-05-19 01:04:39,responded,no_violation,unknown,resident,no,high,MATCHED,8.0
69034000,HPD,WATER LEAK,Closed,1,PASS,PASS,PASS,PASS,NA,PASS,,,ANSWERABLE,ANSWERABLE,2026-05-18 23:22:01,2026-06-22 10:01:01,2026-06-22 10:01:01,no_access,not_determined,unknown,resident,no,high,MATCHED,192.0
69035000,NYPD,Noise - Vehicle,Closed,1,PASS,PASS,PASS,PASS,NA,PASS,,,ANSWERABLE,ANSWERABLE,2026-05-18 19:27:10,2026-05-18 20:41:59,2026-05-18 20:42:03,responded,no_violation,unknown,resident,no,high,MATCHED,8.0
69035500,HPD,UNSANITARY CONDITION,Closed,1,PASS,PASS,PASS,PASS,NA,PASS,,,ANSWERABLE,ANSWERABLE,2026-05-18 02:12:26,2026-05-21 14:23:18,2026-05-21 14:23:18,inspected,no_violation,unknown,none,no,high,MATCHED,72.0
69036000,NYPD,Illegal Parking,Closed,1,PASS,PASS,PASS,PASS,NA,PASS,,,ANSWERABLE,ANSWERABLE,2026-05-18 14:54:21,2026-05-18 15:42:05,2026-05-18 15:42:09,summons_issued,violation,unknown,none,no,high,MATCHED,8.0
69036500,NYPD,Illegal Parking,Closed,1,PASS,PASS,PASS,PASS,NA,PASS,,,ANSWERABLE,ANSWERABLE,2026-05-18 14:07:49,2026-05-18 17:56:39,2026-05-18 17:56:43,responded,no_violation,unknown,resident,no,high,MATCHED,8.0
69037000,HPD,PAINT/PLASTER,Closed,1,PASS,PASS,PASS,PASS,NA,PASS,,,ANSWERABLE,ANSWERABLE,2026-05-18 10:08:12,2026-06-11 15:16:17,2026-06-11 15:16:17,inspected,no_violation,unknown,none,no,high,AMBIGUOUS,
69037500,DOT,Street Condition,Closed,1,PASS,PASS,PASS,PASS,NA,PASS,,,ANSWERABLE,ANSWERABLE,2026-05-18 21:20:57,2026-05-28 10:46:54,2026-05-28 10:46:58,referred,condition_confirmed,no,agency,no,high,MATCHED,240.0
69038000,NYPD,Illegal Parking,Closed,1,PASS,PASS,PASS,PASS,NA,PASS,,,ANSWERABLE,ANSWERABLE,2026-05-18 21:10:31,2026-05-18 22:52:40,2026-05-18 22:52:44,summons_issued,violation,unknown,none,no,high,MATCHED,8.0
69038500,HPD,PAINT/PLASTER,Closed,1,PASS,PASS,PASS,UNKNOWN,NA,PASS,,A3,ANSWERABLE,UNKNOWN,2026-05-18 13:45:38,2026-05-26 14:43:31,2026-05-26 14:43:31,other,not_determined,unknown,resident,partial,medium,AMBIGUOUS,
69039000,DOT,Street Condition,Closed,1,PASS,PASS,UNKNOWN,UNKNOWN,NA,FAIL,A5,A5,FAIL,FAIL,2026-05-18 18:29:39,2026-07-10 15:55:15,2026-07-10 15:55:19,inspected,not_determined,unknown,none,yes,low,MATCHED,720.0
69039500,NYPD,Illegal Parking,Closed,1,PASS,PASS,PASS,UNKNOWN,NA,PASS,,A3,ANSWERABLE,UNKNOWN,2026-05-18 14:36:39,2026-05-19 01:47:28,2026-05-19 01:47:31,responded,no_violation,yes,resident,no,medium,MATCHED,8.0
69040000,HPD,ELECTRIC,Closed,1,PASS,PASS,PASS,UNKNOWN,NA,PASS,,A3,ANSWERABLE,UNKNOWN,2026-05-18 14:45:10,2026-05-21 20:30:20,2026-05-21 20:30:20,other,not_determined,unknown,resident,partial,medium,AMBIGUOUS,
69040500,NYPD,Noise - Commercial,Closed,1,PASS,PASS,PASS,PASS,NA,PASS,,,ANSWERABLE,ANSWERABLE,2026-05-18 17:46:52,2026-05-19 03:13:47,2026-05-19 03:13:49,responded,no_violation,unknown,resident,no,high,MATCHED,8.0
69041000,NYPD,Illegal Parking,Closed,1,PASS,PASS,PASS,PASS,NA,PASS,,,ANSWERABLE,ANSWERABLE,2026-05-18 05:13:01,2026-05-18 05:27:56,2026-05-18 05:28:01,responded,no_violation,unknown,resident,no,high,MATCHED,8.0
69041500,HPD,DOOR/WINDOW,Closed,1,PASS,PASS,PASS,PASS,NA,PASS,,,ANSWERABLE,ANSWERABLE,2026-05-18 12:55:35,2026-05-21 12:02:13,2026-05-21 12:02:13,inspected,no_violation,unknown,none,no,high,AMBIGUOUS,
69042000,NYPD,Noise - Residential,Closed,1,PASS,PASS,PASS,PASS,NA,PASS,,,ANSWERABLE,ANSWERABLE,2026-05-18 21:49:18,2026-05-19 02:21:54,2026-05-19 02:21:56,responded,no_violation,unknown,resident,no,high,MATCHED,8.0
69042500,NYPD,Illegal Parking,Closed,1,PASS,PASS,PASS,PASS,NA,PASS,,,ANSWERABLE,ANSWERABLE,2026-05-18 22:47:36,2026-05-18 23:19:35,2026-05-18 23:19:39,responded,no_violation,unknown,resident,no,high,MATCHED,8.0
69043000,HPD,DOOR/WINDOW,Closed,1,PASS,PASS,PASS,PASS,NA,PASS,,,ANSWERABLE,ANSWERABLE,2026-05-18 20:38:03,2026-05-22 10:03:43,2026-05-22 10:03:43,violation_issued,violation,no,other_party,partial,high,AMBIGUOUS,
69044500,NYPD,Noise - Street/Sidewalk,Closed,1,PASS,PASS,PASS,PASS,NA,PASS,,,ANSWERABLE,ANSWERABLE,2026-05-18 02:20:13,2026-05-18 03:34:15,2026-05-18 03:34:23,responded,no_violation,unknown,resident,no,high,MATCHED,8.0
69045000,NYPD,Illegal Parking,Closed,1,PASS,PASS,PASS,PASS,NA,PASS,,,ANSWERABLE,ANSWERABLE,2026-05-18 21:40:14,2026-05-19 05:15:31,2026-05-19 05:15:35,responded,no_violation,unknown,resident,no,high,MATCHED,8.0
69046000,NYPD,Noise - Residential,Closed,1,PASS,PASS,PASS,UNKNOWN,NA,PASS,,A3,ANSWERABLE,UNKNOWN,2026-05-19 23:09:15,2026-05-19 23:45:34,2026-05-19 23:45:40,responded,no_violation,yes,resident,no,medium,MATCHED,8.0
69048000,HPD,DOOR/WINDOW,Closed,1,PASS,PASS,PASS,PASS,NA,PASS,,,ANSWERABLE,ANSWERABLE,2026-05-19 14:57:46,2026-06-05 08:10:01,2026-06-05 08:10:01,no_access,not_determined,unknown,resident,no,high,AMBIGUOUS,
69049000,NYPD,Illegal Parking,Closed,1,PASS,PASS,PASS,PASS,NA,PASS,,,ANSWERABLE,ANSWERABLE,2026-05-19 15:55:54,2026-05-19 16:12:30,2026-05-19 16:12:33,summons_issued,violation,unknown,none,no,high,MATCHED,8.0
69049500,HPD,HEAT/HOT WATER,Closed,1,PASS,PASS,PASS,PASS,NA,PASS,,,ANSWERABLE,ANSWERABLE,2026-05-19 20:05:08,2026-05-21 06:24:11,2026-05-21 06:24:11,duplicate,not_determined,no,agency,partial,high,MATCHED,72.0
69050000,NYPD,Noise - Street/Sidewalk,Closed,1,PASS,PASS,PASS,PASS,NA,PASS,,,ANSWERABLE,ANSWERABLE,2026-05-19 22:11:15,2026-05-20 09:59:03,2026-05-20 09:59:06,responded,no_violation,unknown,resident,no,high,MATCHED,8.0
69050500,NYPD,Illegal Parking,Closed,1,PASS,PASS,PASS,PASS,NA,PASS,,,ANSWERABLE,ANSWERABLE,2026-05-19 17:28:36,2026-05-19 19:17:46,2026-05-19 19:17:50,responded,no_violation,unknown,resident,no,high,MATCHED,8.0
69051000,NYPD,Noise - Street/Sidewalk,Closed,1,PASS,PASS,PASS,UNKNOWN,NA,PASS,,A3,ANSWERABLE,UNKNOWN,2026-05-19 12:05:02,2026-05-19 12:40:41,2026-05-19 12:40:45,responded,no_violation,yes,resident,no,medium,MATCHED,8.0
69052500,DOT,Street Condition,Closed,1,PASS,PASS,PASS,UNKNOWN,NA,PASS,,A3,ANSWERABLE,UNKNOWN,2026-05-19 18:45:45,2026-05-19 18:45:45,2026-05-19 18:45:45,duplicate,not_determined,unknown,agency,no,medium,AMBIGUOUS,
69053000,DOT,Street Condition,Closed,1,PASS,PASS,PASS,PASS,NA,PASS,,,ANSWERABLE,ANSWERABLE,2026-05-19 19:08:37,2026-05-22 09:00:00,2026-05-22 09:00:00,repaired,condition_confirmed,yes,none,no,high,AMBIGUOUS,
69054000,NYPD,Illegal Parking,Closed,1,PASS,PASS,PASS,PASS,NA,PASS,,,ANSWERABLE,ANSWERABLE,2026-05-19 11:24:23,2026-05-19 12:47:02,2026-05-19 12:47:05,summons_issued,violation,unknown,none,no,high,MATCHED,8.0
69054500,HPD,HEAT/HOT WATER,Closed,1,PASS,PASS,PASS,PASS,NA,PASS,,,ANSWERABLE,ANSWERABLE,2026-05-19 20:14:09,2026-05-21 20:41:44,2026-05-21 20:41:44,duplicate,not_determined,no,agency,partial,high,MATCHED,72.0
69055000,NYPD,Noise - Street/Sidewalk,Closed,1,PASS,PASS,PASS,UNKNOWN,NA,PASS,,A3,ANSWERABLE,UNKNOWN,2026-05-19 23:54:27,2026-05-20 02:07:37,2026-05-20 02:07:43,responded,no_violation,yes,resident,no,medium,MATCHED,8.0
69056000,NYPD,Noise - Street/Sidewalk,Closed,1,PASS,PASS,PASS,UNKNOWN,NA,PASS,,A3,ANSWERABLE,UNKNOWN,2026-05-19 11:42:25,2026-05-19 11:49:26,2026-05-19 11:49:30,responded,no_violation,yes,resident,no,medium,MATCHED,8.0
69057500,DOT,Street Light Condition,Closed,1,PASS,PASS,UNKNOWN,UNKNOWN,NA,FAIL,A5,A5,FAIL,FAIL,2026-05-19 09:37:00,2026-08-04 09:23:00,2026-08-04 09:23:00,redirect,not_determined,unknown,none,yes,low,UNMATCHED,
69058000,NYPD,Drug Activity,Closed,1,PASS,PASS,PASS,PASS,NA,PASS,,,ANSWERABLE,ANSWERABLE,2026-05-19 05:08:53,2026-05-19 11:30:58,2026-05-19 11:31:01,responded,no_violation,unknown,resident,no,high,MATCHED,8.0
69059000,NYPD,Illegal Parking,Closed,1,PASS,PASS,PASS,PASS,NA,PASS,,,ANSWERABLE,ANSWERABLE,2026-05-20 20:17:44,2026-05-20 20:34:00,2026-05-20 20:34:04,responded,no_violation,unknown,resident,no,high,MATCHED,8.0
69059500,HPD,PLUMBING,Closed,1,PASS,PASS,PASS,UNKNOWN,NA,PASS,,A3,ANSWERABLE,UNKNOWN,2026-05-20 08:41:00,2026-05-23 16:56:00,2026-05-23 16:56:00,other,not_determined,unknown,resident,partial,medium,AMBIGUOUS,
69061000,NYPD,Noise - Residential,Closed,1,PASS,PASS,PASS,UNKNOWN,NA,PASS,,A3,ANSWERABLE,UNKNOWN,2026-05-20 20:01:40,2026-05-20 20:20:12,2026-05-20 20:20:16,responded,no_violation,yes,resident,no,medium,MATCHED,8.0
69062500,NYPD,Noise - Vehicle,Closed,1,PASS,PASS,PASS,PASS,NA,PASS,,,ANSWERABLE,ANSWERABLE,2026-05-20 15:43:26,2026-05-20 15:44:51,2026-05-20 15:44:55,responded,no_violation,unknown,resident,no,high,MATCHED,8.0
69063000,HPD,PLUMBING,Closed,1,PASS,PASS,PASS,UNKNOWN,NA,PASS,,A3,ANSWERABLE,UNKNOWN,2026-05-20 17:28:38,2026-05-21 09:14:42,2026-05-21 09:14:42,contacted,not_applicable,yes,resident,no,medium,AMBIGUOUS,
69064000,NYPD,Illegal Parking,Closed,1,PASS,PASS,PASS,PASS,NA,PASS,,,ANSWERABLE,ANSWERABLE,2026-05-20 07:06:11,2026-05-20 10:21:52,2026-05-20 10:21:57,summons_issued,violation,unknown,none,no,high,MATCHED,8.0
69064500,HPD,ELECTRIC,Closed,1,PASS,PASS,PASS,PASS,NA,PASS,,,ANSWERABLE,ANSWERABLE,2026-05-20 20:14:34,2026-06-05 08:09:58,2026-06-05 08:09:58,no_access,not_determined,unknown,resident,no,high,AMBIGUOUS,
69066000,DOT,Street Condition,Closed,1,PASS,PASS,PASS,UNKNOWN,NA,PASS,,A3,ANSWERABLE,UNKNOWN,2026-05-20 11:21:16,2026-05-20 11:21:16,2026-05-20 11:21:16,duplicate,not_determined,unknown,agency,no,medium,AMBIGUOUS,
69066500,DOB,Elevator,Closed,1,PASS,PASS,PASS,PASS,NA,PASS,,,ANSWERABLE,ANSWERABLE,2026-05-19 20:45:04,2026-07-10 00:00:00,2026-07-10 00:00:00,summons_issued,violation,unknown,none,no,high,MATCHED,960.0
69067500,NYPD,Illegal Parking,Closed,1,PASS,PASS,PASS,PASS,NA,PASS,,,ANSWERABLE,ANSWERABLE,2026-05-20 14:01:42,2026-05-20 14:52:17,2026-05-20 14:52:21,summons_issued,violation,unknown,none,no,high,MATCHED,8.0
69068000,HPD,PLUMBING,Open,1,PASS,PASS,PASS,UNKNOWN,UNKNOWN,PASS,A4,A3,UNKNOWN,UNKNOWN,2026-05-20 12:56:44,,2026-05-20 00:00:00,owner_notified,not_determined,no,agency,no,medium,AMBIGUOUS,
69068500,NYPD,Illegal Parking,Closed,1,PASS,PASS,PASS,PASS,NA,PASS,,,ANSWERABLE,ANSWERABLE,2026-05-20 08:09:51,2026-05-20 14:39:21,2026-05-20 14:39:25,responded,no_violation,unknown,resident,no,high,MATCHED,8.0
69069500,NYPD,Noise - Residential,Closed,1,PASS,PASS,PASS,UNKNOWN,NA,PASS,,A3,ANSWERABLE,UNKNOWN,2026-05-20 15:32:24,2026-05-20 16:44:17,2026-05-20 16:44:22,responded,no_violation,yes,resident,no,medium,MATCHED,8.0
69070500,DOT,Street Light Condition,Closed,1,PASS,PASS,UNKNOWN,UNKNOWN,NA,FAIL,A5,A5,FAIL,FAIL,2026-05-20 11:45:00,2026-05-20 13:21:00,2026-05-20 13:21:00,redirect,not_determined,unknown,none,yes,low,UNMATCHED,
69071000,NYPD,Blocked Driveway,Closed,1,PASS,PASS,PASS,PASS,NA,PASS,,,ANSWERABLE,ANSWERABLE,2026-05-20 07:10:06,2026-05-20 07:54:36,2026-05-20 07:54:38,responded,no_violation,unknown,resident,no,high,MATCHED,8.0
69071500,HPD,UNSANITARY CONDITION,Closed,1,PASS,PASS,PASS,PASS,NA,PASS,,,ANSWERABLE,ANSWERABLE,2026-05-20 15:10:07,2026-06-01 16:54:21,2026-06-01 16:54:21,violation_issued,violation,no,other_party,partial,high,AMBIGUOUS,
69072500,NYPD,Illegal Parking,Closed,1,PASS,PASS,PASS,UNKNOWN,NA,PASS,,A3,ANSWERABLE,UNKNOWN,2026-05-21 17:57:15,2026-05-21 18:32:55,2026-05-21 18:32:59,responded,no_violation,yes,resident,no,medium,MATCHED,8.0
69073000,HPD,FLOORING/STAIRS,Closed,1,PASS,PASS,PASS,UNKNOWN,NA,PASS,,A3,ANSWERABLE,UNKNOWN,2026-05-21 22:48:40,2026-05-31 12:12:04,2026-05-31 12:12:04,other,not_determined,unknown,resident,partial,medium,AMBIGUOUS,
69073500,DOT,Sidewalk Condition,Closed,1,PASS,PASS,PASS,UNKNOWN,NA,PASS,,A3,ANSWERABLE,UNKNOWN,2026-05-21 09:49:26,2026-05-26 05:39:42,2026-05-26 05:39:47,repaired,not_applicable,yes,none,no,medium,MATCHED,336.0
69074000,NYPD,Illegal Parking,Closed,1,PASS,PASS,PASS,PASS,NA,PASS,,,ANSWERABLE,ANSWERABLE,2026-05-21 06:57:46,2026-05-21 07:06:51,2026-05-21 07:06:54,responded,no_violation,unknown,resident,no,high,MATCHED,8.0
69074500,NYPD,Noise - Street/Sidewalk,Closed,1,PASS,PASS,PASS,UNKNOWN,NA,PASS,,A3,ANSWERABLE,UNKNOWN,2026-05-21 21:51:42,2026-05-21 23:17:55,2026-05-21 23:18:01,responded,no_violation,yes,resident,no,medium,MATCHED,8.0
69076000,DOB,General Construction/Plumbing,Closed,1,PASS,PASS,PASS,PASS,NA,PASS,,,ANSWERABLE,ANSWERABLE,2026-05-21 09:31:36,2026-05-21 09:31:36,2026-05-21 00:00:00,inspected,not_determined,unknown,none,no,high,UNMATCHED,
69077500,NYPD,Blocked Driveway,Closed,1,PASS,PASS,PASS,PASS,NA,PASS,,,ANSWERABLE,ANSWERABLE,2026-05-21 10:02:29,2026-05-21 11:01:56,2026-05-21 11:02:02,responded,no_violation,unknown,resident,no,high,MATCHED,8.0
69078000,HPD,WATER LEAK,Closed,1,PASS,PASS,PASS,PASS,NA,PASS,,,ANSWERABLE,ANSWERABLE,2026-05-21 13:49:05,2026-06-15 09:17:35,2026-06-15 09:17:35,no_access,not_determined,unknown,resident,no,high,MATCHED,192.0
69079000,NYPD,Illegal Parking,Closed,1,PASS,PASS,PASS,PASS,NA,PASS,,,ANSWERABLE,ANSWERABLE,2026-05-21 07:33:42,2026-05-21 08:21:50,2026-05-21 08:21:52,responded,no_violation,unknown,resident,no,high,MATCHED,8.0
69079500,HPD,PAINT/PLASTER,Closed,1,PASS,PASS,PASS,PASS,NA,PASS,,,ANSWERABLE,ANSWERABLE,2026-05-21 12:11:43,2026-06-03 17:54:25,2026-06-03 17:54:25,inspected,no_violation,unknown,none,no,high,AMBIGUOUS,
69080000,NYPD,Noise - Street/Sidewalk,Closed,1,PASS,PASS,PASS,PASS,NA,PASS,,,ANSWERABLE,ANSWERABLE,2026-05-22 01:24:13,2026-05-22 05:32:44,2026-05-22 05:32:50,responded,no_violation,unknown,resident,no,high,MATCHED,8.0
69081000,NYPD,Noise - Residential,Closed,1,PASS,PASS,PASS,PASS,NA,PASS,,,ANSWERABLE,ANSWERABLE,2026-05-21 19:28:03,2026-05-21 19:46:08,2026-05-21 19:46:10,responded,no_violation,unknown,resident,no,high,MATCHED,8.0
69082500,NYPD,Panhandling,Closed,1,PASS,PASS,PASS,PASS,NA,PASS,,,ANSWERABLE,ANSWERABLE,2026-05-21 06:22:17,2026-05-21 09:10:43,2026-05-21 09:10:45,responded,no_violation,unknown,resident,no,high,MATCHED,4.0
69083000,NYPD,Abandoned Vehicle,Closed,1,PASS,PASS,PASS,PASS,NA,PASS,,,ANSWERABLE,ANSWERABLE,2026-05-21 22:39:10,2026-05-21 23:41:49,2026-05-21 23:41:52,responded,no_violation,unknown,resident,no,high,MATCHED,8.0
69084000,NYPD,Blocked Driveway,Closed,1,PASS,PASS,PASS,PASS,NA,PASS,,,ANSWERABLE,ANSWERABLE,2026-05-21 09:11:00,2026-05-21 09:51:15,2026-05-21 09:51:17,summons_issued,violation,unknown,none,no,high,MATCHED,8.0
69084500,HPD,DOOR/WINDOW,Closed,1,PASS,PASS,PASS,UNKNOWN,NA,PASS,,A3,ANSWERABLE,UNKNOWN,2026-05-21 08:27:55,2026-05-26 14:43:32,2026-05-26 14:43:32,other,not_determined,unknown,resident,partial,medium,AMBIGUOUS,
69085500,NYPD,Panhandling,Closed,1,PASS,PASS,PASS,PASS,NA,PASS,,,ANSWERABLE,ANSWERABLE,2026-05-22 12:56:20,2026-05-22 17:04:52,2026-05-22 17:04:55,responded,no_violation,unknown,resident,no,high,MATCHED,4.0
69086000,DOT,Street Condition,Closed,1,PASS,PASS,PASS,PASS,NA,PASS,,,ANSWERABLE,ANSWERABLE,2026-05-22 08:00:47,2026-05-26 09:20:00,2026-05-26 09:20:00,repaired,condition_confirmed,yes,none,no,high,AMBIGUOUS,
69087000,NYPD,Noise - Residential,Closed,1,PASS,PASS,PASS,UNKNOWN,NA,PASS,,A3,ANSWERABLE,UNKNOWN,2026-05-22 22:28:49,2026-05-23 00:06:37,2026-05-23 00:06:39,responded,no_violation,yes,resident,no,medium,MATCHED,8.0
69088500,NYPD,Noise - Street/Sidewalk,Closed,1,PASS,PASS,PASS,PASS,NA,PASS,,,ANSWERABLE,ANSWERABLE,2026-05-22 18:25:56,2026-05-22 23:16:43,2026-05-22 23:16:47,responded,no_violation,unknown,resident,no,high,MATCHED,8.0
69089500,NYPD,Illegal Parking,Closed,1,PASS,PASS,PASS,PASS,NA,PASS,,,ANSWERABLE,ANSWERABLE,2026-05-22 14:25:19,2026-05-22 14:53:19,2026-05-22 14:53:22,responded,no_violation,unknown,resident,no,high,MATCHED,8.0
69090000,HPD,ELECTRIC,Closed,1,PASS,PASS,PASS,PASS,NA,PASS,,,ANSWERABLE,ANSWERABLE,2026-05-22 14:11:30,2026-06-01 18:03:51,2026-06-01 18:03:51,inspected,no_violation,unknown,none,no,high,AMBIGUOUS,
69090500,DOT,Street Condition,Closed,1,PASS,PASS,PASS,UNKNOWN,NA,PASS,,A3,ANSWERABLE,UNKNOWN,2026-05-22 14:35:39,2026-05-29 13:06:17,2026-05-29 13:06:21,inspected,no_violation,unknown,none,no,medium,MATCHED,240.0
69091000,NYPD,Illegal Parking,Closed,1,PASS,PASS,PASS,UNKNOWN,NA,PASS,,A3,ANSWERABLE,UNKNOWN,2026-05-22 10:06:26,2026-05-22 10:30:46,2026-05-22 10:30:51,responded,no_violation,yes,resident,no,medium,MATCHED,8.0
69091500,HPD,GENERAL,Closed,1,PASS,PASS,PASS,PASS,NA,PASS,,,ANSWERABLE,ANSWERABLE,2026-05-22 06:32:55,2026-06-03 21:51:20,2026-06-03 21:51:20,duplicate,not_determined,no,agency,partial,high,MATCHED,72.0
69092000,NYPD,Encampment,Closed,1,PASS,PASS,PASS,PASS,NA,PASS,,,ANSWERABLE,ANSWERABLE,2026-05-22 07:47:18,2026-05-22 11:15:56,2026-05-22 11:16:00,responded,no_violation,unknown,resident,no,high,MATCHED,4.0
69092500,NYPD,Illegal Parking,Closed,1,PASS,PASS,PASS,PASS,NA,PASS,,,ANSWERABLE,ANSWERABLE,2026-05-22 07:47:59,2026-05-22 09:05:54,2026-05-22 09:05:58,responded,no_violation,unknown,resident,no,high,MATCHED,8.0
69093000,HPD,PLUMBING,Closed,1,PASS,PASS,PASS,PASS,NA,PASS,,,ANSWERABLE,ANSWERABLE,2026-05-22 14:42:10,2026-05-27 18:01:34,2026-05-27 18:01:34,inspected,no_violation,unknown,none,no,high,AMBIGUOUS,
69093500,NYPD,Illegal Parking,Closed,1,PASS,PASS,UNKNOWN,UNKNOWN,NA,FAIL,A5,A5,FAIL,FAIL,2026-05-22 18:36:48,2026-05-22 19:00:47,2026-05-22 19:00:51,reviewed,not_determined,unknown,none,yes,low,MATCHED,8.0
69094000,NYPD,Blocked Driveway,Closed,1,PASS,PASS,PASS,PASS,NA,PASS,,,ANSWERABLE,ANSWERABLE,2026-05-22 08:29:51,2026-05-22 13:30:35,2026-05-22 13:30:39,responded,no_violation,unknown,resident,no,high,MATCHED,8.0
69094500,HPD,UNSANITARY CONDITION,Closed,1,PASS,PASS,PASS,UNKNOWN,NA,PASS,,A3,ANSWERABLE,UNKNOWN,2026-05-22 18:19:00,2026-05-29 20:25:34,2026-05-29 20:25:34,other,not_determined,unknown,resident,partial,medium,AMBIGUOUS,
69095500,DOT,Street Light Condition,Closed,1,PASS,PASS,UNKNOWN,UNKNOWN,NA,FAIL,A5,A5,FAIL,FAIL,2026-05-22 15:51:00,2026-06-02 09:08:00,2026-06-02 09:08:00,redirect,not_determined,unknown,none,yes,low,UNMATCHED,
69096000,DOT,Street Condition,Closed,1,PASS,PASS,PASS,PASS,NA,PASS,,,ANSWERABLE,ANSWERABLE,2026-05-22 15:59:34,2026-05-26 02:45:00,2026-05-26 02:45:00,inspected,no_violation,unknown,none,no,high,AMBIGUOUS,
69097000,NYPD,Noise - Street/Sidewalk,Closed,1,PASS,PASS,PASS,PASS,NA,PASS,,,ANSWERABLE,ANSWERABLE,2026-05-23 15:38:55,2026-05-23 16:45:22,2026-05-23 16:45:26,responded,no_violation,unknown,resident,no,high,MATCHED,8.0
69098000,NYPD,Noise - Residential,Closed,1,PASS,PASS,PASS,UNKNOWN,NA,PASS,,A3,ANSWERABLE,UNKNOWN,2026-05-23 21:07:14,2026-05-23 21:47:23,2026-05-23 21:47:27,responded,no_violation,yes,resident,no,medium,MATCHED,8.0
69099000,NYPD,Noise - Residential,Closed,1,PASS,PASS,PASS,PASS,NA,PASS,,,ANSWERABLE,ANSWERABLE,2026-05-23 23:49:51,2026-05-24 00:35:25,2026-05-24 00:35:30,responded,no_violation,unknown,resident,no,high,MATCHED,8.0
69100000,NYPD,Noise - Street/Sidewalk,Closed,1,PASS,PASS,PASS,UNKNOWN,NA,PASS,,A3,ANSWERABLE,UNKNOWN,2026-05-23 01:58:33,2026-05-23 02:34:07,2026-05-23 02:34:10,responded,no_violation,yes,resident,no,medium,MATCHED,8.0
69101000,NYPD,Noise - Residential,Closed,1,PASS,PASS,PASS,PASS,NA,PASS,,,ANSWERABLE,ANSWERABLE,2026-05-23 02:34:53,2026-05-23 03:57:49,2026-05-23 03:57:55,responded,no_violation,unknown,resident,no,high,MATCHED,8.0
69102000,NYPD,Noise - Residential,Closed,1,PASS,PASS,PASS,PASS,NA,PASS,,,ANSWERABLE,ANSWERABLE,2026-05-23 22:24:50,2026-05-24 00:21:24,2026-05-24 00:21:27,no_access,not_determined,unknown,resident,no,high,MATCHED,8.0
69102500,NYPD,Panhandling,Closed,1,PASS,PASS,PASS,PASS,NA,PASS,,,ANSWERABLE,ANSWERABLE,2026-05-24 01:29:16,2026-05-24 01:43:09,2026-05-24 01:43:12,responded,no_violation,unknown,resident,no,high,MATCHED,4.0
69103000,NYPD,Noise - Residential,Closed,1,PASS,PASS,PASS,PASS,NA,PASS,,,ANSWERABLE,ANSWERABLE,2026-05-23 01:55:09,2026-05-23 05:15:27,2026-05-23 05:15:29,no_access,not_determined,unknown,resident,no,high,MATCHED,8.0
69104000,NYPD,Noise - Residential,Closed,1,PASS,PASS,PASS,PASS,NA,PASS,,,ANSWERABLE,ANSWERABLE,2026-05-23 17:28:26,2026-05-23 18:52:56,2026-05-23 18:52:59,responded,no_violation,unknown,resident,no,high,MATCHED,8.0
69105000,NYPD,Noise - Residential,Closed,1,PASS,PASS,PASS,PASS,NA,PASS,,,ANSWERABLE,ANSWERABLE,2026-05-24 13:34:03,2026-05-24 13:53:01,2026-05-24 13:53:06,responded,no_violation,unknown,resident,no,high,MATCHED,8.0
69105500,DOT,Sidewalk Condition,Closed,1,PASS,PASS,PASS,PASS,NA,PASS,,,ANSWERABLE,ANSWERABLE,2026-05-24 07:19:15,2026-05-27 09:28:42,2026-05-27 09:28:46,violation_issued,violation,no,other_party,no,high,MATCHED,240.0
69106000,NYPD,Noise - Residential,Closed,1,PASS,PASS,PASS,PASS,NA,PASS,,,ANSWERABLE,ANSWERABLE,2026-05-24 11:40:41,2026-05-24 16:14:05,2026-05-24 16:14:08,responded,no_violation,unknown,resident,no,high,MATCHED,8.0
69106500,NYPD,Noise - Residential,Closed,1,PASS,PASS,PASS,UNKNOWN,NA,PASS,,A3,ANSWERABLE,UNKNOWN,2026-05-25 01:17:21,2026-05-25 02:16:48,2026-05-25 02:16:57,responded,no_violation,yes,resident,no,medium,MATCHED,8.0
69107000,DOT,Traffic Signal Condition,Closed,1,PASS,PASS,UNKNOWN,UNKNOWN,NA,FAIL,A5,A5,FAIL,FAIL,2026-05-24 17:18:00,2026-05-24 19:05:00,2026-05-24 19:05:00,redirect,not_determined,unknown,none,yes,low,UNMATCHED,
69108000,NYPD,Blocked Driveway,Closed,1,PASS,PASS,PASS,PASS,NA,PASS,,,ANSWERABLE,ANSWERABLE,2026-05-25 00:53:48,2026-05-25 01:19:44,2026-05-25 01:19:46,summons_issued,violation,unknown,none,no,high,MATCHED,8.0
69108500,HPD,PLUMBING,Closed,1,PASS,PASS,PASS,UNKNOWN,NA,PASS,,A3,ANSWERABLE,UNKNOWN,2026-05-24 17:57:35,2026-05-29 09:18:20,2026-05-29 09:18:20,other,not_determined,unknown,resident,partial,medium,AMBIGUOUS,
69109000,NYPD,Illegal Parking,Closed,1,PASS,PASS,PASS,PASS,NA,PASS,,,ANSWERABLE,ANSWERABLE,2026-05-24 18:55:05,2026-05-24 20:42:40,2026-05-24 20:42:43,responded,no_violation,unknown,resident,no,high,MATCHED,8.0
69109500,HPD,HEAT/HOT WATER,Closed,1,PASS,PASS,PASS,UNKNOWN,NA,PASS,,A3,ANSWERABLE,UNKNOWN,2026-05-24 03:39:02,2026-05-25 16:39:54,2026-05-25 16:39:54,contacted,not_applicable,yes,resident,no,medium,MATCHED,72.0
69110000,NYPD,Illegal Parking,Closed,1,PASS,PASS,PASS,PASS,NA,PASS,,,ANSWERABLE,ANSWERABLE,2026-05-24 20:13:58,2026-05-24 21:19:11,2026-05-24 21:19:13,responded,no_violation,unknown,resident,no,high,MATCHED,8.0
69110500,HPD,FLOORING/STAIRS,Closed,1,PASS,PASS,PASS,UNKNOWN,NA,PASS,,A3,ANSWERABLE,UNKNOWN,2026-05-24 14:35:59,2026-05-27 20:26:22,2026-05-27 20:26:22,other,not_determined,unknown,resident,partial,medium,AMBIGUOUS,
69111000,DOT,Highway Sign - Damaged,Closed,1,PASS,PASS,PASS,UNKNOWN,NA,PASS,,A3,ANSWERABLE,UNKNOWN,2026-05-24 13:13:24,2026-06-02 06:45:21,2026-06-02 06:45:26,repaired,not_applicable,yes,none,no,medium,MATCHED,336.0
69111500,NYPD,Noise - Street/Sidewalk,Closed,1,PASS,PASS,PASS,PASS,NA,PASS,,,ANSWERABLE,ANSWERABLE,2026-05-24 15:20:46,2026-05-24 15:57:49,2026-05-24 15:57:53,responded,no_violation,unknown,resident,no,high,MATCHED,8.0
69112500,NYPD,Noise - Residential,Closed,1,PASS,PASS,PASS,UNKNOWN,NA,PASS,,A3,ANSWERABLE,UNKNOWN,2026-05-24 14:34:15,2026-05-24 16:51:17,2026-05-24 16:51:21,responded,no_violation,yes,resident,no,medium,MATCHED,8.0
69113000,NYPD,Illegal Parking,Closed,1,PASS,PASS,PASS,UNKNOWN,NA,PASS,,A3,ANSWERABLE,UNKNOWN,2026-05-24 17:37:23,2026-05-24 19:46:58,2026-05-24 19:47:02,responded,no_violation,yes,resident,no,medium,MATCHED,8.0
69113500,NYPD,Noise - Park,Closed,1,PASS,PASS,PASS,PASS,NA,PASS,,,ANSWERABLE,ANSWERABLE,2026-05-25 22:03:14,2026-05-26 00:42:31,2026-05-26 00:42:35,responded,no_violation,unknown,resident,no,high,MATCHED,8.0
69114000,DOT,Street Condition,Closed,1,PASS,PASS,PASS,PASS,NA,PASS,,,ANSWERABLE,ANSWERABLE,2026-05-25 20:01:44,2026-05-26 02:21:00,2026-05-26 02:21:00,repaired,condition_confirmed,yes,none,no,high,AMBIGUOUS,
69114500,NYPD,Illegal Parking,Closed,1,PASS,PASS,PASS,UNKNOWN,NA,PASS,,A3,ANSWERABLE,UNKNOWN,2026-05-25 21:07:06,2026-05-25 22:19:22,2026-05-25 22:19:26,responded,no_violation,yes,resident,no,medium,MATCHED,8.0
69115000,NYPD,Noise - Street/Sidewalk,Closed,1,PASS,PASS,PASS,UNKNOWN,NA,PASS,,A3,ANSWERABLE,UNKNOWN,2026-05-25 22:14:38,2026-05-25 22:33:58,2026-05-25 22:34:05,responded,no_violation,yes,resident,no,medium,MATCHED,8.0
69115500,NYPD,Noise - Street/Sidewalk,Closed,1,PASS,PASS,PASS,PASS,NA,PASS,,,ANSWERABLE,ANSWERABLE,2026-05-25 19:29:23,2026-05-26 02:12:17,2026-05-26 02:12:20,responded,no_violation,unknown,resident,no,high,MATCHED,8.0
69116000,NYPD,Noise - Vehicle,Closed,1,PASS,PASS,PASS,PASS,NA,PASS,,,ANSWERABLE,ANSWERABLE,2026-05-25 08:12:31,2026-05-25 08:23:25,2026-05-25 08:23:30,responded,no_violation,unknown,resident,no,high,MATCHED,8.0
69116500,HPD,HEAT/HOT WATER,Closed,1,PASS,PASS,PASS,UNKNOWN,NA,PASS,,A3,ANSWERABLE,UNKNOWN,2026-05-25 12:48:04,2026-05-26 09:50:02,2026-05-26 09:50:02,contacted,not_applicable,yes,resident,no,medium,MATCHED,72.0
69117500,NYPD,Noise - Residential,Closed,1,PASS,PASS,PASS,PASS,NA,PASS,,,ANSWERABLE,ANSWERABLE,2026-05-25 03:38:57,2026-05-25 04:16:14,2026-05-25 04:16:21,responded,no_violation,unknown,resident,no,high,MATCHED,8.0
69118000,HPD,PLUMBING,Closed,1,PASS,PASS,PASS,PASS,NA,PASS,,,ANSWERABLE,ANSWERABLE,2026-05-25 10:34:40,2026-06-15 09:17:26,2026-06-15 09:17:26,no_access,not_determined,unknown,resident,no,high,AMBIGUOUS,
69119000,NYPD,Noise - Residential,Closed,1,PASS,PASS,PASS,UNKNOWN,NA,PASS,,A3,ANSWERABLE,UNKNOWN,2026-05-25 21:06:42,2026-05-25 21:50:39,2026-05-25 21:50:44,responded,no_violation,yes,resident,no,medium,MATCHED,8.0
69120000,NYPD,Illegal Parking,Closed,1,PASS,PASS,PASS,PASS,NA,PASS,,,ANSWERABLE,ANSWERABLE,2026-05-25 11:12:04,2026-05-25 13:32:04,2026-05-25 13:32:07,summons_issued,violation,unknown,none,no,high,MATCHED,8.0
69120500,HPD,GENERAL,Closed,1,PASS,PASS,PASS,PASS,NA,PASS,,,ANSWERABLE,ANSWERABLE,2026-05-25 12:44:31,2026-06-18 08:29:51,2026-06-18 08:29:51,no_access,not_determined,unknown,resident,no,high,MATCHED,192.0
69121500,NYPD,Noise - Residential,Closed,1,PASS,PASS,PASS,PASS,NA,PASS,,,ANSWERABLE,ANSWERABLE,2026-05-25 21:32:11,2026-05-26 00:20:16,2026-05-26 00:20:20,responded,no_violation,unknown,resident,no,high,MATCHED,8.0
69122500,NYPD,Illegal Parking,Closed,1,PASS,PASS,PASS,PASS,NA,PASS,,,ANSWERABLE,ANSWERABLE,2026-05-25 16:03:49,2026-05-25 19:27:50,2026-05-25 19:27:55,responded,no_violation,unknown,resident,no,high,MATCHED,8.0
69123000,HPD,DOOR/WINDOW,Closed,1,PASS,PASS,PASS,PASS,NA,PASS,,,ANSWERABLE,ANSWERABLE,2026-05-25 08:06:05,2026-05-27 20:02:52,2026-05-27 20:02:52,inspected,no_violation,unknown,none,no,high,AMBIGUOUS,
69124000,NYPD,Blocked Driveway,Closed,1,PASS,PASS,PASS,PASS,NA,PASS,,,ANSWERABLE,ANSWERABLE,2026-05-26 19:59:51,2026-05-26 20:51:30,2026-05-26 20:51:34,responded,no_violation,unknown,resident,no,high,MATCHED,8.0
69124500,HPD,PLUMBING,Closed,1,PASS,PASS,PASS,PASS,NA,PASS,,,ANSWERABLE,ANSWERABLE,2026-05-26 15:36:59,2026-06-03 13:37:21,2026-06-03 13:37:21,violation_issued,violation,no,other_party,partial,high,AMBIGUOUS,
69125000,DOT,Street Sign - Damaged,In Progress,1,PASS,PASS,PASS,PASS,PASS,PASS,,,ANSWERABLE,ANSWERABLE,2026-05-26 20:15:26,,2026-05-29 08:43:42,work_order,condition_confirmed,no,agency,no,high,MATCHED,336.0
69125500,NYPD,Illegal Parking,Closed,1,PASS,PASS,PASS,PASS,NA,PASS,,,ANSWERABLE,ANSWERABLE,2026-05-26 17:35:17,2026-05-26 19:23:41,2026-05-26 19:23:44,summons_issued,violation,unknown,none,no,high,MATCHED,8.0
69126000,NYPD,Noise - Street/Sidewalk,Closed,1,PASS,PASS,PASS,PASS,NA,PASS,,,ANSWERABLE,ANSWERABLE,2026-05-26 22:00:41,2026-05-27 00:02:59,2026-05-27 00:03:01,responded,no_violation,unknown,resident,no,high,MATCHED,8.0
69127500,NYPD,Panhandling,Closed,1,PASS,PASS,PASS,UNKNOWN,NA,PASS,,A3,ANSWERABLE,UNKNOWN,2026-05-26 16:36:19,2026-05-26 16:40:02,2026-05-26 16:40:06,responded,no_violation,yes,resident,no,medium,MATCHED,4.0
69128000,NYPD,Drug Activity,Closed,1,PASS,PASS,PASS,PASS,NA,PASS,,,ANSWERABLE,ANSWERABLE,2026-05-26 14:17:59,2026-05-26 14:50:28,2026-05-26 14:50:32,responded,no_violation,unknown,resident,no,high,MATCHED,8.0
69129000,NYPD,Traffic,Closed,1,PASS,PASS,PASS,PASS,NA,PASS,,,ANSWERABLE,ANSWERABLE,2026-05-26 09:50:51,2026-05-26 10:03:35,2026-05-26 10:03:39,responded,no_violation,unknown,resident,no,high,MATCHED,8.0
69129500,HPD,HEAT/HOT WATER,Closed,1,PASS,PASS,PASS,PASS,NA,PASS,,,ANSWERABLE,ANSWERABLE,2026-05-26 00:12:04,2026-05-28 07:28:46,2026-05-28 07:28:46,duplicate,not_determined,no,agency,partial,high,MATCHED,72.0
69130000,DOT,Street Sign - Missing,In Progress,1,PASS,PASS,PASS,PASS,PASS,PASS,,,ANSWERABLE,ANSWERABLE,2026-05-26 10:29:37,,2026-05-26 10:56:57,work_order,condition_confirmed,no,agency,no,high,MATCHED,336.0
69130500,NYPD,Illegal Parking,Closed,1,PASS,PASS,PASS,PASS,NA,PASS,,,ANSWERABLE,ANSWERABLE,2026-05-26 10:19:26,2026-05-26 11:17:18,2026-05-26 11:17:20,responded,no_violation,unknown,resident,no,high,MATCHED,8.0
69131000,HPD,DOOR/WINDOW,Closed,1,PASS,PASS,PASS,UNKNOWN,NA,PASS,,A3,ANSWERABLE,UNKNOWN,2026-05-26 11:05:18,2026-06-03 20:37:48,2026-06-03 20:37:48,other,not_determined,unknown,resident,partial,medium,MATCHED,72.0
69132500,NYPD,Noise - Residential,Closed,1,PASS,PASS,PASS,PASS,NA,PASS,,,ANSWERABLE,ANSWERABLE,2026-05-26 03:15:22,2026-05-26 05:56:36,2026-05-26 05:56:40,no_access,not_determined,unknown,resident,no,high,MATCHED,8.0
69133000,NYPD,Blocked Driveway,Closed,1,PASS,PASS,PASS,UNKNOWN,NA,PASS,,A3,ANSWERABLE,UNKNOWN,2026-05-27 00:41:05,2026-05-27 06:09:33,2026-05-27 06:09:36,responded,no_violation,yes,resident,no,medium,MATCHED,8.0
69134000,NYPD,Blocked Driveway,Closed,1,PASS,PASS,PASS,PASS,NA,PASS,,,ANSWERABLE,ANSWERABLE,2026-05-26 05:35:16,2026-05-26 06:38:48,2026-05-26 06:38:52,responded,no_violation,unknown,resident,no,high,MATCHED,8.0
69134500,HPD,UNSANITARY CONDITION,Closed,1,PASS,PASS,PASS,PASS,NA,PASS,,,ANSWERABLE,ANSWERABLE,2026-05-26 23:02:28,2026-06-18 08:30:09,2026-06-18 08:30:09,no_access,not_determined,unknown,resident,no,high,AMBIGUOUS,
69135500,NYPD,Illegal Parking,Closed,1,PASS,PASS,PASS,PASS,NA,PASS,,,ANSWERABLE,ANSWERABLE,2026-05-26 10:59:48,2026-05-26 16:34:39,2026-05-26 16:34:43,responded,no_violation,unknown,resident,no,high,MATCHED,8.0
69136000,HPD,DOOR/WINDOW,Closed,1,PASS,PASS,PASS,UNKNOWN,NA,PASS,,A3,ANSWERABLE,UNKNOWN,2026-05-26 14:53:57,2026-06-11 12:24:51,2026-06-11 12:24:51,other,not_determined,unknown,resident,partial,medium,AMBIGUOUS,
69138000,DOT,Sidewalk Condition,Closed,1,PASS,PASS,PASS,PASS,NA,PASS,,,ANSWERABLE,ANSWERABLE,2026-05-27 17:14:27,2026-06-10 13:01:59,2026-06-10 13:02:03,received_only,not_determined,unknown,agency,no,high,AMBIGUOUS,
69138500,NYPD,Illegal Parking,Closed,1,PASS,PASS,PASS,PASS,NA,PASS,,,ANSWERABLE,ANSWERABLE,2026-05-27 08:06:49,2026-05-27 08:42:35,2026-05-27 08:42:38,responded,no_violation,unknown,resident,no,high,MATCHED,8.0
69139000,HPD,HEAT/HOT WATER,Closed,1,PASS,PASS,PASS,UNKNOWN,NA,PASS,,A3,ANSWERABLE,UNKNOWN,2026-05-27 11:12:20,2026-05-29 10:21:23,2026-05-29 10:21:23,contacted,not_applicable,yes,resident,no,medium,MATCHED,72.0
69140000,NYPD,Illegal Parking,Closed,1,PASS,PASS,PASS,PASS,NA,PASS,,,ANSWERABLE,ANSWERABLE,2026-05-27 05:15:55,2026-05-27 07:28:02,2026-05-27 07:28:05,summons_issued,violation,unknown,none,no,high,MATCHED,8.0
69140500,HPD,PAINT/PLASTER,Closed,1,PASS,PASS,PASS,PASS,NA,PASS,,,ANSWERABLE,ANSWERABLE,2026-05-27 18:47:27,2026-06-01 20:36:51,2026-06-01 20:36:51,inspected,no_violation,unknown,none,no,high,AMBIGUOUS,
69141500,NYPD,Illegal Parking,Closed,1,PASS,PASS,PASS,PASS,NA,PASS,,,ANSWERABLE,ANSWERABLE,2026-05-27 07:34:43,2026-05-27 07:58:07,2026-05-27 07:58:11,responded,no_violation,unknown,resident,no,high,MATCHED,8.0
69142000,HPD,GENERAL,Closed,1,PASS,PASS,PASS,PASS,NA,PASS,,,ANSWERABLE,ANSWERABLE,2026-05-27 09:15:39,2026-06-03 17:36:50,2026-06-03 17:36:50,inspected,violation,unknown,none,partial,high,MATCHED,192.0
69142500,NYPD,Non-Emergency Police Matter,Closed,1,PASS,PASS,PASS,PASS,NA,PASS,,,ANSWERABLE,ANSWERABLE,2026-05-27 21:13:09,2026-05-28 01:05:05,2026-05-28 01:05:12,responded,no_violation,unknown,resident,no,high,MATCHED,8.0
69143000,NYPD,Illegal Parking,Closed,1,PASS,PASS,PASS,UNKNOWN,NA,PASS,,A3,ANSWERABLE,UNKNOWN,2026-05-27 11:25:30,2026-05-27 11:33:36,2026-05-27 11:33:39,responded,no_violation,yes,resident,no,medium,MATCHED,8.0
69143500,HPD,HEAT/HOT WATER,Closed,1,PASS,PASS,PASS,PASS,NA,PASS,,,ANSWERABLE,ANSWERABLE,2026-05-27 23:55:24,2026-05-29 09:18:21,2026-05-29 09:18:21,duplicate,not_determined,no,agency,partial,high,MATCHED,72.0
69144000,NYPD,Illegal Parking,Closed,1,PASS,PASS,PASS,UNKNOWN,NA,PASS,,A3,ANSWERABLE,UNKNOWN,2026-05-27 05:24:43,2026-05-27 09:07:58,2026-05-27 09:08:04,responded,no_violation,yes,resident,no,medium,MATCHED,8.0
69144500,NYPD,Illegal Parking,Closed,1,PASS,PASS,PASS,PASS,NA,PASS,,,ANSWERABLE,ANSWERABLE,2026-05-27 05:00:31,2026-05-27 10:20:46,2026-05-27 10:20:49,responded,no_violation,unknown,resident,no,high,MATCHED,8.0
69145000,HPD,PLUMBING,Closed,1,PASS,PASS,PASS,PASS,NA,PASS,,,ANSWERABLE,ANSWERABLE,2026-05-27 11:49:31,2026-06-15 09:17:36,2026-06-15 09:17:36,no_access,not_determined,unknown,resident,no,high,AMBIGUOUS,
69145500,DOT,Street Sign - Damaged,Closed,1,PASS,PASS,UNKNOWN,UNKNOWN,NA,FAIL,A5,A5,FAIL,FAIL,2026-05-27 14:22:03,2026-05-29 06:32:17,2026-05-29 06:32:20,inspected,not_determined,unknown,none,yes,low,MATCHED,336.0
69146000,NYPD,Illegal Parking,Closed,1,PASS,PASS,PASS,PASS,NA,PASS,,,ANSWERABLE,ANSWERABLE,2026-05-27 22:04:11,2026-05-27 22:26:17,2026-05-27 22:26:23,summons_issued,violation,unknown,none,no,high,MATCHED,8.0
69146500,HPD,HEAT/HOT WATER,Closed,1,PASS,PASS,UNKNOWN,UNKNOWN,NA,FAIL,A5,A5,FAIL,FAIL,2026-05-27 15:49:24,2026-05-27 18:43:14,2026-05-27 18:43:14,inspected,not_determined,unknown,none,yes,low,MATCHED,72.0
69147000,NYPD,Panhandling,Closed,1,PASS,PASS,PASS,PASS,NA,PASS,,,ANSWERABLE,ANSWERABLE,2026-05-27 19:50:48,2026-05-28 00:28:14,2026-05-28 00:28:17,responded,no_violation,unknown,resident,no,high,MATCHED,4.0
69147500,NYPD,Illegal Parking,Closed,1,PASS,PASS,PASS,PASS,NA,PASS,,,ANSWERABLE,ANSWERABLE,2026-05-27 17:40:18,2026-05-27 20:47:25,2026-05-27 20:47:29,responded,no_violation,unknown,resident,no,high,MATCHED,8.0
69148000,HPD,DOOR/WINDOW,Closed,1,PASS,PASS,PASS,PASS,NA,PASS,,,ANSWERABLE,ANSWERABLE,2026-05-27 13:41:35,2026-06-01 17:59:28,2026-06-01 17:59:28,violation_issued,violation,no,other_party,partial,high,AMBIGUOUS,
69148500,NYPD,Noise - Residential,Closed,1,PASS,PASS,PASS,PASS,NA,PASS,,,ANSWERABLE,ANSWERABLE,2026-05-27 23:16:49,2026-05-28 00:48:37,2026-05-28 00:48:40,responded,no_violation,unknown,resident,no,high,MATCHED,8.0
69149000,NYPD,Illegal Parking,Closed,1,PASS,PASS,PASS,PASS,NA,PASS,,,ANSWERABLE,ANSWERABLE,2026-05-28 21:37:02,2026-05-28 23:35:30,2026-05-28 23:35:33,summons_issued,violation,unknown,none,no,high,MATCHED,8.0
69149500,HPD,APPLIANCE,Closed,1,PASS,PASS,PASS,PASS,NA,PASS,,,ANSWERABLE,ANSWERABLE,2026-05-28 18:04:27,2026-06-07 13:50:07,2026-06-07 13:50:07,inspected,no_violation,unknown,none,no,high,AMBIGUOUS,
69150000,DOT,Street Condition,Closed,1,PASS,PASS,PASS,PASS,NA,PASS,,,ANSWERABLE,ANSWERABLE,2026-05-28 13:57:38,2026-06-03 14:39:40,2026-06-03 14:39:45,referred,condition_confirmed,no,agency,no,high,MATCHED,240.0
69150500,NYPD,Illegal Parking,Closed,1,PASS,PASS,PASS,PASS,NA,PASS,,,ANSWERABLE,ANSWERABLE,2026-05-28 18:18:48,2026-05-28 22:41:59,2026-05-28 22:42:02,responded,no_violation,unknown,resident,no,high,MATCHED,8.0
69151000,HPD,PLUMBING,Closed,1,PASS,PASS,PASS,PASS,NA,PASS,,,ANSWERABLE,ANSWERABLE,2026-05-28 14:30:49,2026-06-05 02:07:02,2026-06-05 02:07:02,violation_issued,violation,no,other_party,partial,high,AMBIGUOUS,
69151500,NYPD,Encampment,Closed,1,PASS,PASS,PASS,PASS,NA,PASS,,,ANSWERABLE,ANSWERABLE,2026-05-28 15:28:38,2026-05-28 15:32:43,2026-05-28 15:32:47,responded,no_violation,unknown,resident,no,high,MATCHED,4.0
69152000,NYPD,Noise - Vehicle,Closed,1,PASS,PASS,PASS,PASS,NA,PASS,,,ANSWERABLE,ANSWERABLE,2026-05-28 13:49:04,2026-05-28 13:49:30,2026-05-28 13:49:33,responded,no_violation,unknown,resident,no,high,MATCHED,8.0
69152500,HPD,PLUMBING,Closed,1,PASS,PASS,PASS,UNKNOWN,NA,PASS,,A3,ANSWERABLE,UNKNOWN,2026-05-28 12:18:15,2026-06-29 20:54:23,2026-06-29 20:54:23,other,not_determined,unknown,resident,partial,medium,AMBIGUOUS,
69153000,NYPD,Encampment,Closed,1,PASS,PASS,PASS,PASS,NA,PASS,,,ANSWERABLE,ANSWERABLE,2026-05-28 07:51:00,2026-05-28 08:50:08,2026-05-28 08:50:11,referred,condition_confirmed,no,agency,no,high,MATCHED,4.0
69153500,NYPD,Noise - Residential,Closed,1,PASS,PASS,PASS,UNKNOWN,NA,PASS,,A3,ANSWERABLE,UNKNOWN,2026-05-29 00:33:18,2026-05-29 01:45:30,2026-05-29 01:45:32,responded,no_violation,yes,resident,no,medium,MATCHED,8.0
69154000,HPD,SAFETY,Closed,1,PASS,PASS,PASS,PASS,NA,PASS,,,ANSWERABLE,ANSWERABLE,2026-05-28 13:29:29,2026-06-29 08:28:46,2026-06-29 08:28:46,no_access,not_determined,unknown,resident,no,high,MATCHED,72.0
69155000,NYPD,Blocked Driveway,Closed,1,PASS,PASS,PASS,PASS,NA,PASS,,,ANSWERABLE,ANSWERABLE,2026-05-28 12:11:25,2026-05-28 12:52:43,2026-05-28 12:52:47,summons_issued,violation,unknown,none,no,high,MATCHED,8.0
69155500,HPD,UNSANITARY CONDITION,Closed,1,PASS,PASS,PASS,PASS,NA,PASS,,,ANSWERABLE,ANSWERABLE,2026-05-28 10:18:25,2026-05-31 19:22:25,2026-05-31 19:22:25,inspected,no_violation,unknown,none,no,high,MATCHED,72.0
69156500,NYPD,Blocked Driveway,Closed,1,PASS,PASS,PASS,PASS,NA,PASS,,,ANSWERABLE,ANSWERABLE,2026-05-28 18:41:44,2026-05-28 23:06:27,2026-05-28 23:06:31,responded,no_violation,unknown,resident,no,high,MATCHED,8.0
69157000,HPD,WATER LEAK,Closed,1,PASS,PASS,PASS,PASS,NA,PASS,,,ANSWERABLE,ANSWERABLE,2026-05-28 07:14:08,2026-06-01 20:15:21,2026-06-01 20:15:21,violation_issued,violation,no,other_party,partial,high,AMBIGUOUS,
69158000,NYPD,Non-Emergency Police Matter,Closed,1,PASS,PASS,PASS,UNKNOWN,NA,PASS,,A3,ANSWERABLE,UNKNOWN,2026-05-28 09:00:56,2026-05-28 13:04:51,2026-05-28 13:04:59,responded,no_violation,yes,resident,no,medium,MATCHED,8.0
69158500,HPD,WATER LEAK,Closed,1,PASS,PASS,PASS,PASS,NA,PASS,,,ANSWERABLE,ANSWERABLE,2026-05-28 12:08:54,2026-06-07 22:15:25,2026-06-07 22:15:25,inspected,no_violation,unknown,none,no,high,MATCHED,192.0
69159500,DOT,Street Condition,Closed,1,PASS,PASS,PASS,PASS,NA,PASS,,,ANSWERABLE,ANSWERABLE,2026-05-28 12:01:29,2026-05-28 19:44:00,2026-05-28 19:44:00,repaired,condition_confirmed,yes,none,no,high,AMBIGUOUS,
69160000,DOT,Street Condition,Closed,1,PASS,PASS,PASS,PASS,NA,PASS,,,ANSWERABLE,ANSWERABLE,2026-05-28 20:22:14,2026-06-11 23:55:00,2026-06-11 23:55:00,repaired,condition_confirmed,yes,none,no,high,AMBIGUOUS,
69160500,DOT,Highway Condition,Closed,1,PASS,PASS,PASS,PASS,NA,PASS,,,ANSWERABLE,ANSWERABLE,2026-05-28 16:18:05,2026-06-04 06:55:16,2026-06-04 06:55:20,work_order,condition_confirmed,no,agency,partial,high,MATCHED,240.0
69161000,NYPD,Blocked Driveway,Closed,1,PASS,PASS,PASS,UNKNOWN,NA,PASS,,A3,ANSWERABLE,UNKNOWN,2026-05-29 15:23:34,2026-05-29 17:08:45,2026-05-29 17:08:49,responded,no_violation,yes,resident,no,medium,MATCHED,8.0
69161500,HPD,UNSANITARY CONDITION,Closed,1,PASS,PASS,PASS,PASS,NA,PASS,,,ANSWERABLE,ANSWERABLE,2026-05-29 12:19:07,2026-05-30 17:00:21,2026-05-30 17:00:21,violation_issued,violation,no,other_party,partial,high,MATCHED,72.0
69162500,NYPD,Illegal Parking,Closed,1,PASS,PASS,PASS,UNKNOWN,NA,PASS,,A3,ANSWERABLE,UNKNOWN,2026-05-29 12:40:36,2026-05-29 12:50:51,2026-05-29 12:50:56,responded,no_violation,yes,resident,no,medium,MATCHED,8.0
69163000,NYPD,Non-Emergency Police Matter,Closed,1,PASS,PASS,PASS,PASS,NA,PASS,,,ANSWERABLE,ANSWERABLE,2026-05-29 16:51:02,2026-05-29 19:59:41,2026-05-29 19:59:44,responded,no_violation,unknown,resident,no,high,MATCHED,8.0
69164000,DOT,Street Condition,Closed,1,PASS,PASS,UNKNOWN,UNKNOWN,NA,UNKNOWN,A3,A3,UNKNOWN,UNKNOWN,2026-05-29 05:59:25,2026-05-29 14:44:00,2026-05-29 14:44:04,,,,,,,MATCHED,240.0
69164500,NYPD,Noise - Residential,Closed,1,PASS,PASS,PASS,PASS,NA,PASS,,,ANSWERABLE,ANSWERABLE,2026-05-29 22:55:51,2026-05-30 00:31:28,2026-05-30 00:31:31,responded,no_violation,unknown,resident,no,high,MATCHED,8.0
69165000,NYPD,Abandoned Vehicle,Closed,1,PASS,PASS,PASS,PASS,NA,PASS,,,ANSWERABLE,ANSWERABLE,2026-05-29 06:45:22,2026-05-29 08:51:55,2026-05-29 08:51:59,summons_issued,violation,unknown,none,no,high,MATCHED,8.0
69166000,DOT,Traffic Signal Condition,Closed,1,PASS,PASS,UNKNOWN,UNKNOWN,NA,FAIL,A5,A5,FAIL,FAIL,2026-05-29 10:19:00,2026-05-29 17:30:00,2026-05-29 17:30:00,redirect,not_determined,unknown,none,yes,low,UNMATCHED,
69166500,HPD,UNSANITARY CONDITION,Closed,1,PASS,PASS,PASS,UNKNOWN,NA,PASS,,A3,ANSWERABLE,UNKNOWN,2026-05-29 07:43:15,2026-06-03 21:51:22,2026-06-03 21:51:22,other,not_determined,unknown,resident,partial,medium,MATCHED,192.0
69167000,NYPD,Illegal Parking,Closed,1,PASS,PASS,PASS,PASS,NA,PASS,,,ANSWERABLE,ANSWERABLE,2026-05-29 23:22:53,2026-05-30 00:41:50,2026-05-30 00:41:54,summons_issued,violation,unknown,none,no,high,MATCHED,8.0
69167500,NYPD,Illegal Parking,Closed,1,PASS,PASS,PASS,UNKNOWN,NA,PASS,,A3,ANSWERABLE,UNKNOWN,2026-05-29 15:32:47,2026-05-29 16:21:11,2026-05-29 16:21:13,responded,no_violation,yes,resident,no,medium,MATCHED,8.0
69168000,NYPD,Noise - Street/Sidewalk,Closed,1,PASS,PASS,PASS,PASS,NA,PASS,,,ANSWERABLE,ANSWERABLE,2026-05-29 09:05:15,2026-05-29 19:27:36,2026-05-29 19:27:39,responded,no_violation,unknown,resident,no,high,MATCHED,8.0
69168500,NYPD,Illegal Parking,Closed,1,PASS,PASS,PASS,PASS,NA,PASS,,,ANSWERABLE,ANSWERABLE,2026-05-29 23:08:28,2026-05-30 15:54:21,2026-05-30 15:54:24,responded,no_violation,unknown,resident,no,high,MATCHED,8.0
69169500,NYPD,Noise - Residential,Closed,1,PASS,PASS,PASS,UNKNOWN,NA,PASS,,A3,ANSWERABLE,UNKNOWN,2026-05-29 14:56:32,2026-05-29 16:22:06,2026-05-29 16:22:09,responded,no_violation,yes,resident,no,medium,MATCHED,8.0
69171000,DOT,Traffic Signal Condition,Assigned,1,PASS,FAIL,UNKNOWN,UNKNOWN,UNKNOWN,FAIL,A2,A2,FAIL,FAIL,2026-05-29 14:22:00,2026-05-31 04:20:00,2026-05-31 04:20:00,redirect,not_determined,unknown,none,yes,low,UNMATCHED,
69171500,HPD,UNSANITARY CONDITION,Closed,1,PASS,PASS,PASS,PASS,NA,PASS,,,ANSWERABLE,ANSWERABLE,2026-05-29 15:26:14,2026-06-03 18:38:26,2026-06-03 18:38:26,inspected,no_violation,unknown,none,no,high,MATCHED,72.0
69172000,NYPD,Encampment,Closed,1,PASS,PASS,PASS,PASS,NA,PASS,,,ANSWERABLE,ANSWERABLE,2026-05-29 11:51:22,2026-05-29 12:27:56,2026-05-29 12:27:59,responded,no_violation,unknown,resident,no,high,MATCHED,4.0
69172500,NYPD,Illegal Parking,Closed,1,PASS,PASS,PASS,PASS,NA,PASS,,,ANSWERABLE,ANSWERABLE,2026-05-29 22:25:04,2026-05-29 22:31:44,2026-05-29 22:31:49,summons_issued,violation,unknown,none,no,high,MATCHED,8.0
69173000,HPD,ELECTRIC,Closed,1,PASS,PASS,PASS,PASS,NA,PASS,,,ANSWERABLE,ANSWERABLE,2026-05-29 11:22:51,2026-06-04 12:10:28,2026-06-04 12:10:28,inspected,no_violation,unknown,none,no,high,AMBIGUOUS,
69173500,NYPD,Noise - Street/Sidewalk,Closed,1,PASS,PASS,PASS,UNKNOWN,NA,PASS,,A3,ANSWERABLE,UNKNOWN,2026-05-30 00:43:34,2026-05-30 04:01:34,2026-05-30 04:01:38,responded,no_violation,yes,resident,no,medium,MATCHED,8.0
69174000,NYPD,Illegal Parking,Closed,1,PASS,PASS,PASS,PASS,NA,PASS,,,ANSWERABLE,ANSWERABLE,2026-05-30 20:37:05,2026-05-30 20:59:51,2026-05-30 20:59:54,responded,no_violation,unknown,resident,no,high,MATCHED,8.0
69174500,NYPD,Noise - Residential,Closed,1,PASS,PASS,PASS,UNKNOWN,NA,PASS,,A3,ANSWERABLE,UNKNOWN,2026-05-30 23:19:03,2026-05-31 00:05:22,2026-05-31 00:05:27,responded,no_violation,yes,resident,no,medium,MATCHED,8.0
69175000,NYPD,Noise - Residential,Closed,1,PASS,PASS,PASS,UNKNOWN,NA,PASS,,A3,ANSWERABLE,UNKNOWN,2026-05-31 01:09:09,2026-05-31 03:38:58,2026-05-31 03:39:02,responded,no_violation,yes,resident,no,medium,MATCHED,8.0
69175500,NYPD,Noise - Residential,Closed,1,PASS,PASS,PASS,PASS,NA,PASS,,,ANSWERABLE,ANSWERABLE,2026-05-30 09:34:27,2026-05-30 14:22:09,2026-05-30 14:22:13,no_access,not_determined,unknown,resident,no,high,MATCHED,8.0
69176000,HPD,APPLIANCE,Closed,1,PASS,PASS,PASS,PASS,NA,PASS,,,ANSWERABLE,ANSWERABLE,2026-05-30 12:37:26,2026-06-03 07:48:05,2026-06-03 07:48:05,violation_issued,violation,no,other_party,partial,high,AMBIGUOUS,
69177000,NYPD,Noise - Residential,Closed,1,PASS,PASS,PASS,PASS,NA,PASS,,,ANSWERABLE,ANSWERABLE,2026-05-30 12:02:35,2026-05-30 14:21:08,2026-05-30 14:21:11,responded,no_violation,unknown,resident,no,high,MATCHED,8.0
69178000,NYPD,Illegal Parking,Closed,1,PASS,PASS,PASS,UNKNOWN,NA,PASS,,A3,ANSWERABLE,UNKNOWN,2026-05-30 21:29:09,2026-05-30 21:43:53,2026-05-30 21:43:57,responded,no_violation,yes,resident,no,medium,MATCHED,8.0
69178500,NYPD,Noise - Residential,Closed,1,PASS,PASS,PASS,UNKNOWN,NA,PASS,,A3,ANSWERABLE,UNKNOWN,2026-05-30 22:29:16,2026-05-30 22:43:25,2026-05-30 22:43:28,responded,no_violation,yes,resident,no,medium,MATCHED,8.0
69179000,NYPD,Noise - Residential,Closed,1,PASS,PASS,PASS,PASS,NA,PASS,,,ANSWERABLE,ANSWERABLE,2026-05-30 23:39:45,2026-05-31 03:13:25,2026-05-31 03:13:30,responded,no_violation,unknown,resident,no,high,MATCHED,8.0
69179500,NYPD,Illegal Parking,Closed,1,PASS,PASS,PASS,UNKNOWN,NA,PASS,,A3,ANSWERABLE,UNKNOWN,2026-05-30 06:49:55,2026-05-30 09:42:36,2026-05-30 09:42:39,responded,no_violation,yes,resident,no,medium,MATCHED,8.0
69180000,NYPD,Noise - Street/Sidewalk,Closed,1,PASS,PASS,PASS,PASS,NA,PASS,,,ANSWERABLE,ANSWERABLE,2026-05-31 00:43:26,2026-05-31 00:54:23,2026-05-31 00:54:28,responded,no_violation,unknown,resident,no,high,MATCHED,8.0
69181000,DOT,Street Light Condition,Closed,1,PASS,PASS,UNKNOWN,UNKNOWN,NA,FAIL,A5,A5,FAIL,FAIL,2026-05-30 19:26:00,2026-06-09 19:00:00,2026-06-09 19:00:00,redirect,not_determined,unknown,none,yes,low,UNMATCHED,
69181500,NYPD,Abandoned Vehicle,Closed,1,PASS,PASS,PASS,PASS,NA,PASS,,,ANSWERABLE,ANSWERABLE,2026-05-30 17:18:24,2026-05-30 21:43:38,2026-05-30 21:43:42,responded,no_violation,unknown,resident,no,high,MATCHED,8.0
69182500,NYPD,Noise - Residential,Closed,1,PASS,PASS,PASS,PASS,NA,PASS,,,ANSWERABLE,ANSWERABLE,2026-05-31 00:28:12,2026-05-31 01:40:49,2026-05-31 01:40:55,responded,no_violation,unknown,resident,no,high,MATCHED,8.0
69183000,NYPD,Illegal Parking,Closed,1,PASS,PASS,PASS,UNKNOWN,NA,PASS,,A3,ANSWERABLE,UNKNOWN,2026-05-30 21:56:18,2026-05-31 05:22:23,2026-05-31 05:22:27,responded,no_violation,yes,resident,no,medium,MATCHED,8.0
69183500,NYPD,Illegal Parking,Closed,1,PASS,PASS,PASS,PASS,NA,PASS,,,ANSWERABLE,ANSWERABLE,2026-05-30 12:28:04,2026-05-30 13:23:34,2026-05-30 13:23:38,responded,no_violation,unknown,resident,no,high,MATCHED,8.0
69184000,NYPD,Noise - Street/Sidewalk,Closed,1,PASS,PASS,PASS,UNKNOWN,NA,PASS,,A3,ANSWERABLE,UNKNOWN,2026-05-30 10:04:42,2026-05-30 11:06:32,2026-05-30 11:06:36,responded,no_violation,yes,resident,no,medium,MATCHED,8.0
69184500,NYPD,Non-Emergency Police Matter,Closed,1,PASS,PASS,PASS,PASS,NA,PASS,,,ANSWERABLE,ANSWERABLE,2026-05-30 23:30:14,2026-05-31 03:04:55,2026-05-31 03:04:58,responded,no_violation,unknown,resident,no,high,MATCHED,8.0
69185000,NYPD,Blocked Driveway,Closed,1,PASS,PASS,PASS,PASS,NA,PASS,,,ANSWERABLE,ANSWERABLE,2026-05-31 08:33:37,2026-05-31 09:42:59,2026-05-31 09:43:03,summons_issued,violation,unknown,none,no,high,MATCHED,8.0
69185500,HPD,GENERAL,Closed,1,PASS,PASS,PASS,PASS,NA,PASS,,,ANSWERABLE,ANSWERABLE,2026-05-31 11:30:06,2026-06-04 12:08:37,2026-06-04 12:08:37,violation_issued,violation,no,other_party,partial,high,MATCHED,72.0
69186500,NYPD,Noise - Commercial,Closed,1,PASS,PASS,PASS,PASS,NA,PASS,,,ANSWERABLE,ANSWERABLE,2026-05-31 08:02:01,2026-05-31 08:51:04,2026-05-31 08:51:06,responded,no_violation,unknown,resident,no,high,MATCHED,8.0
69187000,HPD,UNSANITARY CONDITION,Closed,1,PASS,PASS,PASS,PASS,NA,PASS,,,ANSWERABLE,ANSWERABLE,2026-05-31 12:56:03,2026-06-11 07:24:51,2026-06-11 07:24:51,violation_issued,violation,no,other_party,partial,high,AMBIGUOUS,
69187500,NYPD,Illegal Parking,Closed,1,PASS,PASS,PASS,PASS,NA,PASS,,,ANSWERABLE,ANSWERABLE,2026-05-31 18:54:57,2026-05-31 19:31:35,2026-05-31 19:31:38,responded,no_violation,unknown,resident,no,high,MATCHED,8.0
69188000,NYPD,Noise - Residential,Closed,1,PASS,PASS,PASS,PASS,NA,PASS,,,ANSWERABLE,ANSWERABLE,2026-05-31 16:22:03,2026-05-31 23:39:48,2026-05-31 23:39:53,responded,no_violation,unknown,resident,no,high,MATCHED,8.0
69189000,NYPD,Illegal Parking,Closed,1,PASS,PASS,PASS,PASS,NA,PASS,,,ANSWERABLE,ANSWERABLE,2026-05-31 07:29:23,2026-05-31 10:41:19,2026-05-31 10:41:24,summons_issued,violation,unknown,none,no,high,MATCHED,8.0
69189500,NYPD,Noise - Street/Sidewalk,Closed,1,PASS,PASS,PASS,UNKNOWN,NA,PASS,,A3,ANSWERABLE,UNKNOWN,2026-05-31 23:22:51,2026-06-01 00:22:37,2026-06-01 00:22:40,responded,no_violation,yes,resident,no,medium,MATCHED,8.0
69190000,NYPD,Noise - Street/Sidewalk,Closed,1,PASS,PASS,PASS,PASS,NA,PASS,,,ANSWERABLE,ANSWERABLE,2026-05-31 19:37:19,2026-06-01 04:08:16,2026-06-01 04:08:24,responded,no_violation,unknown,resident,no,high,MATCHED,8.0
69190500,NYPD,Illegal Parking,Closed,1,PASS,PASS,PASS,PASS,NA,PASS,,,ANSWERABLE,ANSWERABLE,2026-05-31 07:21:02,2026-05-31 08:14:45,2026-05-31 08:14:50,summons_issued,violation,unknown,none,no,high,MATCHED,8.0
69191000,NYPD,Noise - Street/Sidewalk,Closed,1,PASS,PASS,PASS,PASS,NA,PASS,,,ANSWERABLE,ANSWERABLE,2026-05-31 20:28:18,2026-05-31 20:42:03,2026-05-31 20:42:06,responded,no_violation,unknown,resident,no,high,MATCHED,8.0
69192000,DOT,Traffic Signal Condition,Closed,1,PASS,PASS,UNKNOWN,UNKNOWN,NA,FAIL,A5,A5,FAIL,FAIL,2026-05-31 20:33:00,2026-06-01 04:30:00,2026-06-01 04:30:00,redirect,not_determined,unknown,none,yes,low,UNMATCHED,
69192500,HPD,PAINT/PLASTER,Closed,1,PASS,PASS,PASS,PASS,NA,PASS,,,ANSWERABLE,ANSWERABLE,2026-05-31 08:09:05,2026-06-03 14:03:30,2026-06-03 14:03:30,violation_issued,violation,no,other_party,partial,high,AMBIGUOUS,
69193500,NYPD,Noise - Residential,Closed,1,PASS,PASS,PASS,PASS,NA,PASS,,,ANSWERABLE,ANSWERABLE,2026-05-31 02:27:02,2026-05-31 03:21:31,2026-05-31 03:21:38,responded,no_violation,unknown,resident,no,high,MATCHED,8.0
69194000,NYPD,Abandoned Vehicle,Closed,1,PASS,PASS,PASS,UNKNOWN,NA,PASS,,A3,ANSWERABLE,UNKNOWN,2026-05-31 17:29:33,2026-05-31 19:16:30,2026-05-31 19:16:32,responded,no_violation,yes,resident,no,medium,MATCHED,8.0
69195000,NYPD,Noise - Residential,Closed,1,PASS,PASS,PASS,PASS,NA,PASS,,,ANSWERABLE,ANSWERABLE,2026-05-31 11:40:10,2026-05-31 12:28:04,2026-05-31 12:28:09,responded,no_violation,unknown,resident,no,high,MATCHED,8.0
69196000,NYPD,Illegal Parking,Closed,1,PASS,PASS,PASS,PASS,NA,PASS,,,ANSWERABLE,ANSWERABLE,2026-06-01 19:08:51,2026-06-01 22:50:35,2026-06-01 22:50:40,responded,no_violation,unknown,resident,no,high,MATCHED,8.0
69196500,NYPD,Non-Emergency Police Matter,Closed,1,PASS,PASS,PASS,UNKNOWN,NA,PASS,,A3,ANSWERABLE,UNKNOWN,2026-06-01 09:09:06,2026-06-01 10:09:54,2026-06-01 10:09:57,responded,no_violation,yes,resident,no,medium,MATCHED,8.0
69197000,NYPD,Illegal Parking,Closed,1,PASS,PASS,PASS,UNKNOWN,NA,PASS,,A3,ANSWERABLE,UNKNOWN,2026-06-01 18:35:28,2026-06-02 05:26:36,2026-06-02 05:26:39,responded,no_violation,yes,resident,no,medium,MATCHED,8.0
69198000,NYPD,Noise - Residential,Closed,1,PASS,PASS,PASS,UNKNOWN,NA,PASS,,A3,ANSWERABLE,UNKNOWN,2026-06-02 01:17:31,2026-06-02 01:45:27,2026-06-02 01:45:31,responded,no_violation,yes,resident,no,medium,MATCHED,8.0
69198500,DOT,Curb Condition,Closed,1,PASS,PASS,PASS,PASS,NA,PASS,,,ANSWERABLE,ANSWERABLE,2026-06-01 09:57:02,2026-06-15 08:55:25,2026-06-15 08:55:29,received_only,not_determined,unknown,agency,no,high,MATCHED,720.0
69199500,DOB,General Construction/Plumbing,Closed,1,PASS,PASS,PASS,PASS,NA,PASS,,,ANSWERABLE,ANSWERABLE,2026-06-01 17:55:24,2026-06-02 00:00:00,2026-06-02 00:00:00,inspected,not_determined,unknown,none,no,high,UNMATCHED,
69200500,NYPD,Illegal Parking,Closed,1,PASS,PASS,PASS,UNKNOWN,NA,PASS,,A3,ANSWERABLE,UNKNOWN,2026-06-01 17:01:10,2026-06-01 17:34:31,2026-06-01 17:34:34,responded,no_violation,yes,resident,no,medium,MATCHED,8.0
69201000,DOB,Building/Use,Closed,1,PASS,PASS,PASS,UNKNOWN,NA,PASS,,A3,ANSWERABLE,UNKNOWN,2026-06-01 16:02:48,2026-09-08 00:00:00,2026-09-08 00:00:00,duplicate,not_determined,unknown,none,partial,medium,UNMATCHED,
69201500,HPD,WATER LEAK,Closed,1,PASS,PASS,PASS,UNKNOWN,NA,PASS,,A3,ANSWERABLE,UNKNOWN,2026-06-01 14:43:57,2026-06-11 12:33:29,2026-06-11 12:33:29,other,not_determined,unknown,resident,partial,medium,MATCHED,192.0
69202500,NYPD,Illegal Parking,Closed,1,PASS,PASS,PASS,UNKNOWN,NA,PASS,,A3,ANSWERABLE,UNKNOWN,2026-06-01 13:04:38,2026-06-01 13:24:21,2026-06-01 13:24:25,responded,no_violation,yes,resident,no,medium,MATCHED,8.0
69203000,HPD,PAINT/PLASTER,Closed,1,PASS,PASS,PASS,PASS,NA,PASS,,,ANSWERABLE,ANSWERABLE,2026-06-01 12:45:50,2026-06-03 19:12:48,2026-06-03 19:12:48,inspected,no_violation,unknown,none,no,high,AMBIGUOUS,
69204000,NYPD,Illegal Parking,Closed,1,PASS,PASS,PASS,PASS,NA,PASS,,,ANSWERABLE,ANSWERABLE,2026-06-01 07:16:37,2026-06-01 09:22:47,2026-06-01 09:22:50,summons_issued,violation,unknown,none,no,high,MATCHED,8.0
69204500,HPD,DOOR/WINDOW,Closed,1,PASS,PASS,PASS,PASS,NA,PASS,,,ANSWERABLE,ANSWERABLE,2026-06-01 12:45:28,2026-06-30 02:04:27,2026-06-30 02:04:27,violation_issued,violation,no,other_party,partial,high,MATCHED,192.0
69205000,NYPD,Illegal Parking,Closed,1,PASS,PASS,PASS,PASS,NA,PASS,,,ANSWERABLE,ANSWERABLE,2026-06-02 00:50:27,2026-06-02 03:09:01,2026-06-02 03:09:09,summons_issued,violation,unknown,none,no,high,MATCHED,8.0
69206000,NYPD,Noise - Street/Sidewalk,Closed,1,PASS,PASS,PASS,PASS,NA,PASS,,,ANSWERABLE,ANSWERABLE,2026-06-01 23:45:22,2026-06-02 00:47:02,2026-06-02 00:47:08,responded,no_violation,unknown,resident,no,high,MATCHED,8.0
69207500,NYPD,Noise - Residential,Closed,1,PASS,PASS,PASS,PASS,NA,PASS,,,ANSWERABLE,ANSWERABLE,2026-06-01 19:11:55,2026-06-01 19:36:25,2026-06-01 19:36:28,responded,no_violation,unknown,resident,no,high,MATCHED,8.0
69208500,DOT,Bike Rack,Closed,1,PASS,PASS,UNKNOWN,UNKNOWN,NA,FAIL,A5,A5,FAIL,FAIL,2026-06-01 15:50:05,2026-06-01 16:21:31,2026-06-01 16:21:36,inspected,not_determined,unknown,none,yes,low,UNMATCHED,
69209000,DOB,General Construction/Plumbing,Closed,1,PASS,PASS,PASS,PASS,NA,PASS,,,ANSWERABLE,ANSWERABLE,2026-06-02 12:22:38,2026-06-03 00:00:00,2026-06-03 00:00:00,inspected,not_determined,unknown,none,no,high,UNMATCHED,
69209500,DOB,Elevator,Closed,1,PASS,PASS,PASS,PASS,NA,PASS,,,ANSWERABLE,ANSWERABLE,2026-06-02 08:16:30,2026-06-23 00:00:00,2026-06-23 00:00:00,inspected,not_determined,unknown,none,no,high,MATCHED,960.0
69210500,NYPD,Blocked Driveway,Closed,1,PASS,PASS,PASS,PASS,NA,PASS,,,ANSWERABLE,ANSWERABLE,2026-06-02 10:12:05,2026-06-02 12:03:01,2026-06-02 12:03:08,responded,no_violation,unknown,resident,no,high,MATCHED,8.0
69211000,HPD,HEAT/HOT WATER,Closed,1,PASS,PASS,PASS,PASS,NA,PASS,,,ANSWERABLE,ANSWERABLE,2026-06-02 21:43:53,2026-06-09 19:53:13,2026-06-09 19:53:13,inspected,no_violation,unknown,none,no,high,MATCHED,72.0
69211500,NYPD,Illegal Parking,Closed,1,PASS,PASS,PASS,PASS,NA,PASS,,,ANSWERABLE,ANSWERABLE,2026-06-02 10:28:03,2026-06-02 12:36:34,2026-06-02 12:36:39,responded,no_violation,unknown,resident,no,high,MATCHED,8.0
69212000,DOB,Building/Use,Closed,1,PASS,PASS,PASS,PASS,NA,PASS,,,ANSWERABLE,ANSWERABLE,2026-06-02 11:55:15,2026-07-29 00:00:00,2026-07-29 00:00:00,no_access,not_determined,unknown,resident,no,high,UNMATCHED,
69212500,HPD,PLUMBING,Closed,1,PASS,PASS,PASS,PASS,NA,PASS,,,ANSWERABLE,ANSWERABLE,2026-06-02 09:22:22,2026-06-18 08:29:48,2026-06-18 08:29:48,no_access,not_determined,unknown,resident,no,high,AMBIGUOUS,
69213000,NYPD,Encampment,Closed,1,PASS,PASS,PASS,PASS,NA,PASS,,,ANSWERABLE,ANSWERABLE,2026-06-02 06:35:20,2026-06-02 07:20:45,2026-06-02 07:20:48,referred,condition_confirmed,no,agency,no,high,MATCHED,4.0
69213500,NYPD,Illegal Parking,Closed,1,PASS,PASS,PASS,PASS,NA,PASS,,,ANSWERABLE,ANSWERABLE,2026-06-02 11:41:03,2026-06-02 16:22:57,2026-06-02 16:23:02,responded,no_violation,unknown,resident,no,high,MATCHED,8.0
69214000,HPD,PAINT/PLASTER,Closed,1,PASS,PASS,PASS,UNKNOWN,NA,PASS,,A3,ANSWERABLE,UNKNOWN,2026-06-02 22:17:20,2026-08-26 14:57:02,2026-08-26 14:57:02,other,not_determined,unknown,resident,partial,medium,AMBIGUOUS,
69215000,NYPD,Illegal Parking,Closed,1,PASS,PASS,PASS,PASS,NA,PASS,,,ANSWERABLE,ANSWERABLE,2026-06-02 02:51:50,2026-06-02 05:41:16,2026-06-02 05:41:20,responded,no_violation,unknown,resident,no,high,MATCHED,8.0
69215500,HPD,DOOR/WINDOW,Closed,1,PASS,PASS,PASS,PASS,NA,PASS,,,ANSWERABLE,ANSWERABLE,2026-06-02 09:50:28,2026-06-03 19:14:45,2026-06-03 19:14:45,violation_issued,violation,no,other_party,partial,high,AMBIGUOUS,
69216000,DOT,Building Condition,Closed,1,PASS,PASS,UNKNOWN,UNKNOWN,NA,FAIL,A5,A5,FAIL,FAIL,2026-06-02 08:41:56,2026-06-08 10:15:54,2026-06-08 10:15:57,inspected,not_determined,unknown,none,yes,low,MATCHED,1080.0
69216500,NYPD,Illegal Parking,Closed,1,PASS,PASS,PASS,PASS,NA,PASS,,,ANSWERABLE,ANSWERABLE,2026-06-02 15:00:21,2026-06-02 16:00:14,2026-06-02 16:00:18,summons_issued,violation,unknown,none,no,high,MATCHED,8.0
69217000,NYPD,Noise - Street/Sidewalk,Closed,1,PASS,PASS,PASS,PASS,NA,PASS,,,ANSWERABLE,ANSWERABLE,2026-06-02 23:52:13,2026-06-03 00:02:48,2026-06-03 00:02:51,responded,no_violation,unknown,resident,no,high,MATCHED,8.0
69217500,NYPD,Illegal Parking,Closed,1,PASS,PASS,PASS,PASS,NA,PASS,,,ANSWERABLE,ANSWERABLE,2026-06-02 22:47:09,2026-06-03 10:34:53,2026-06-03 10:34:57,responded,no_violation,unknown,resident,no,high,MATCHED,8.0
69218500,NYPD,Noise - Residential,Closed,1,PASS,PASS,PASS,PASS,NA,PASS,,,ANSWERABLE,ANSWERABLE,2026-06-02 14:27:21,2026-06-02 15:44:14,2026-06-02 15:44:18,responded,no_violation,unknown,resident,no,high,MATCHED,8.0
69219500,NYPD,Illegal Parking,Closed,1,PASS,PASS,PASS,UNKNOWN,NA,PASS,,A3,ANSWERABLE,UNKNOWN,2026-06-02 08:27:41,2026-06-02 09:03:28,2026-06-02 09:03:33,responded,no_violation,yes,resident,no,medium,MATCHED,8.0
69220000,NYPD,Panhandling,Closed,1,PASS,PASS,PASS,PASS,NA,PASS,,,ANSWERABLE,ANSWERABLE,2026-06-02 20:01:11,2026-06-02 20:57:28,2026-06-02 20:57:31,responded,no_violation,unknown,resident,no,high,MATCHED,4.0
69220500,DOB,Elevator,Closed,1,PASS,PASS,PASS,PASS,NA,PASS,,,ANSWERABLE,ANSWERABLE,2026-06-02 09:14:49,2026-06-08 00:00:00,2026-06-08 00:00:00,inspected,not_determined,unknown,none,no,high,MATCHED,960.0
69221500,DOT,Street Condition,Closed,1,PASS,PASS,PASS,UNKNOWN,NA,PASS,,A3,ANSWERABLE,UNKNOWN,2026-06-03 18:19:55,2026-06-03 18:19:55,2026-06-03 18:19:55,duplicate,not_determined,unknown,agency,no,medium,AMBIGUOUS,
69223000,NYPD,Blocked Driveway,Closed,1,PASS,PASS,PASS,PASS,NA,PASS,,,ANSWERABLE,ANSWERABLE,2026-06-03 08:40:33,2026-06-03 09:41:27,2026-06-03 09:41:30,summons_issued,violation,unknown,none,no,high,MATCHED,8.0
69223500,DOT,Street Condition,Closed,1,PASS,PASS,PASS,PASS,NA,PASS,,,ANSWERABLE,ANSWERABLE,2026-06-03 12:54:25,2026-06-04 02:25:00,2026-06-04 02:25:00,repaired,condition_confirmed,yes,none,no,high,AMBIGUOUS,
69224500,NYPD,Noise - Vehicle,Closed,1,PASS,PASS,PASS,PASS,NA,PASS,,,ANSWERABLE,ANSWERABLE,2026-06-03 20:42:13,2026-06-03 21:40:34,2026-06-03 21:40:36,responded,no_violation,unknown,resident,no,high,MATCHED,8.0
69225000,HPD,PLUMBING,Closed,1,PASS,PASS,PASS,PASS,NA,PASS,,,ANSWERABLE,ANSWERABLE,2026-06-03 01:38:42,2026-08-27 12:14:14,2026-08-27 12:14:14,inspected,violation,unknown,none,partial,high,AMBIGUOUS,
69226000,NYPD,Illegal Parking,Closed,1,PASS,PASS,PASS,UNKNOWN,NA,PASS,,A3,ANSWERABLE,UNKNOWN,2026-06-03 14:09:39,2026-06-03 15:22:28,2026-06-03 15:22:32,responded,no_violation,yes,resident,no,medium,MATCHED,8.0
69226500,HPD,HEAT/HOT WATER,Closed,1,PASS,PASS,PASS,PASS,NA,PASS,,,ANSWERABLE,ANSWERABLE,2026-06-03 16:07:09,2026-06-05 02:07:02,2026-06-05 02:07:02,duplicate,not_determined,no,agency,partial,high,MATCHED,72.0
69227000,NYPD,Encampment,Closed,1,PASS,PASS,PASS,PASS,NA,PASS,,,ANSWERABLE,ANSWERABLE,2026-06-03 22:03:25,2026-06-03 22:45:44,2026-06-03 22:45:47,referred,condition_confirmed,no,agency,no,high,MATCHED,4.0
69227500,NYPD,Illegal Parking,Closed,1,PASS,PASS,PASS,PASS,NA,PASS,,,ANSWERABLE,ANSWERABLE,2026-06-03 06:40:59,2026-06-03 07:49:19,2026-06-03 07:49:23,responded,no_violation,unknown,resident,no,high,MATCHED,8.0
69228000,HPD,GENERAL,Closed,1,PASS,PASS,PASS,PASS,NA,PASS,,,ANSWERABLE,ANSWERABLE,2026-06-03 10:45:18,2026-06-14 18:00:11,2026-06-14 18:00:11,violation_issued,violation,no,other_party,partial,high,AMBIGUOUS,
69228500,DOT,Sidewalk Condition,Closed,1,PASS,PASS,PASS,UNKNOWN,NA,PASS,,A3,ANSWERABLE,UNKNOWN,2026-06-03 15:47:22,2026-06-04 13:26:49,2026-06-04 13:26:54,inspected,no_violation,unknown,none,no,medium,MATCHED,240.0
69229000,NYPD,Illegal Parking,Closed,1,PASS,PASS,PASS,PASS,NA,PASS,,,ANSWERABLE,ANSWERABLE,2026-06-03 19:40:41,2026-06-03 21:28:04,2026-06-03 21:28:06,responded,no_violation,unknown,resident,no,high,MATCHED,8.0
69229500,HPD,APPLIANCE,Closed,1,PASS,PASS,PASS,PASS,NA,PASS,,,ANSWERABLE,ANSWERABLE,2026-06-03 16:23:10,2026-07-02 07:11:32,2026-07-02 07:11:32,no_access,not_determined,unknown,resident,no,high,AMBIGUOUS,
69230000,DOT,Sidewalk Condition,Closed,1,PASS,PASS,UNKNOWN,UNKNOWN,NA,FAIL,A5,A5,FAIL,FAIL,2026-06-03 12:19:09,2026-06-24 11:27:26,2026-06-24 11:27:29,inspected,not_determined,unknown,none,yes,low,MATCHED,1080.0
69230500,NYPD,Illegal Parking,Closed,1,PASS,PASS,PASS,PASS,NA,PASS,,,ANSWERABLE,ANSWERABLE,2026-06-03 05:43:26,2026-06-03 09:16:37,2026-06-03 09:16:41,responded,no_violation,unknown,resident,no,high,MATCHED,8.0
69231000,NYPD,Noise - Street/Sidewalk,Closed,1,PASS,PASS,PASS,PASS,NA,PASS,,,ANSWERABLE,ANSWERABLE,2026-06-03 22:07:09,2026-06-03 22:22:08,2026-06-03 22:22:12,responded,no_violation,unknown,resident,no,high,MATCHED,8.0
69232500,NYPD,Noise - Street/Sidewalk,Closed,1,PASS,PASS,PASS,UNKNOWN,NA,PASS,,A3,ANSWERABLE,UNKNOWN,2026-06-03 17:44:47,2026-06-03 17:51:00,2026-06-03 17:51:03,responded,no_violation,yes,resident,no,medium,MATCHED,8.0
69234000,NYPD,Noise - Residential,Closed,1,PASS,PASS,PASS,UNKNOWN,NA,PASS,,A3,ANSWERABLE,UNKNOWN,2026-06-04 09:06:57,2026-06-04 10:05:13,2026-06-04 10:05:17,responded,no_violation,yes,resident,no,medium,MATCHED,8.0
69235000,DOB,General Construction/Plumbing,Closed,1,PASS,PASS,PASS,PASS,NA,PASS,,,ANSWERABLE,ANSWERABLE,2026-06-04 11:41:08,2026-06-10 00:00:00,2026-06-10 00:00:00,inspected,not_determined,unknown,none,no,high,UNMATCHED,
69235500,NYPD,Noise - Residential,Closed,1,PASS,PASS,PASS,PASS,NA,PASS,,,ANSWERABLE,ANSWERABLE,2026-06-04 11:23:53,2026-06-04 16:47:05,2026-06-04 16:47:08,no_access,not_determined,unknown,resident,no,high,MATCHED,8.0
69236000,NYPD,Illegal Parking,Closed,1,PASS,PASS,PASS,PASS,NA,PASS,,,ANSWERABLE,ANSWERABLE,2026-06-04 17:39:50,2026-06-05 08:27:01,2026-06-05 08:27:04,responded,no_violation,unknown,resident,no,high,MATCHED,8.0
69237000,NYPD,Noise - Residential,Closed,1,PASS,PASS,PASS,UNKNOWN,NA,PASS,,A3,ANSWERABLE,UNKNOWN,2026-06-04 14:45:06,2026-06-04 15:41:30,2026-06-04 15:41:33,responded,no_violation,yes,resident,no,medium,MATCHED,8.0
69237500,NYPD,Illegal Parking,Closed,1,PASS,PASS,PASS,PASS,NA,PASS,,,ANSWERABLE,ANSWERABLE,2026-06-05 01:04:14,2026-06-05 03:48:32,2026-06-05 03:48:35,summons_issued,violation,unknown,none,no,high,MATCHED,8.0
69238000,NYPD,Illegal Parking,Closed,1,PASS,PASS,PASS,PASS,NA,PASS,,,ANSWERABLE,ANSWERABLE,2026-06-04 14:21:33,2026-06-04 18:14:19,2026-06-04 18:14:22,responded,no_violation,unknown,resident,no,high,MATCHED,8.0
69238500,NYPD,Noise - Street/Sidewalk,Closed,1,PASS,PASS,PASS,PASS,NA,PASS,,,ANSWERABLE,ANSWERABLE,2026-06-04 03:02:21,2026-06-04 04:04:18,2026-06-04 04:04:22,responded,no_violation,unknown,resident,no,high,MATCHED,8.0
69239000,NYPD,Noise - Residential,Closed,1,PASS,PASS,PASS,PASS,NA,PASS,,,ANSWERABLE,ANSWERABLE,2026-06-05 01:37:46,2026-06-05 04:08:51,2026-06-05 04:08:58,no_access,not_determined,unknown,resident,no,high,MATCHED,8.0
69239500,DOB,General Construction/Plumbing,Closed,1,PASS,PASS,PASS,PASS,NA,PASS,,,ANSWERABLE,ANSWERABLE,2026-06-03 21:19:07,2026-06-08 00:00:00,2026-06-08 00:00:00,summons_issued,violation,unknown,none,no,high,UNMATCHED,
69240000,NYPD,Noise - Street/Sidewalk,Closed,1,PASS,PASS,PASS,UNKNOWN,NA,PASS,,A3,ANSWERABLE,UNKNOWN,2026-06-04 22:59:52,2026-06-04 23:54:00,2026-06-04 23:54:05,responded,no_violation,yes,resident,no,medium,MATCHED,8.0
69240500,NYPD,Noise - Residential,Closed,1,PASS,PASS,PASS,PASS,NA,PASS,,,ANSWERABLE,ANSWERABLE,2026-06-05 01:34:20,2026-06-05 17:31:15,2026-06-05 17:31:20,responded,no_violation,unknown,resident,no,high,MATCHED,8.0
69241000,NYPD,Illegal Parking,Closed,1,PASS,PASS,PASS,UNKNOWN,NA,PASS,,A3,ANSWERABLE,UNKNOWN,2026-06-04 04:31:02,2026-06-04 09:22:11,2026-06-04 09:22:16,responded,no_violation,yes,resident,no,medium,MATCHED,8.0
69241500,NYPD,Noise - Street/Sidewalk,Closed,1,PASS,PASS,PASS,PASS,NA,PASS,,,ANSWERABLE,ANSWERABLE,2026-06-04 07:57:21,2026-06-04 11:23:24,2026-06-04 11:23:28,responded,no_violation,unknown,resident,no,high,MATCHED,8.0
69242000,NYPD,Noise - Residential,Closed,1,PASS,PASS,PASS,PASS,NA,PASS,,,ANSWERABLE,ANSWERABLE,2026-06-04 22:46:52,2026-06-05 02:39:07,2026-06-05 02:39:11,responded,no_violation,unknown,resident,no,high,MATCHED,8.0
69242500,NYPD,Illegal Parking,Closed,1,PASS,PASS,PASS,PASS,NA,PASS,,,ANSWERABLE,ANSWERABLE,2026-06-04 20:26:52,2026-06-04 22:25:06,2026-06-04 22:25:08,responded,no_violation,unknown,resident,no,high,MATCHED,8.0
69243000,NYPD,Noise - Street/Sidewalk,Closed,1,PASS,PASS,PASS,UNKNOWN,NA,PASS,,A3,ANSWERABLE,UNKNOWN,2026-06-04 18:57:25,2026-06-04 19:57:39,2026-06-04 19:57:42,responded,no_violation,yes,resident,no,medium,MATCHED,8.0
69243500,NYPD,Noise - Commercial,Closed,1,PASS,PASS,PASS,PASS,NA,PASS,,,ANSWERABLE,ANSWERABLE,2026-06-05 00:08:06,2026-06-05 02:34:24,2026-06-05 02:34:28,responded,no_violation,unknown,resident,no,high,MATCHED,8.0
69244000,DOB,Building/Use,Closed,1,PASS,PASS,UNKNOWN,UNKNOWN,NA,PASS,A3,A3,UNKNOWN,UNKNOWN,2026-06-04 16:16:20,2026-06-05 00:00:00,2026-06-05 00:00:00,reviewed,not_determined,unknown,resident,no,low,UNMATCHED,
69244500,NYPD,Noise - Street/Sidewalk,Closed,1,PASS,PASS,PASS,PASS,NA,PASS,,,ANSWERABLE,ANSWERABLE,2026-06-04 22:46:08,2026-06-05 00:04:45,2026-06-05 00:04:49,responded,no_violation,unknown,resident,no,high,MATCHED,8.0
69245500,DOB,General Construction/Plumbing,Closed,1,PASS,PASS,PASS,PASS,NA,PASS,,,ANSWERABLE,ANSWERABLE,2026-06-04 21:55:00,2026-06-06 00:00:00,2026-06-06 00:00:00,inspected,not_determined,unknown,none,no,high,UNMATCHED,
69246000,NYPD,Noise - Street/Sidewalk,Closed,1,PASS,PASS,PASS,PASS,NA,PASS,,,ANSWERABLE,ANSWERABLE,2026-06-05 10:51:02,2026-06-05 13:18:24,2026-06-05 13:18:26,responded,no_violation,unknown,resident,no,high,MATCHED,8.0
69247500,NYPD,Noise - Residential,Closed,1,PASS,PASS,PASS,PASS,NA,PASS,,,ANSWERABLE,ANSWERABLE,2026-06-05 20:10:36,2026-06-05 20:45:12,2026-06-05 20:45:14,responded,no_violation,unknown,resident,no,high,MATCHED,8.0
69248000,NYPD,Abandoned Vehicle,Closed,1,PASS,PASS,PASS,UNKNOWN,NA,PASS,,A3,ANSWERABLE,UNKNOWN,2026-06-05 05:07:52,2026-06-05 07:01:21,2026-06-05 07:01:24,responded,no_violation,yes,resident,no,medium,MATCHED,8.0
69249000,NYPD,Blocked Driveway,Closed,1,PASS,PASS,PASS,PASS,NA,PASS,,,ANSWERABLE,ANSWERABLE,2026-06-05 11:34:47,2026-06-05 12:42:55,2026-06-05 12:42:58,responded,no_violation,unknown,resident,no,high,MATCHED,8.0
69249500,HPD,UNSANITARY CONDITION,Closed,1,PASS,PASS,PASS,PASS,NA,PASS,,,ANSWERABLE,ANSWERABLE,2026-06-05 10:25:47,2026-06-25 07:40:17,2026-06-25 07:40:17,no_access,not_determined,unknown,resident,no,high,AMBIGUOUS,
69250000,NYPD,Illegal Parking,Closed,1,PASS,PASS,PASS,PASS,NA,PASS,,,ANSWERABLE,ANSWERABLE,2026-06-05 13:28:21,2026-06-05 15:01:15,2026-06-05 15:01:19,summons_issued,violation,unknown,none,no,high,MATCHED,8.0
69250500,DOB,General Construction/Plumbing,Closed,1,PASS,PASS,PASS,PASS,NA,PASS,,,ANSWERABLE,ANSWERABLE,2026-06-05 13:09:22,2026-08-10 00:00:00,2026-08-10 00:00:00,inspected,not_determined,unknown,none,no,high,UNMATCHED,
69251000,HPD,PLUMBING,Closed,1,PASS,PASS,PASS,PASS,NA,PASS,,,ANSWERABLE,ANSWERABLE,2026-06-05 12:59:18,2026-06-10 20:18:25,2026-06-10 20:18:25,violation_issued,violation,no,other_party,partial,high,AMBIGUOUS,
69252000,NYPD,Illegal Parking,Closed,1,PASS,PASS,PASS,PASS,NA,PASS,,,ANSWERABLE,ANSWERABLE,2026-06-05 04:31:07,2026-06-05 11:14:44,2026-06-05 11:14:46,responded,no_violation,unknown,resident,no,high,MATCHED,8.0
69252500,NYPD,Noise - Street/Sidewalk,Closed,1,PASS,PASS,PASS,UNKNOWN,NA,PASS,,A3,ANSWERABLE,UNKNOWN,2026-06-05 14:44:09,2026-06-05 20:35:25,2026-06-05 20:35:28,responded,no_violation,yes,resident,no,medium,MATCHED,8.0
69253000,NYPD,Illegal Parking,Closed,1,PASS,PASS,PASS,PASS,NA,PASS,,,ANSWERABLE,ANSWERABLE,2026-06-05 23:12:29,2026-06-06 11:02:32,2026-06-06 11:02:36,responded,no_violation,unknown,resident,no,high,MATCHED,8.0
69254000,NYPD,Noise - Residential,Closed,1,PASS,PASS,PASS,UNKNOWN,NA,PASS,,A3,ANSWERABLE,UNKNOWN,2026-06-05 07:59:08,2026-06-05 09:12:08,2026-06-05 09:12:11,responded,no_violation,yes,resident,no,medium,MATCHED,8.0
69255000,DOT,Outdoor Dining,Closed,1,PASS,PASS,PASS,PASS,NA,PASS,,,ANSWERABLE,ANSWERABLE,2026-06-05 11:59:21,2026-06-25 08:45:08,2026-06-25 08:45:11,summons_issued,violation,unknown,none,no,high,AMBIGUOUS,
69255500,NYPD,Noise - Commercial,Closed,1,PASS,PASS,PASS,UNKNOWN,NA,PASS,,A3,ANSWERABLE,UNKNOWN,2026-06-06 00:17:38,2026-06-06 01:46:10,2026-06-06 01:46:14,responded,no_violation,yes,resident,no,medium,MATCHED,8.0
69257000,DOB,Boilers,Closed,1,PASS,PASS,UNKNOWN,UNKNOWN,NA,UNKNOWN,A3,A3,UNKNOWN,UNKNOWN,2026-06-05 07:49:14,2026-07-07 00:00:00,2026-07-07 00:00:00,,,,,,,UNMATCHED,
69257500,HPD,HEAT/HOT WATER,Closed,1,PASS,PASS,PASS,PASS,NA,PASS,,,ANSWERABLE,ANSWERABLE,2026-06-05 12:08:23,2026-06-06 16:00:37,2026-06-06 16:00:37,inspected,no_violation,unknown,none,no,high,MATCHED,72.0
69258500,NYPD,Illegal Parking,Closed,1,PASS,PASS,PASS,PASS,NA,PASS,,,ANSWERABLE,ANSWERABLE,2026-06-06 19:48:14,2026-06-06 20:17:18,2026-06-06 20:17:21,responded,no_violation,unknown,resident,no,high,MATCHED,8.0
69259000,HPD,HEAT/HOT WATER,Closed,1,PASS,PASS,PASS,PASS,NA,PASS,,,ANSWERABLE,ANSWERABLE,2026-06-06 16:30:59,2026-06-08 17:53:38,2026-06-08 17:53:38,duplicate,not_determined,no,agency,partial,high,MATCHED,72.0
69260000,DOT,Street Light Condition,Closed,1,PASS,PASS,UNKNOWN,UNKNOWN,NA,FAIL,A5,A5,FAIL,FAIL,2026-06-06 21:49:00,2026-06-19 10:01:00,2026-06-19 10:01:00,redirect,not_determined,unknown,none,yes,low,UNMATCHED,
69260500,NYPD,Abandoned Vehicle,Closed,1,PASS,PASS,PASS,PASS,NA,PASS,,,ANSWERABLE,ANSWERABLE,2026-06-06 09:08:22,2026-06-06 16:16:13,2026-06-06 16:16:17,responded,no_violation,unknown,resident,no,high,MATCHED,8.0
69261500,NYPD,Noise - Residential,Closed,1,PASS,PASS,PASS,PASS,NA,PASS,,,ANSWERABLE,ANSWERABLE,2026-06-06 19:40:35,2026-06-06 22:57:32,2026-06-06 22:57:35,responded,no_violation,unknown,resident,no,high,MATCHED,8.0
69262500,NYPD,Illegal Parking,Closed,1,PASS,PASS,PASS,PASS,NA,PASS,,,ANSWERABLE,ANSWERABLE,2026-06-06 18:49:32,2026-06-06 20:13:25,2026-06-06 20:13:29,responded,no_violation,unknown,resident,no,high,MATCHED,8.0
69263000,HPD,DOOR/WINDOW,Closed,1,PASS,PASS,PASS,PASS,NA,PASS,,,ANSWERABLE,ANSWERABLE,2026-06-06 17:21:54,2026-06-17 15:04:52,2026-06-17 15:04:52,inspected,no_violation,unknown,none,no,high,AMBIGUOUS,
69264000,NYPD,Blocked Driveway,Closed,1,PASS,PASS,PASS,PASS,NA,PASS,,,ANSWERABLE,ANSWERABLE,2026-06-06 08:14:36,2026-06-06 09:21:55,2026-06-06 09:21:59,summons_issued,violation,unknown,none,no,high,MATCHED,8.0
69264500,HPD,HEAT/HOT WATER,Closed,1,PASS,PASS,PASS,PASS,NA,PASS,,,ANSWERABLE,ANSWERABLE,2026-06-06 17:24:18,2026-06-09 02:08:18,2026-06-09 02:08:18,inspected,no_violation,unknown,none,no,high,MATCHED,72.0
69265500,NYPD,Noise - Commercial,Closed,1,PASS,PASS,PASS,PASS,NA,PASS,,,ANSWERABLE,ANSWERABLE,2026-06-06 22:17:49,2026-06-06 23:46:50,2026-06-06 23:46:56,summons_issued,violation,unknown,none,no,high,MATCHED,8.0
69267000,NYPD,Noise - Residential,Closed,1,PASS,PASS,PASS,UNKNOWN,NA,PASS,,A3,ANSWERABLE,UNKNOWN,2026-06-06 21:21:32,2026-06-06 22:17:03,2026-06-06 22:17:06,responded,no_violation,yes,resident,no,medium,MATCHED,8.0
69267500,NYPD,Illegal Parking,Closed,1,PASS,PASS,UNKNOWN,UNKNOWN,NA,FAIL,A5,A5,FAIL,FAIL,2026-06-06 20:15:37,2026-06-07 21:16:15,2026-06-07 21:16:17,reviewed,not_determined,unknown,none,yes,low,MATCHED,8.0
69268000,NYPD,Illegal Parking,Closed,1,PASS,PASS,PASS,PASS,NA,PASS,,,ANSWERABLE,ANSWERABLE,2026-06-06 14:32:08,2026-06-06 14:40:43,2026-06-06 14:40:46,responded,no_violation,unknown,resident,no,high,MATCHED,8.0
69268500,NYPD,Noise - Street/Sidewalk,Closed,1,PASS,PASS,PASS,UNKNOWN,NA,PASS,,A3,ANSWERABLE,UNKNOWN,2026-06-06 02:27:54,2026-06-06 02:54:12,2026-06-06 02:54:16,responded,no_violation,yes,resident,no,medium,MATCHED,8.0
69269500,NYPD,Noise - Vehicle,Closed,1,PASS,PASS,PASS,PASS,NA,PASS,,,ANSWERABLE,ANSWERABLE,2026-06-07 13:15:39,2026-06-07 17:14:43,2026-06-07 17:14:46,responded,no_violation,unknown,resident,no,high,MATCHED,8.0
69270000,NYPD,Non-Emergency Police Matter,Closed,1,PASS,PASS,PASS,UNKNOWN,NA,PASS,,A3,ANSWERABLE,UNKNOWN,2026-06-07 18:35:47,2026-06-07 18:58:18,2026-06-07 18:58:24,responded,no_violation,yes,resident,no,medium,MATCHED,8.0
69271000,NYPD,Illegal Parking,Closed,1,PASS,PASS,PASS,PASS,NA,PASS,,,ANSWERABLE,ANSWERABLE,2026-06-07 08:31:24,2026-06-07 09:46:29,2026-06-07 09:46:33,summons_issued,violation,unknown,none,no,high,MATCHED,8.0
69271500,NYPD,Noise - Street/Sidewalk,Closed,1,PASS,PASS,PASS,UNKNOWN,NA,PASS,,A3,ANSWERABLE,UNKNOWN,2026-06-07 22:03:55,2026-06-07 22:54:04,2026-06-07 22:54:09,responded,no_violation,yes,resident,no,medium,MATCHED,8.0
69272000,NYPD,Illegal Parking,Closed,1,PASS,PASS,PASS,UNKNOWN,NA,PASS,,A3,ANSWERABLE,UNKNOWN,2026-06-07 22:29:23,2026-06-08 02:15:40,2026-06-08 02:15:43,responded,no_violation,yes,resident,no,medium,MATCHED,8.0
69272500,NYPD,Illegal Parking,Closed,1,PASS,PASS,PASS,PASS,NA,PASS,,,ANSWERABLE,ANSWERABLE,2026-06-07 06:47:59,2026-06-07 07:10:36,2026-06-07 07:10:38,responded,no_violation,unknown,resident,no,high,MATCHED,8.0
69273000,NYPD,Noise - Street/Sidewalk,Closed,1,PASS,PASS,PASS,UNKNOWN,NA,PASS,,A3,ANSWERABLE,UNKNOWN,2026-06-07 16:42:38,2026-06-07 18:55:05,2026-06-07 18:55:09,responded,no_violation,yes,resident,no,medium,MATCHED,8.0
69274500,NYPD,Noise - Street/Sidewalk,Closed,1,PASS,PASS,PASS,UNKNOWN,NA,PASS,,A3,ANSWERABLE,UNKNOWN,2026-06-07 02:27:25,2026-06-07 03:02:38,2026-06-07 03:02:41,responded,no_violation,yes,resident,no,medium,MATCHED,8.0
69275500,DOB,General Construction/Plumbing,Closed,1,PASS,PASS,PASS,PASS,NA,PASS,,,ANSWERABLE,ANSWERABLE,2026-06-07 10:03:52,2026-08-31 00:00:00,2026-08-31 00:00:00,inspected,not_determined,unknown,none,no,high,UNMATCHED,
69276000,NYPD,Noise - Street/Sidewalk,Closed,1,PASS,PASS,PASS,PASS,NA,PASS,,,ANSWERABLE,ANSWERABLE,2026-06-07 15:04:28,2026-06-07 16:51:17,2026-06-07 16:51:20,responded,no_violation,unknown,resident,no,high,MATCHED,8.0
69277500,NYPD,Noise - Street/Sidewalk,Closed,1,PASS,PASS,PASS,PASS,NA,PASS,,,ANSWERABLE,ANSWERABLE,2026-06-07 14:39:51,2026-06-07 19:05:50,2026-06-07 19:05:52,summons_issued,violation,unknown,none,no,high,MATCHED,8.0
69279000,NYPD,Noise - Residential,Closed,1,PASS,PASS,PASS,PASS,NA,PASS,,,ANSWERABLE,ANSWERABLE,2026-06-07 16:48:25,2026-06-07 19:00:12,2026-06-07 19:00:16,responded,no_violation,unknown,resident,no,high,MATCHED,8.0
69280500,NYPD,Noise - Residential,Closed,1,PASS,PASS,PASS,PASS,NA,PASS,,,ANSWERABLE,ANSWERABLE,2026-06-07 23:12:27,2026-06-08 01:45:46,2026-06-08 01:45:52,responded,no_violation,unknown,resident,no,high,MATCHED,8.0
69281500,NYPD,Illegal Parking,Closed,1,PASS,PASS,PASS,PASS,NA,PASS,,,ANSWERABLE,ANSWERABLE,2026-06-07 22:20:32,2026-06-08 02:54:40,2026-06-08 02:54:50,responded,no_violation,unknown,resident,no,high,MATCHED,8.0
69282000,NYPD,Panhandling,Closed,1,PASS,PASS,PASS,UNKNOWN,NA,PASS,,A3,ANSWERABLE,UNKNOWN,2026-06-08 09:07:59,2026-06-08 09:35:12,2026-06-08 09:35:15,responded,no_violation,yes,resident,no,medium,MATCHED,4.0
69282500,NYPD,Abandoned Vehicle,Closed,1,PASS,PASS,PASS,PASS,NA,PASS,,,ANSWERABLE,ANSWERABLE,2026-06-08 14:22:01,2026-06-08 17:11:08,2026-06-08 17:11:13,summons_issued,violation,unknown,none,no,high,MATCHED,8.0
69283500,NYPD,Illegal Parking,Closed,1,PASS,PASS,PASS,UNKNOWN,NA,PASS,,A3,ANSWERABLE,UNKNOWN,2026-06-08 07:42:26,2026-06-08 13:14:53,2026-06-08 13:14:57,responded,no_violation,yes,resident,no,medium,MATCHED,8.0
69284000,HPD,UNSANITARY CONDITION,Closed,1,PASS,PASS,PASS,PASS,NA,PASS,,,ANSWERABLE,ANSWERABLE,2026-06-08 17:03:17,2026-06-14 13:36:08,2026-06-14 13:36:08,inspected,no_violation,unknown,none,no,high,MATCHED,72.0
69284500,DOT,Street Condition,Closed,1,PASS,PASS,PASS,UNKNOWN,NA,PASS,,A3,ANSWERABLE,UNKNOWN,2026-06-08 07:42:14,2026-07-07 11:03:49,2026-07-07 11:03:52,inspected,no_violation,unknown,none,no,medium,MATCHED,240.0
69285000,NYPD,Illegal Parking,Closed,1,PASS,PASS,PASS,UNKNOWN,NA,PASS,,A3,ANSWERABLE,UNKNOWN,2026-06-08 11:09:24,2026-06-08 18:28:00,2026-06-08 18:28:03,responded,no_violation,yes,resident,no,medium,MATCHED,8.0
69285500,HPD,GENERAL,Closed,1,PASS,PASS,PASS,PASS,NA,PASS,,,ANSWERABLE,ANSWERABLE,2026-06-08 10:22:21,2026-06-15 19:35:16,2026-06-15 19:35:16,inspected,no_violation,unknown,none,no,high,AMBIGUOUS,
69286000,NYPD,Illegal Parking,Closed,1,PASS,PASS,PASS,PASS,NA,PASS,,,ANSWERABLE,ANSWERABLE,2026-06-09 01:27:58,2026-06-09 03:42:43,2026-06-09 03:42:51,responded,no_violation,unknown,resident,no,high,MATCHED,8.0
69287000,NYPD,Noise - Residential,Closed,1,PASS,PASS,PASS,UNKNOWN,NA,PASS,,A3,ANSWERABLE,UNKNOWN,2026-06-08 19:37:50,2026-06-08 20:00:45,2026-06-08 20:00:50,responded,no_violation,yes,resident,no,medium,MATCHED,8.0
69287500,NYPD,Blocked Driveway,Closed,1,PASS,PASS,PASS,PASS,NA,PASS,,,ANSWERABLE,ANSWERABLE,2026-06-09 00:32:11,2026-06-09 12:39:26,2026-06-09 12:39:30,responded,no_violation,unknown,resident,no,high,MATCHED,8.0
69288500,DOB,General Construction/Plumbing,Closed,1,PASS,PASS,PASS,PASS,NA,PASS,,,ANSWERABLE,ANSWERABLE,2026-06-08 13:51:36,2026-06-15 00:00:00,2026-06-15 00:00:00,no_access,not_determined,unknown,resident,no,high,UNMATCHED,
69289000,HPD,UNSANITARY CONDITION,Closed,1,PASS,PASS,PASS,PASS,NA,PASS,,,ANSWERABLE,ANSWERABLE,2026-06-08 12:17:57,2026-06-25 07:40:17,2026-06-25 07:40:17,no_access,not_determined,unknown,resident,no,high,AMBIGUOUS,
69290000,NYPD,Illegal Parking,Closed,1,PASS,PASS,PASS,PASS,NA,PASS,,,ANSWERABLE,ANSWERABLE,2026-06-08 12:44:47,2026-06-08 13:57:43,2026-06-08 13:57:47,responded,no_violation,unknown,resident,no,high,MATCHED,8.0
69290500,HPD,HEAT/HOT WATER,Closed,1,PASS,PASS,PASS,PASS,NA,PASS,,,ANSWERABLE,ANSWERABLE,2026-06-08 17:47:21,2026-06-10 12:12:28,2026-06-10 12:12:28,duplicate,not_determined,no,agency,partial,high,MATCHED,72.0
69291000,NYPD,Illegal Parking,Closed,1,PASS,PASS,PASS,PASS,NA,PASS,,,ANSWERABLE,ANSWERABLE,2026-06-08 19:48:39,2026-06-09 10:54:00,2026-06-09 10:54:03,responded,no_violation,unknown,resident,no,high,MATCHED,8.0
69292000,NYPD,Noise - Residential,Closed,1,PASS,PASS,PASS,PASS,NA,PASS,,,ANSWERABLE,ANSWERABLE,2026-06-08 09:58:06,2026-06-08 11:28:42,2026-06-08 11:28:47,responded,no_violation,unknown,resident,no,high,MATCHED,8.0
69292500,NYPD,Abandoned Vehicle,Closed,1,PASS,PASS,PASS,PASS,NA,PASS,,,ANSWERABLE,ANSWERABLE,2026-06-08 11:36:08,2026-06-08 11:55:43,2026-06-08 11:55:46,responded,no_violation,unknown,resident,no,high,MATCHED,8.0
69293500,NYPD,Illegal Parking,Closed,1,PASS,PASS,PASS,PASS,NA,PASS,,,ANSWERABLE,ANSWERABLE,2026-06-08 15:49:00,2026-06-08 16:32:46,2026-06-08 16:32:50,responded,no_violation,unknown,resident,no,high,MATCHED,8.0
69294000,HPD,PLUMBING,Closed,1,PASS,PASS,PASS,PASS,NA,PASS,,,ANSWERABLE,ANSWERABLE,2026-06-08 15:59:37,2026-06-25 07:40:23,2026-06-25 07:40:23,inspected,no_violation,unknown,none,no,high,AMBIGUOUS,
69294500,NYPD,Noise - Street/Sidewalk,Closed,1,PASS,PASS,PASS,PASS,NA,PASS,,,ANSWERABLE,ANSWERABLE,2026-06-09 00:24:51,2026-06-09 03:18:52,2026-06-09 03:18:58,responded,no_violation,unknown,resident,no,high,MATCHED,8.0
69295000,NYPD,Illegal Parking,Closed,1,PASS,PASS,PASS,PASS,NA,PASS,,,ANSWERABLE,ANSWERABLE,2026-06-09 08:39:18,2026-06-09 10:07:09,2026-06-09 10:07:13,responded,no_violation,unknown,resident,no,high,MATCHED,8.0
69295500,HPD,ELECTRIC,Closed,1,PASS,PASS,PASS,UNKNOWN,NA,PASS,,A3,ANSWERABLE,UNKNOWN,2026-06-09 09:44:17,2026-06-10 20:47:06,2026-06-10 20:47:06,other,not_determined,unknown,resident,partial,medium,AMBIGUOUS,
69296000,NYPD,Illegal Parking,Closed,1,PASS,PASS,PASS,PASS,NA,PASS,,,ANSWERABLE,ANSWERABLE,2026-06-10 00:25:27,2026-06-10 06:29:47,2026-06-10 06:29:51,responded,no_violation,unknown,resident,no,high,MATCHED,8.0
69297000,NYPD,Noise - Residential,Closed,1,PASS,PASS,PASS,PASS,NA,PASS,,,ANSWERABLE,ANSWERABLE,2026-06-09 11:08:48,2026-06-09 19:40:43,2026-06-09 19:40:45,responded,no_violation,unknown,resident,no,high,MATCHED,8.0
69298500,DOT,Street Condition,Closed,1,PASS,PASS,PASS,PASS,NA,PASS,,,ANSWERABLE,ANSWERABLE,2026-06-07 06:19:36,2026-06-08 22:28:00,2026-06-08 22:28:00,repaired,condition_confirmed,yes,none,no,high,AMBIGUOUS,
69299500,NYPD,Illegal Parking,Closed,1,PASS,PASS,PASS,PASS,NA,PASS,,,ANSWERABLE,ANSWERABLE,2026-06-09 10:53:16,2026-06-09 12:04:31,2026-06-09 12:04:37,responded,no_violation,unknown,resident,no,high,MATCHED,8.0
69300500,HPD,WATER LEAK,Closed,1,PASS,PASS,PASS,PASS,NA,PASS,,,ANSWERABLE,ANSWERABLE,2026-06-09 11:11:09,2026-06-22 10:01:08,2026-06-22 10:01:08,no_access,not_determined,unknown,resident,no,high,AMBIGUOUS,
69301500,NYPD,Illegal Parking,Closed,1,PASS,PASS,PASS,PASS,NA,PASS,,,ANSWERABLE,ANSWERABLE,2026-06-09 16:05:38,2026-06-09 19:44:36,2026-06-09 19:44:40,responded,no_violation,unknown,resident,no,high,MATCHED,8.0
69302000,HPD,PLUMBING,Closed,1,PASS,PASS,PASS,PASS,NA,PASS,,,ANSWERABLE,ANSWERABLE,2026-06-09 03:02:50,2026-06-10 20:43:36,2026-06-10 20:43:36,violation_issued,violation,no,other_party,partial,high,AMBIGUOUS,
69302500,DOT,Street Sign - Missing,Closed,1,PASS,PASS,PASS,UNKNOWN,NA,PASS,,A3,ANSWERABLE,UNKNOWN,2026-06-09 11:26:55,2026-08-22 09:32:04,2026-08-22 09:32:09,repaired,not_applicable,yes,none,no,medium,MATCHED,336.0
69303000,NYPD,Illegal Parking,Closed,1,PASS,PASS,PASS,PASS,NA,PASS,,,ANSWERABLE,ANSWERABLE,2026-06-09 09:05:18,2026-06-09 16:51:15,2026-06-09 16:51:23,summons_issued,violation,unknown,none,no,high,MATCHED,8.0
69303500,HPD,GENERAL,Closed,1,PASS,PASS,PASS,PASS,NA,PASS,,,ANSWERABLE,ANSWERABLE,2026-06-09 11:14:03,2026-07-06 08:09:33,2026-07-06 08:09:33,no_access,not_determined,unknown,resident,no,high,MATCHED,192.0
69304000,DOT,Sidewalk Condition,Closed,1,PASS,PASS,PASS,PASS,NA,PASS,,,ANSWERABLE,ANSWERABLE,2026-06-09 15:11:42,2026-09-23 11:11:22,2026-09-23 11:11:26,inspected,no_violation,unknown,resident,no,high,AMBIGUOUS,
69304500,NYPD,Illegal Parking,Closed,1,PASS,PASS,UNKNOWN,UNKNOWN,NA,FAIL,A5,A5,FAIL,FAIL,2026-06-09 15:56:42,2026-06-09 16:37:09,2026-06-09 16:37:18,reviewed,not_determined,unknown,none,yes,low,MATCHED,8.0
69305000,NYPD,Noise - Vehicle,Closed,1,PASS,PASS,PASS,PASS,NA,PASS,,,ANSWERABLE,ANSWERABLE,2026-06-09 12:52:27,2026-06-09 14:25:54,2026-06-09 14:26:03,responded,no_violation,unknown,resident,no,high,MATCHED,8.0
69306500,NYPD,Noise - Residential,Closed,1,PASS,PASS,PASS,PASS,NA,PASS,,,ANSWERABLE,ANSWERABLE,2026-06-09 11:39:05,2026-06-09 12:55:15,2026-06-09 12:55:21,responded,no_violation,unknown,resident,no,high,MATCHED,8.0
69308000,DOT,Street Condition,Closed,1,PASS,PASS,PASS,PASS,NA,PASS,,,ANSWERABLE,ANSWERABLE,2026-06-09 01:56:22,2026-06-10 23:05:00,2026-06-10 23:05:00,repaired,condition_confirmed,yes,none,no,high,AMBIGUOUS,
69308500,NYPD,Abandoned Vehicle,Closed,1,PASS,PASS,PASS,UNKNOWN,NA,PASS,,A3,ANSWERABLE,UNKNOWN,2026-06-10 16:10:04,2026-06-10 18:10:44,2026-06-10 18:10:48,responded,no_violation,yes,resident,no,medium,MATCHED,8.0
69309500,NYPD,Blocked Driveway,Closed,1,PASS,PASS,PASS,PASS,NA,PASS,,,ANSWERABLE,ANSWERABLE,2026-06-10 20:00:37,2026-06-10 23:23:42,2026-06-10 23:23:45,responded,no_violation,unknown,resident,no,high,MATCHED,8.0
69310000,DOT,Street Condition,Closed,1,PASS,PASS,PASS,PASS,NA,PASS,,,ANSWERABLE,ANSWERABLE,2026-06-10 12:35:57,2026-06-10 21:22:00,2026-06-10 21:22:00,repaired,condition_confirmed,yes,none,no,high,AMBIGUOUS,
69311000,NYPD,Blocked Driveway,Closed,1,PASS,PASS,PASS,PASS,NA,PASS,,,ANSWERABLE,ANSWERABLE,2026-06-10 05:56:56,2026-06-10 21:07:19,2026-06-10 21:07:24,responded,no_violation,unknown,resident,no,high,MATCHED,8.0
69311500,NYPD,Abandoned Vehicle,Closed,1,PASS,PASS,PASS,PASS,NA,PASS,,,ANSWERABLE,ANSWERABLE,2026-06-10 13:30:33,2026-06-10 15:29:15,2026-06-10 15:29:22,responded,no_violation,unknown,resident,no,high,MATCHED,8.0
69312500,DOT,Street Light Condition,Closed,1,PASS,PASS,UNKNOWN,UNKNOWN,NA,FAIL,A5,A5,FAIL,FAIL,2026-06-10 04:54:00,2026-06-17 09:08:00,2026-06-17 09:08:00,redirect,not_determined,unknown,none,yes,low,UNMATCHED,
69313000,DOB,Elevator,Closed,1,PASS,PASS,UNKNOWN,UNKNOWN,NA,PASS,A3,A3,UNKNOWN,UNKNOWN,2026-06-10 14:12:18,2026-06-12 00:00:00,2026-06-12 00:00:00,reviewed,not_determined,unknown,resident,no,low,MATCHED,960.0
69314000,NYPD,Blocked Driveway,Closed,1,PASS,PASS,PASS,PASS,NA,PASS,,,ANSWERABLE,ANSWERABLE,2026-06-10 10:25:41,2026-06-10 11:22:07,2026-06-10 11:22:10,summons_issued,violation,unknown,none,no,high,MATCHED,8.0
69314500,NYPD,Abandoned Vehicle,Closed,1,PASS,PASS,PASS,UNKNOWN,NA,PASS,,A3,ANSWERABLE,UNKNOWN,2026-06-10 13:51:32,2026-06-10 18:13:53,2026-06-10 18:13:56,responded,no_violation,yes,resident,no,medium,MATCHED,8.0
69315500,NYPD,Blocked Driveway,Closed,1,PASS,PASS,PASS,PASS,NA,PASS,,,ANSWERABLE,ANSWERABLE,2026-06-10 06:54:20,2026-06-10 08:19:31,2026-06-10 08:19:34,responded,no_violation,unknown,resident,no,high,MATCHED,8.0
69316000,DOT,Street Condition,Closed,1,PASS,PASS,PASS,PASS,NA,PASS,,,ANSWERABLE,ANSWERABLE,2026-06-10 14:16:44,2026-06-10 20:21:00,2026-06-10 20:21:00,repaired,condition_confirmed,yes,none,no,high,AMBIGUOUS,
69317000,NYPD,Noise - Commercial,Closed,1,PASS,PASS,PASS,UNKNOWN,NA,PASS,,A3,ANSWERABLE,UNKNOWN,2026-06-10 21:09:00,2026-06-10 22:25:10,2026-06-10 22:25:15,responded,no_violation,yes,resident,no,medium,MATCHED,8.0
69317500,HPD,UNSANITARY CONDITION,Closed,1,PASS,PASS,PASS,PASS,NA,PASS,,,ANSWERABLE,ANSWERABLE,2026-06-10 10:05:39,2026-06-14 18:42:28,2026-06-14 18:42:28,violation_issued,violation,no,other_party,partial,high,MATCHED,72.0
69318500,NYPD,Illegal Parking,Closed,1,PASS,PASS,PASS,PASS,NA,PASS,,,ANSWERABLE,ANSWERABLE,2026-06-10 09:01:15,2026-06-10 10:48:15,2026-06-10 10:48:18,responded,no_violation,unknown,resident,no,high,MATCHED,8.0
69319000,HPD,SAFETY,Closed,1,PASS,PASS,PASS,UNKNOWN,NA,PASS,,A3,ANSWERABLE,UNKNOWN,2026-06-10 21:56:04,2026-06-17 16:23:06,2026-06-17 16:23:06,other,not_determined,unknown,resident,partial,medium,AMBIGUOUS,
69320000,NYPD,Illegal Parking,Closed,1,PASS,PASS,PASS,UNKNOWN,NA,PASS,,A3,ANSWERABLE,UNKNOWN,2026-06-11 16:47:05,2026-06-11 16:57:18,2026-06-11 16:57:21,responded,no_violation,yes,resident,no,medium,MATCHED,8.0
69320500,HPD,FLOORING/STAIRS,Closed,1,PASS,PASS,PASS,PASS,NA,PASS,,,ANSWERABLE,ANSWERABLE,2026-06-11 10:12:01,2026-06-25 07:40:19,2026-06-25 07:40:19,no_access,not_determined,unknown,resident,no,high,AMBIGUOUS,
69321000,DOT,Municipal Parking Facility,Closed,1,PASS,PASS,UNKNOWN,UNKNOWN,NA,UNKNOWN,A3,A3,UNKNOWN,UNKNOWN,2026-06-11 11:53:06,2026-06-15 08:39:20,2026-06-15 08:39:24,,,,,,,MATCHED,336.0
69321500,NYPD,Illegal Parking,Closed,1,PASS,PASS,PASS,PASS,NA,PASS,,,ANSWERABLE,ANSWERABLE,2026-06-11 07:51:17,2026-06-11 09:08:56,2026-06-11 09:08:58,responded,no_violation,unknown,resident,no,high,MATCHED,8.0
69322000,HPD,GENERAL,Closed,1,PASS,PASS,PASS,UNKNOWN,NA,PASS,,A3,ANSWERABLE,UNKNOWN,2026-06-11 13:08:16,2026-07-01 06:50:46,2026-07-01 06:50:46,other,not_determined,unknown,resident,partial,medium,MATCHED,192.0
69322500,NYPD,Illegal Parking,Closed,1,PASS,PASS,PASS,PASS,NA,PASS,,,ANSWERABLE,ANSWERABLE,2026-06-11 22:03:20,2026-06-12 00:46:51,2026-06-12 00:46:55,responded,no_violation,unknown,resident,no,high,MATCHED,8.0
69323000,NYPD,Illegal Parking,Closed,1,PASS,PASS,PASS,PASS,NA,PASS,,,ANSWERABLE,ANSWERABLE,2026-06-11 19:39:10,2026-06-11 20:18:41,2026-06-11 20:18:44,responded,no_violation,unknown,resident,no,high,MATCHED,8.0
69323500,HPD,PAINT/PLASTER,Closed,1,PASS,PASS,PASS,PASS,NA,PASS,,,ANSWERABLE,ANSWERABLE,2026-06-11 18:42:34,2026-07-06 08:09:46,2026-07-06 08:09:46,no_access,not_determined,unknown,resident,no,high,AMBIGUOUS,
69324500,NYPD,Noise - Vehicle,Closed,1,PASS,PASS,PASS,PASS,NA,PASS,,,ANSWERABLE,ANSWERABLE,2026-06-11 17:28:18,2026-06-11 19:01:04,2026-06-11 19:01:09,responded,no_violation,unknown,resident,no,high,MATCHED,8.0
69325000,HPD,UNSANITARY CONDITION,Closed,1,PASS,PASS,PASS,UNKNOWN,NA,PASS,,A3,ANSWERABLE,UNKNOWN,2026-06-11 14:23:04,2026-06-16 20:59:39,2026-06-16 20:59:39,other,not_determined,unknown,resident,partial,medium,MATCHED,72.0
69326000,DOB,Building/Use,Closed,1,PASS,PASS,PASS,PASS,NA,PASS,,,ANSWERABLE,ANSWERABLE,2026-06-11 19:50:01,2026-09-16 00:00:00,2026-09-16 00:00:00,inspected,not_determined,unknown,none,no,high,UNMATCHED,
69326500,NYPD,Illegal Parking,Closed,1,PASS,PASS,PASS,PASS,NA,PASS,,,ANSWERABLE,ANSWERABLE,2026-06-11 07:14:16,2026-06-11 08:42:06,2026-06-11 08:42:10,responded,no_violation,unknown,resident,no,high,MATCHED,8.0
69327500,NYPD,Blocked Driveway,Closed,1,PASS,PASS,PASS,PASS,NA,PASS,,,ANSWERABLE,ANSWERABLE,2026-06-11 18:51:58,2026-06-11 19:50:43,2026-06-11 19:50:46,responded,no_violation,unknown,resident,no,high,MATCHED,8.0
69328000,NYPD,Abandoned Vehicle,Closed,1,PASS,PASS,PASS,PASS,NA,PASS,,,ANSWERABLE,ANSWERABLE,2026-06-11 17:42:33,2026-06-11 19:41:22,2026-06-11 19:41:25,responded,no_violation,unknown,resident,no,high,MATCHED,8.0
69329000,DOT,Street Condition,Closed,1,PASS,PASS,PASS,PASS,NA,PASS,,,ANSWERABLE,ANSWERABLE,2026-06-11 09:44:37,2026-06-11 20:22:00,2026-06-11 20:22:00,repaired,condition_confirmed,yes,none,no,high,AMBIGUOUS,
69329500,NYPD,Blocked Driveway,Closed,1,PASS,PASS,PASS,PASS,NA,PASS,,,ANSWERABLE,ANSWERABLE,2026-06-11 21:22:54,2026-06-12 02:57:27,2026-06-12 02:57:33,responded,no_violation,unknown,resident,no,high,MATCHED,8.0
69330500,DOT,Street Light Condition,Closed,1,PASS,PASS,UNKNOWN,UNKNOWN,NA,FAIL,A5,A5,FAIL,FAIL,2026-06-11 12:44:00,2026-08-05 09:43:00,2026-08-05 09:43:00,redirect,not_determined,unknown,none,yes,low,UNMATCHED,
69332000,NYPD,Illegal Fireworks,Closed,1,PASS,PASS,PASS,PASS,NA,PASS,,,ANSWERABLE,ANSWERABLE,2026-06-12 22:41:45,2026-06-13 00:17:12,2026-06-13 00:17:16,responded,no_violation,unknown,resident,no,high,MATCHED,8.0
69333500,DOT,Street Light Condition,Closed,1,FAIL,PASS,UNKNOWN,UNKNOWN,NA,FAIL,A1,A1,FAIL,FAIL,2026-06-12 09:15:00,2026-06-12 09:15:00,2026-06-11 09:15:00,redirect,not_determined,unknown,none,yes,low,UNMATCHED,
69335000,DOT,Street Light Condition,Closed,1,PASS,PASS,UNKNOWN,UNKNOWN,NA,FAIL,A5,A5,FAIL,FAIL,2026-06-12 15:29:00,2026-06-18 07:00:00,2026-06-18 07:00:00,redirect,not_determined,unknown,none,yes,low,UNMATCHED,
69336500,NYPD,Noise - Residential,Closed,1,PASS,PASS,PASS,PASS,NA,PASS,,,ANSWERABLE,ANSWERABLE,2026-06-12 23:10:00,2026-06-12 23:49:28,2026-06-12 23:49:31,no_access,not_determined,unknown,resident,no,high,MATCHED,8.0
69338000,NYPD,Panhandling,Closed,1,PASS,PASS,PASS,UNKNOWN,NA,PASS,,A3,ANSWERABLE,UNKNOWN,2026-06-12 18:44:02,2026-06-12 18:53:57,2026-06-12 18:54:00,responded,no_violation,yes,resident,no,medium,MATCHED,4.0
69338500,NYPD,Animal-Abuse,Closed,1,PASS,PASS,PASS,PASS,NA,PASS,,,ANSWERABLE,ANSWERABLE,2026-06-12 22:11:58,2026-06-12 23:07:06,2026-06-12 23:07:10,no_access,not_determined,unknown,resident,no,high,MATCHED,8.0
69339500,DOT,Street Condition,Closed,1,PASS,PASS,PASS,PASS,NA,PASS,,,ANSWERABLE,ANSWERABLE,2026-06-11 14:40:52,2026-06-12 11:09:00,2026-06-12 11:09:00,inspected,not_applicable,yes,none,no,high,AMBIGUOUS,
69340000,DOB,Elevator,Closed,1,PASS,PASS,UNKNOWN,UNKNOWN,NA,PASS,A3,A3,UNKNOWN,UNKNOWN,2026-06-12 11:45:24,2026-06-18 00:00:00,2026-06-18 00:00:00,reviewed,not_determined,unknown,resident,no,low,MATCHED,960.0
69341000,DOT,Street Condition,Closed,1,PASS,PASS,PASS,PASS,NA,PASS,,,ANSWERABLE,ANSWERABLE,2026-06-11 15:25:10,2026-06-12 10:15:00,2026-06-12 10:15:00,repaired,condition_confirmed,yes,none,no,high,AMBIGUOUS,
69341500,NYPD,Abandoned Vehicle,Closed,1,PASS,PASS,PASS,UNKNOWN,NA,PASS,,A3,ANSWERABLE,UNKNOWN,2026-06-12 10:45:33,2026-06-12 19:53:43,2026-06-12 19:53:47,responded,no_violation,yes,resident,no,medium,MATCHED,8.0
69342500,DOB,BEST/Site Safety,Closed,1,PASS,PASS,PASS,PASS,NA,PASS,,,ANSWERABLE,ANSWERABLE,2026-06-12 11:10:58,2026-06-12 11:10:58,2026-06-12 00:00:00,inspected,not_determined,unknown,none,no,high,UNMATCHED,
69343000,DOB,Elevator,Closed,1,PASS,PASS,PASS,PASS,NA,PASS,,,ANSWERABLE,ANSWERABLE,2026-06-12 01:11:00,2026-08-20 00:00:00,2026-08-20 00:00:00,summons_issued,violation,unknown,none,no,high,MATCHED,960.0
69344000,NYPD,Noise - Commercial,Closed,1,PASS,PASS,PASS,UNKNOWN,NA,PASS,,A3,ANSWERABLE,UNKNOWN,2026-06-13 19:51:36,2026-06-13 20:05:51,2026-06-13 20:05:53,responded,no_violation,yes,resident,no,medium,MATCHED,8.0
69345500,NYPD,Noise - Residential,Closed,1,PASS,PASS,PASS,UNKNOWN,NA,PASS,,A3,ANSWERABLE,UNKNOWN,2026-06-13 22:38:23,2026-06-13 23:16:28,2026-06-13 23:16:31,responded,no_violation,yes,resident,no,medium,MATCHED,8.0
69346000,NYPD,Noise - Street/Sidewalk,Closed,1,PASS,PASS,PASS,PASS,NA,PASS,,,ANSWERABLE,ANSWERABLE,2026-06-13 23:14:02,2026-06-14 01:39:12,2026-06-14 01:39:16,summons_issued,violation,unknown,none,no,high,MATCHED,8.0
69346500,NYPD,Illegal Parking,Closed,1,PASS,PASS,PASS,PASS,NA,PASS,,,ANSWERABLE,ANSWERABLE,2026-06-13 06:19:44,2026-06-13 08:33:17,2026-06-13 08:33:19,summons_issued,violation,unknown,none,no,high,MATCHED,8.0
69347000,NYPD,Noise - Street/Sidewalk,Closed,1,PASS,PASS,PASS,PASS,NA,PASS,,,ANSWERABLE,ANSWERABLE,2026-06-13 23:55:31,2026-06-14 00:19:30,2026-06-14 00:19:34,responded,no_violation,unknown,resident,no,high,MATCHED,8.0
69348000,NYPD,Blocked Driveway,Closed,1,PASS,PASS,PASS,PASS,NA,PASS,,,ANSWERABLE,ANSWERABLE,2026-06-13 21:11:51,2026-06-13 22:16:43,2026-06-13 22:16:46,summons_issued,violation,unknown,none,no,high,MATCHED,8.0
69348500,HPD,PLUMBING,Closed,1,PASS,PASS,PASS,PASS,NA,PASS,,,ANSWERABLE,ANSWERABLE,2026-06-13 09:54:11,2026-06-18 10:49:42,2026-06-18 10:49:42,inspected,no_violation,unknown,none,no,high,AMBIGUOUS,
69349500,NYPD,Noise - Residential,Closed,1,PASS,PASS,PASS,PASS,NA,PASS,,,ANSWERABLE,ANSWERABLE,2026-06-13 17:38:35,2026-06-13 18:29:55,2026-06-13 18:29:59,responded,no_violation,unknown,resident,no,high,MATCHED,8.0
69351000,NYPD,Noise - Residential,Closed,1,PASS,PASS,PASS,PASS,NA,PASS,,,ANSWERABLE,ANSWERABLE,2026-06-13 23:04:00,2026-06-13 23:51:31,2026-06-13 23:51:34,responded,no_violation,unknown,resident,no,high,MATCHED,8.0
69351500,NYPD,Noise - Residential,Closed,1,PASS,PASS,PASS,PASS,NA,PASS,,,ANSWERABLE,ANSWERABLE,2026-06-14 00:37:52,2026-06-14 07:11:33,2026-06-14 07:11:36,responded,no_violation,unknown,resident,no,high,MATCHED,8.0
69352000,NYPD,Illegal Parking,Closed,1,PASS,PASS,PASS,PASS,NA,PASS,,,ANSWERABLE,ANSWERABLE,2026-06-13 21:19:45,2026-06-13 21:28:38,2026-06-13 21:28:40,summons_issued,violation,unknown,none,no,high,MATCHED,8.0
69352500,NYPD,Noise - Street/Sidewalk,Closed,1,PASS,PASS,PASS,PASS,NA,PASS,,,ANSWERABLE,ANSWERABLE,2026-06-14 00:17:59,2026-06-14 01:03:40,2026-06-14 01:03:47,responded,no_violation,unknown,resident,no,high,MATCHED,8.0
69353500,DOT,Traffic Signal Condition,Closed,1,PASS,PASS,UNKNOWN,UNKNOWN,NA,FAIL,A5,A5,FAIL,FAIL,2026-06-13 06:56:00,2026-06-13 08:25:00,2026-06-13 08:25:00,redirect,not_determined,unknown,none,yes,low,UNMATCHED,
69354000,HPD,PLUMBING,Open,1,PASS,PASS,PASS,UNKNOWN,UNKNOWN,PASS,A4,A3,UNKNOWN,UNKNOWN,2026-06-13 12:13:25,,2026-06-16 08:37:21,owner_notified,not_determined,no,agency,no,medium,AMBIGUOUS,
69355000,NYPD,Noise - Commercial,Closed,1,PASS,PASS,PASS,UNKNOWN,NA,PASS,,A3,ANSWERABLE,UNKNOWN,2026-06-14 20:06:26,2026-06-14 20:19:00,2026-06-14 20:19:03,responded,no_violation,yes,resident,no,medium,MATCHED,8.0
69356000,NYPD,Illegal Parking,Closed,1,PASS,PASS,PASS,PASS,NA,PASS,,,ANSWERABLE,ANSWERABLE,2026-06-14 09:34:59,2026-06-14 13:10:53,2026-06-14 13:10:56,responded,no_violation,unknown,resident,no,high,MATCHED,8.0
69356500,NYPD,Noise - Street/Sidewalk,Closed,1,PASS,PASS,PASS,UNKNOWN,NA,PASS,,A3,ANSWERABLE,UNKNOWN,2026-06-14 21:43:48,2026-06-14 22:00:35,2026-06-14 22:00:40,responded,no_violation,yes,resident,no,medium,MATCHED,8.0
69357000,NYPD,Noise - Vehicle,Closed,1,PASS,PASS,PASS,PASS,NA,PASS,,,ANSWERABLE,ANSWERABLE,2026-06-14 22:06:35,2026-06-15 02:25:44,2026-06-15 02:25:48,responded,no_violation,unknown,resident,no,high,MATCHED,8.0
69357500,NYPD,Noise - Vehicle,Closed,1,PASS,PASS,PASS,PASS,NA,PASS,,,ANSWERABLE,ANSWERABLE,2026-06-14 16:11:49,2026-06-14 16:42:28,2026-06-14 16:42:34,responded,no_violation,unknown,resident,no,high,MATCHED,8.0
69358000,HPD,PAINT/PLASTER,Closed,1,PASS,PASS,PASS,PASS,NA,PASS,,,ANSWERABLE,ANSWERABLE,2026-06-14 14:19:49,2026-07-06 08:09:34,2026-07-06 08:09:34,no_access,not_determined,unknown,resident,no,high,AMBIGUOUS,
69359000,NYPD,Noise - Residential,Closed,1,PASS,PASS,PASS,PASS,NA,PASS,,,ANSWERABLE,ANSWERABLE,2026-06-14 21:07:06,2026-06-14 22:08:39,2026-06-14 22:08:44,responded,no_violation,unknown,resident,no,high,MATCHED,8.0
69359500,NYPD,Illegal Parking,Closed,1,PASS,PASS,PASS,PASS,NA,PASS,,,ANSWERABLE,ANSWERABLE,2026-06-15 01:01:58,2026-06-15 05:39:18,2026-06-15 05:39:20,responded,no_violation,unknown,resident,no,high,MATCHED,8.0
69360000,NYPD,Illegal Parking,Closed,1,PASS,PASS,PASS,PASS,NA,PASS,,,ANSWERABLE,ANSWERABLE,2026-06-14 08:03:33,2026-06-15 00:34:51,2026-06-15 00:34:57,responded,no_violation,unknown,resident,no,high,MATCHED,8.0
69360500,HPD,DOOR/WINDOW,Closed,1,PASS,PASS,PASS,PASS,NA,PASS,,,ANSWERABLE,ANSWERABLE,2026-06-14 09:08:05,2026-06-24 10:07:21,2026-06-24 10:07:21,inspected,no_violation,unknown,none,no,high,AMBIGUOUS,
69361500,NYPD,Noise - Residential,Closed,1,PASS,PASS,PASS,PASS,NA,PASS,,,ANSWERABLE,ANSWERABLE,2026-06-14 01:40:58,2026-06-14 05:51:55,2026-06-14 05:52:03,responded,no_violation,unknown,resident,no,high,MATCHED,8.0
69362000,NYPD,Illegal Parking,Closed,1,PASS,PASS,PASS,PASS,NA,PASS,,,ANSWERABLE,ANSWERABLE,2026-06-14 23:19:15,2026-06-15 05:42:36,2026-06-15 05:42:41,responded,no_violation,unknown,resident,no,high,MATCHED,8.0
69362500,NYPD,Illegal Parking,Closed,1,PASS,PASS,PASS,PASS,NA,PASS,,,ANSWERABLE,ANSWERABLE,2026-06-14 18:44:08,2026-06-14 22:11:31,2026-06-14 22:11:35,responded,no_violation,unknown,resident,no,high,MATCHED,8.0
69363000,NYPD,Non-Emergency Police Matter,Closed,1,PASS,PASS,PASS,PASS,NA,PASS,,,ANSWERABLE,ANSWERABLE,2026-06-14 15:17:44,2026-06-14 15:49:24,2026-06-14 15:49:27,responded,no_violation,unknown,resident,no,high,MATCHED,8.0
69364000,NYPD,Noise - Park,Closed,1,PASS,PASS,PASS,PASS,NA,PASS,,,ANSWERABLE,ANSWERABLE,2026-06-14 19:56:17,2026-06-14 20:42:57,2026-06-14 20:43:02,responded,no_violation,unknown,resident,no,high,MATCHED,8.0
69365000,NYPD,Illegal Parking,Closed,1,PASS,PASS,PASS,UNKNOWN,NA,PASS,,A3,ANSWERABLE,UNKNOWN,2026-06-15 07:19:12,2026-06-15 08:15:57,2026-06-15 08:16:01,responded,no_violation,yes,resident,no,medium,MATCHED,8.0
69365500,HPD,ELECTRIC,Closed,1,PASS,PASS,PASS,PASS,NA,PASS,,,ANSWERABLE,ANSWERABLE,2026-06-15 13:33:40,2026-06-21 11:24:39,2026-06-21 11:24:39,inspected,no_violation,unknown,none,no,high,AMBIGUOUS,
69367000,NYPD,Noise - Residential,Closed,1,PASS,PASS,PASS,PASS,NA,PASS,,,ANSWERABLE,ANSWERABLE,2026-06-15 09:59:58,2026-06-15 10:05:42,2026-06-15 10:05:44,responded,no_violation,unknown,resident,no,high,MATCHED,8.0
69368500,DOT,Traffic Signal Condition,Closed,1,PASS,PASS,UNKNOWN,UNKNOWN,NA,FAIL,A5,A5,FAIL,FAIL,2026-06-15 23:40:00,2026-07-09 22:20:00,2026-07-09 22:20:00,redirect,not_determined,unknown,none,yes,low,UNMATCHED,
69369000,NYPD,Abandoned Vehicle,Closed,1,PASS,PASS,PASS,PASS,NA,PASS,,,ANSWERABLE,ANSWERABLE,2026-06-15 13:13:29,2026-06-16 00:37:46,2026-06-16 00:37:51,responded,no_violation,unknown,resident,no,high,MATCHED,8.0
69370000,NYPD,Blocked Driveway,Closed,1,PASS,PASS,PASS,PASS,NA,PASS,,,ANSWERABLE,ANSWERABLE,2026-06-15 13:19:35,2026-06-15 13:35:19,2026-06-15 13:35:22,responded,no_violation,unknown,resident,no,high,MATCHED,8.0
69370500,HPD,WATER LEAK,Closed,1,PASS,PASS,PASS,UNKNOWN,NA,PASS,,A3,ANSWERABLE,UNKNOWN,2026-06-15 16:03:00,2026-08-24 17:08:31,2026-08-24 17:08:31,other,not_determined,unknown,resident,partial,medium,AMBIGUOUS,
69371500,NYPD,Illegal Parking,Closed,1,PASS,PASS,PASS,PASS,NA,PASS,,,ANSWERABLE,ANSWERABLE,2026-06-15 22:24:39,2026-06-16 01:38:25,2026-06-16 01:38:29,responded,no_violation,unknown,resident,no,high,MATCHED,8.0
69372000,HPD,UNSANITARY CONDITION,Closed,1,PASS,PASS,PASS,PASS,NA,PASS,,,ANSWERABLE,ANSWERABLE,2026-06-15 08:11:13,2026-06-18 11:31:31,2026-06-18 11:31:31,inspected,no_violation,unknown,none,no,high,MATCHED,72.0
69373000,NYPD,Illegal Parking,Closed,1,PASS,PASS,PASS,PASS,NA,PASS,,,ANSWERABLE,ANSWERABLE,2026-06-15 17:44:08,2026-06-15 19:09:34,2026-06-15 19:09:37,responded,no_violation,unknown,resident,no,high,MATCHED,8.0
69373500,HPD,PLUMBING,Closed,1,PASS,PASS,PASS,PASS,NA,PASS,,,ANSWERABLE,ANSWERABLE,2026-06-15 08:11:34,2026-06-19 11:33:40,2026-06-19 11:33:40,violation_issued,violation,no,other_party,partial,high,AMBIGUOUS,
69374500,NYPD,Illegal Parking,Closed,1,PASS,PASS,PASS,PASS,NA,PASS,,,ANSWERABLE,ANSWERABLE,2026-06-15 12:33:31,2026-06-15 13:55:31,2026-06-15 13:55:35,responded,no_violation,unknown,resident,no,high,MATCHED,8.0
69375000,HPD,PAINT/PLASTER,Closed,1,PASS,PASS,PASS,UNKNOWN,NA,PASS,,A3,ANSWERABLE,UNKNOWN,2026-06-15 21:05:55,2026-06-27 02:11:38,2026-06-27 02:11:38,other,not_determined,unknown,resident,partial,medium,AMBIGUOUS,
69375500,DOT,Sidewalk Condition,Closed,1,PASS,PASS,PASS,UNKNOWN,NA,PASS,,A3,ANSWERABLE,UNKNOWN,2026-06-15 15:46:49,2026-06-17 09:19:46,2026-06-17 09:19:49,inspected,no_violation,unknown,none,no,medium,MATCHED,240.0
69376500,NYPD,Noise - Vehicle,Closed,1,PASS,PASS,PASS,PASS,NA,PASS,,,ANSWERABLE,ANSWERABLE,2026-06-15 19:16:30,2026-06-16 00:39:40,2026-06-16 00:39:44,responded,no_violation,unknown,resident,no,high,MATCHED,8.0
69378000,DOB,General Construction/Plumbing,Closed,1,PASS,PASS,PASS,PASS,NA,PASS,,,ANSWERABLE,ANSWERABLE,2026-06-12 10:02:55,2026-06-16 00:00:00,2026-06-16 00:00:00,inspected,not_determined,unknown,none,no,high,UNMATCHED,
69378500,NYPD,Abandoned Vehicle,Closed,1,PASS,PASS,PASS,PASS,NA,PASS,,,ANSWERABLE,ANSWERABLE,2026-06-16 15:18:45,2026-06-16 16:54:41,2026-06-16 16:54:44,responded,no_violation,unknown,resident,no,high,MATCHED,8.0
69379500,NYPD,Blocked Driveway,Closed,1,PASS,PASS,PASS,PASS,NA,PASS,,,ANSWERABLE,ANSWERABLE,2026-06-16 09:19:48,2026-06-16 10:54:31,2026-06-16 10:54:36,responded,no_violation,unknown,resident,no,high,MATCHED,8.0
69380000,HPD,UNSANITARY CONDITION,Closed,1,PASS,PASS,PASS,PASS,NA,PASS,,,ANSWERABLE,ANSWERABLE,2026-06-16 14:41:46,2026-06-29 15:23:37,2026-06-29 15:23:37,inspected,no_violation,unknown,none,no,high,AMBIGUOUS,
69381000,DOB,General Construction/Plumbing,Closed,1,PASS,PASS,PASS,PASS,NA,PASS,,,ANSWERABLE,ANSWERABLE,2026-06-16 08:32:34,2026-06-25 00:00:00,2026-06-25 00:00:00,inspected,not_determined,unknown,none,no,high,UNMATCHED,
69381500,HPD,WATER LEAK,Closed,1,PASS,PASS,PASS,PASS,NA,PASS,,,ANSWERABLE,ANSWERABLE,2026-06-16 12:29:56,2026-07-16 07:17:48,2026-07-16 07:17:48,no_access,not_determined,unknown,resident,no,high,MATCHED,192.0
69382500,NYPD,Blocked Driveway,Closed,1,PASS,PASS,PASS,PASS,NA,PASS,,,ANSWERABLE,ANSWERABLE,2026-06-16 08:54:49,2026-06-16 09:22:27,2026-06-16 09:22:30,summons_issued,violation,unknown,none,no,high,MATCHED,8.0
69383000,HPD,UNSANITARY CONDITION,Closed,1,PASS,PASS,PASS,PASS,NA,PASS,,,ANSWERABLE,ANSWERABLE,2026-06-16 13:06:24,2026-06-18 18:21:02,2026-06-18 18:21:02,violation_issued,violation,no,other_party,partial,high,AMBIGUOUS,
69384000,NYPD,Illegal Parking,Closed,1,PASS,PASS,PASS,PASS,NA,PASS,,,ANSWERABLE,ANSWERABLE,2026-06-16 21:52:44,2026-06-16 22:13:49,2026-06-16 22:13:51,summons_issued,violation,unknown,none,no,high,MATCHED,8.0
69384500,HPD,PLUMBING,Closed,1,PASS,PASS,PASS,UNKNOWN,NA,PASS,,A3,ANSWERABLE,UNKNOWN,2026-06-16 15:44:45,2026-06-24 14:44:43,2026-06-24 14:44:43,other,not_determined,unknown,resident,partial,medium,AMBIGUOUS,
69385500,NYPD,Illegal Parking,Closed,1,PASS,PASS,PASS,UNKNOWN,NA,PASS,,A3,ANSWERABLE,UNKNOWN,2026-06-16 07:19:43,2026-06-16 10:51:44,2026-06-16 10:51:47,responded,no_violation,yes,resident,no,medium,MATCHED,8.0
69386000,HPD,SAFETY,Closed,1,PASS,PASS,PASS,PASS,NA,PASS,,,ANSWERABLE,ANSWERABLE,2026-06-16 08:09:20,2026-07-02 07:11:23,2026-07-02 07:11:23,no_access,not_determined,unknown,resident,no,high,MATCHED,72.0
69387000,NYPD,Illegal Parking,Closed,1,PASS,PASS,PASS,PASS,NA,PASS,,,ANSWERABLE,ANSWERABLE,2026-06-16 08:44:28,2026-06-16 11:24:25,2026-06-16 11:24:29,responded,no_violation,unknown,resident,no,high,MATCHED,8.0
69387500,HPD,HEAT/HOT WATER,Closed,1,PASS,PASS,PASS,UNKNOWN,NA,PASS,,A3,ANSWERABLE,UNKNOWN,2026-06-16 18:14:09,2026-06-17 13:04:35,2026-06-17 13:04:35,contacted,not_applicable,yes,resident,no,medium,MATCHED,72.0
69388500,NYPD,Illegal Parking,Closed,1,PASS,PASS,PASS,UNKNOWN,NA,PASS,,A3,ANSWERABLE,UNKNOWN,2026-06-16 10:58:45,2026-06-16 11:35:57,2026-06-16 11:36:00,responded,no_violation,yes,resident,no,medium,MATCHED,8.0
69389000,HPD,PLUMBING,Closed,1,PASS,PASS,PASS,PASS,NA,PASS,,,ANSWERABLE,ANSWERABLE,2026-06-16 20:44:29,2026-07-06 08:09:30,2026-07-06 08:09:30,no_access,not_determined,unknown,resident,no,high,AMBIGUOUS,
69390000,DOB,Building/Use,Assigned,1,PASS,FAIL,UNKNOWN,UNKNOWN,UNKNOWN,UNKNOWN,A2,A2,FAIL,FAIL,2026-06-17 14:24:53,2026-08-07 00:00:00,2026-08-07 00:00:00,,,,,,,UNMATCHED,
69390500,DOT,Street Condition,Open,1,PASS,PASS,PASS,PASS,UNKNOWN,PASS,A4,A4,UNKNOWN,UNKNOWN,2026-06-17 11:13:19,,2026-06-17 11:13:19,referred,not_determined,no,agency,no,high,AMBIGUOUS,
69391500,DOT,Traffic Signal Condition,Closed,1,PASS,PASS,UNKNOWN,UNKNOWN,NA,FAIL,A5,A5,FAIL,FAIL,2026-06-17 14:26:00,2026-06-18 17:30:00,2026-06-18 17:30:00,redirect,not_determined,unknown,none,yes,low,UNMATCHED,
69392500,DOT,Bike Rack,Closed,1,PASS,PASS,UNKNOWN,UNKNOWN,NA,UNKNOWN,A3,A3,UNKNOWN,UNKNOWN,2026-06-18 00:01:54,2026-06-18 13:35:14,2026-06-18 13:35:17,,,,,,,UNMATCHED,
69393000,NYPD,Noise - Residential,Closed,1,PASS,PASS,PASS,PASS,NA,PASS,,,ANSWERABLE,ANSWERABLE,2026-06-17 04:38:27,2026-06-17 11:10:44,2026-06-17 11:10:48,responded,no_violation,unknown,resident,no,high,MATCHED,8.0
69394500,HPD,DOOR/WINDOW,Closed,1,PASS,PASS,PASS,UNKNOWN,NA,PASS,,A3,ANSWERABLE,UNKNOWN,2026-06-17 07:07:09,2026-06-19 13:14:54,2026-06-19 13:14:54,contacted,not_applicable,yes,resident,no,medium,AMBIGUOUS,
69395000,DOT,Sidewalk Condition,Closed,1,PASS,PASS,PASS,UNKNOWN,NA,PASS,,A3,ANSWERABLE,UNKNOWN,2026-06-17 08:27:36,2026-06-25 10:11:37,2026-06-25 10:11:41,other,not_applicable,unknown,agency,no,medium,MATCHED,720.0
69395500,NYPD,Illegal Parking,Closed,1,PASS,PASS,PASS,PASS,NA,PASS,,,ANSWERABLE,ANSWERABLE,2026-06-17 20:19:39,2026-06-17 21:05:17,2026-06-17 21:05:20,responded,no_violation,unknown,resident,no,high,MATCHED,8.0
69396000,HPD,PAINT/PLASTER,Closed,1,PASS,PASS,PASS,PASS,NA,PASS,,,ANSWERABLE,ANSWERABLE,2026-06-17 21:21:57,2026-06-29 02:06:51,2026-06-29 02:06:51,violation_issued,violation,no,other_party,partial,high,AMBIGUOUS,
69397000,DOB,Electrical,Closed,1,PASS,PASS,PASS,PASS,NA,PASS,,,ANSWERABLE,ANSWERABLE,2026-06-17 18:31:50,2026-06-22 00:00:00,2026-06-22 00:00:00,referred,not_determined,unknown,other_party,no,high,UNMATCHED,
69397500,NYPD,Abandoned Vehicle,Closed,1,PASS,PASS,PASS,UNKNOWN,NA,PASS,,A3,ANSWERABLE,UNKNOWN,2026-06-17 07:23:45,2026-06-17 13:00:13,2026-06-17 13:00:15,responded,no_violation,yes,resident,no,medium,MATCHED,8.0
69398500,NYPD,Noise - Commercial,Closed,1,PASS,PASS,PASS,PASS,NA,PASS,,,ANSWERABLE,ANSWERABLE,2026-06-17 03:57:21,2026-06-17 04:20:51,2026-06-17 04:20:54,responded,no_violation,unknown,resident,no,high,MATCHED,8.0
69399000,NYPD,Illegal Parking,Closed,1,PASS,PASS,PASS,PASS,NA,PASS,,,ANSWERABLE,ANSWERABLE,2026-06-17 21:23:38,2026-06-18 06:44:47,2026-06-18 06:44:50,responded,no_violation,unknown,resident,no,high,MATCHED,8.0
69399500,NYPD,Illegal Parking,Closed,1,PASS,PASS,PASS,PASS,NA,PASS,,,ANSWERABLE,ANSWERABLE,2026-06-17 19:15:45,2026-06-18 00:08:06,2026-06-18 00:08:08,responded,no_violation,unknown,resident,no,high,MATCHED,8.0
69400000,HPD,FLOORING/STAIRS,Closed,1,PASS,PASS,PASS,PASS,NA,PASS,,,ANSWERABLE,ANSWERABLE,2026-06-17 19:26:59,2026-06-25 17:03:51,2026-06-25 17:03:51,violation_issued,violation,no,other_party,partial,high,AMBIGUOUS,
69400500,NYPD,Encampment,Closed,1,PASS,PASS,PASS,PASS,NA,PASS,,,ANSWERABLE,ANSWERABLE,2026-06-17 06:44:00,2026-06-17 07:24:13,2026-06-17 07:24:18,responded,no_violation,unknown,resident,no,high,MATCHED,4.0
69401000,NYPD,Illegal Parking,Closed,1,PASS,PASS,PASS,PASS,NA,PASS,,,ANSWERABLE,ANSWERABLE,2026-06-18 10:00:25,2026-06-18 11:07:45,2026-06-18 11:07:48,responded,no_violation,unknown,resident,no,high,MATCHED,8.0
69401500,HPD,WATER LEAK,Closed,1,PASS,PASS,PASS,PASS,NA,PASS,,,ANSWERABLE,ANSWERABLE,2026-06-18 20:06:08,2026-06-22 18:05:21,2026-06-22 18:05:21,violation_issued,violation,no,other_party,partial,high,AMBIGUOUS,
69402500,NYPD,Blocked Driveway,Closed,1,PASS,PASS,PASS,PASS,NA,PASS,,,ANSWERABLE,ANSWERABLE,2026-06-18 16:05:08,2026-06-18 18:35:14,2026-06-18 18:35:18,responded,no_violation,unknown,resident,no,high,MATCHED,8.0
69403000,HPD,UNSANITARY CONDITION,Closed,1,PASS,PASS,PASS,PASS,NA,PASS,,,ANSWERABLE,ANSWERABLE,2026-06-18 18:55:52,2026-07-06 08:09:36,2026-07-06 08:09:36,no_access,not_determined,unknown,resident,no,high,AMBIGUOUS,
69404000,DOB,Electrical,Closed,1,PASS,PASS,PASS,PASS,NA,PASS,,,ANSWERABLE,ANSWERABLE,2026-06-18 19:11:35,2026-06-20 00:00:00,2026-06-20 00:00:00,referred,not_determined,unknown,other_party,no,high,UNMATCHED,
69404500,HPD,PLUMBING,Closed,1,PASS,PASS,PASS,UNKNOWN,NA,PASS,,A3,ANSWERABLE,UNKNOWN,2026-06-18 10:47:56,2026-07-01 08:09:16,2026-07-01 08:09:16,other,not_determined,unknown,resident,partial,medium,AMBIGUOUS,
69405500,NYPD,Illegal Parking,Closed,1,PASS,PASS,PASS,PASS,NA,PASS,,,ANSWERABLE,ANSWERABLE,2026-06-18 12:10:13,2026-06-18 13:30:57,2026-06-18 13:31:02,responded,no_violation,unknown,resident,no,high,MATCHED,8.0
69406000,HPD,PAINT/PLASTER,Closed,1,PASS,PASS,PASS,UNKNOWN,NA,PASS,,A3,ANSWERABLE,UNKNOWN,2026-06-18 10:29:12,2026-06-22 02:06:33,2026-06-22 02:06:33,other,not_determined,unknown,resident,partial,medium,AMBIGUOUS,
69407000,DOB,Building/Use,Open,1,PASS,FAIL,FAIL,FAIL,UNKNOWN,PASS,A2,A2,FAIL,FAIL,2026-06-18 11:34:16,2026-06-18 11:34:16,2026-06-18 00:00:00,received_only,not_determined,unknown,none,no,high,UNMATCHED,
69407500,HPD,UNSANITARY CONDITION,Closed,1,PASS,PASS,PASS,PASS,NA,PASS,,,ANSWERABLE,ANSWERABLE,2026-06-18 20:55:07,2026-07-06 08:09:43,2026-07-06 08:09:43,no_access,not_determined,unknown,resident,no,high,AMBIGUOUS,
69409000,DOB,Elevator,Closed,1,PASS,PASS,UNKNOWN,UNKNOWN,NA,PASS,A3,A3,UNKNOWN,UNKNOWN,2026-06-17 22:59:05,2026-06-18 00:00:00,2026-06-18 00:00:00,reviewed,not_determined,unknown,resident,no,low,MATCHED,960.0
69410000,NYPD,Blocked Driveway,Closed,1,PASS,PASS,PASS,PASS,NA,PASS,,,ANSWERABLE,ANSWERABLE,2026-06-18 10:45:17,2026-06-18 12:12:38,2026-06-18 12:12:41,responded,no_violation,unknown,resident,no,high,MATCHED,8.0
69410500,NYPD,Abandoned Vehicle,Closed,1,PASS,PASS,PASS,UNKNOWN,NA,PASS,,A3,ANSWERABLE,UNKNOWN,2026-06-18 07:57:44,2026-06-18 14:34:42,2026-06-18 14:34:45,responded,no_violation,yes,resident,no,medium,MATCHED,8.0
69412000,NYPD,Abandoned Vehicle,Closed,1,PASS,PASS,PASS,PASS,NA,PASS,,,ANSWERABLE,ANSWERABLE,2026-06-18 16:13:21,2026-06-18 18:35:27,2026-06-18 18:35:33,responded,no_violation,unknown,resident,no,high,MATCHED,8.0
69413000,NYPD,Noise - Residential,Closed,1,PASS,PASS,PASS,PASS,NA,PASS,,,ANSWERABLE,ANSWERABLE,2026-06-19 15:27:38,2026-06-19 20:19:14,2026-06-19 20:19:17,responded,no_violation,unknown,resident,no,high,MATCHED,8.0
69414500,NYPD,Noise - Residential,Closed,1,PASS,PASS,PASS,UNKNOWN,NA,PASS,,A3,ANSWERABLE,UNKNOWN,2026-06-19 02:04:28,2026-06-19 02:31:31,2026-06-19 02:31:34,responded,no_violation,yes,resident,no,medium,MATCHED,8.0
69415000,NYPD,Illegal Parking,Closed,1,PASS,PASS,PASS,PASS,NA,PASS,,,ANSWERABLE,ANSWERABLE,2026-06-19 14:08:26,2026-06-20 19:12:08,2026-06-20 19:12:13,responded,no_violation,unknown,resident,no,high,MATCHED,8.0
69415500,NYPD,Illegal Parking,Closed,1,PASS,PASS,PASS,PASS,NA,PASS,,,ANSWERABLE,ANSWERABLE,2026-06-19 12:52:10,2026-06-19 13:25:08,2026-06-19 13:25:12,responded,no_violation,unknown,resident,no,high,MATCHED,8.0
69416000,NYPD,Noise - Street/Sidewalk,Closed,1,PASS,PASS,PASS,PASS,NA,PASS,,,ANSWERABLE,ANSWERABLE,2026-06-20 01:36:50,2026-06-20 02:01:22,2026-06-20 02:01:28,responded,no_violation,unknown,resident,no,high,MATCHED,8.0
69416500,DOT,Sidewalk Condition,Closed,1,PASS,PASS,PASS,UNKNOWN,NA,PASS,,A3,ANSWERABLE,UNKNOWN,2026-06-19 09:36:16,2026-07-13 10:05:24,2026-07-13 10:05:27,inspected,not_determined,unknown,other_party,no,medium,AMBIGUOUS,
69417000,NYPD,Noise - Vehicle,Closed,1,PASS,PASS,PASS,PASS,NA,PASS,,,ANSWERABLE,ANSWERABLE,2026-06-19 21:15:40,2026-06-20 00:14:04,2026-06-20 00:14:08,responded,no_violation,unknown,resident,no,high,MATCHED,8.0
69417500,HPD,PLUMBING,Closed,1,PASS,PASS,PASS,UNKNOWN,NA,PASS,,A3,ANSWERABLE,UNKNOWN,2026-06-19 13:34:38,2026-07-02 16:08:51,2026-07-02 16:08:51,other,not_determined,unknown,resident,partial,medium,AMBIGUOUS,
69418500,NYPD,Noise - Residential,Closed,1,PASS,PASS,PASS,UNKNOWN,NA,PASS,,A3,ANSWERABLE,UNKNOWN,2026-06-19 22:07:36,2026-06-20 01:03:24,2026-06-20 01:03:28,responded,no_violation,yes,resident,no,medium,MATCHED,8.0
69419500,DOB,General Construction/Plumbing,Closed,1,PASS,PASS,PASS,PASS,NA,PASS,,,ANSWERABLE,ANSWERABLE,2026-06-19 11:03:09,2026-09-10 00:00:00,2026-09-10 00:00:00,inspected,not_determined,unknown,none,no,high,UNMATCHED,
69420000,NYPD,Noise - Street/Sidewalk,Closed,1,PASS,PASS,PASS,UNKNOWN,NA,PASS,,A3,ANSWERABLE,UNKNOWN,2026-06-19 18:00:02,2026-06-19 19:12:59,2026-06-19 19:13:01,responded,no_violation,yes,resident,no,medium,MATCHED,8.0
69420500,NYPD,Noise - Residential,Closed,1,PASS,PASS,PASS,PASS,NA,PASS,,,ANSWERABLE,ANSWERABLE,2026-06-19 23:55:16,2026-06-20 03:39:38,2026-06-20 03:39:42,responded,no_violation,unknown,resident,no,high,MATCHED,8.0
69421000,NYPD,Illegal Parking,Closed,1,PASS,PASS,PASS,PASS,NA,PASS,,,ANSWERABLE,ANSWERABLE,2026-06-19 13:05:02,2026-06-19 13:21:48,2026-06-19 13:21:53,responded,no_violation,unknown,resident,no,high,MATCHED,8.0
69421500,HPD,APPLIANCE,Closed,1,PASS,PASS,PASS,PASS,NA,PASS,,,ANSWERABLE,ANSWERABLE,2026-06-19 09:42:37,2026-06-25 20:32:52,2026-06-25 20:32:52,violation_issued,violation,no,other_party,partial,high,AMBIGUOUS,
69422500,NYPD,Blocked Driveway,Closed,1,PASS,PASS,PASS,UNKNOWN,NA,PASS,,A3,ANSWERABLE,UNKNOWN,2026-06-19 21:18:11,2026-06-19 22:52:39,2026-06-19 22:52:43,responded,no_violation,yes,resident,no,medium,MATCHED,8.0
69423000,DOT,Street Condition,Closed,1,PASS,PASS,PASS,PASS,NA,PASS,,,ANSWERABLE,ANSWERABLE,2026-06-19 12:17:10,2026-06-22 09:00:00,2026-06-22 09:00:00,repaired,condition_confirmed,yes,none,no,high,AMBIGUOUS,
69424000,NYPD,Noise - Residential,Closed,1,PASS,PASS,PASS,PASS,NA,PASS,,,ANSWERABLE,ANSWERABLE,2026-06-20 10:59:59,2026-06-20 12:42:23,2026-06-20 12:42:26,responded,no_violation,unknown,resident,no,high,MATCHED,8.0
69425500,NYPD,Noise - Residential,Closed,1,PASS,PASS,PASS,PASS,NA,PASS,,,ANSWERABLE,ANSWERABLE,2026-06-20 23:20:45,2026-06-20 23:30:25,2026-06-20 23:30:27,responded,no_violation,unknown,resident,no,high,MATCHED,8.0
69426000,NYPD,Noise - Residential,Closed,1,PASS,PASS,PASS,PASS,NA,PASS,,,ANSWERABLE,ANSWERABLE,2026-06-20 23:05:23,2026-06-21 21:59:45,2026-06-21 21:59:51,responded,no_violation,unknown,resident,no,high,MATCHED,8.0
69426500,NYPD,Illegal Parking,Closed,1,PASS,PASS,PASS,UNKNOWN,NA,PASS,,A3,ANSWERABLE,UNKNOWN,2026-06-20 19:20:50,2026-06-20 21:15:45,2026-06-20 21:15:48,responded,no_violation,yes,resident,no,medium,MATCHED,8.0
69427000,NYPD,Noise - Street/Sidewalk,Closed,1,PASS,PASS,PASS,PASS,NA,PASS,,,ANSWERABLE,ANSWERABLE,2026-06-20 15:18:31,2026-06-20 20:14:48,2026-06-20 20:14:51,responded,no_violation,unknown,resident,no,high,MATCHED,8.0
69428000,NYPD,Blocked Driveway,Closed,1,PASS,PASS,PASS,PASS,NA,PASS,,,ANSWERABLE,ANSWERABLE,2026-06-20 04:26:30,2026-06-20 05:59:04,2026-06-20 05:59:08,responded,no_violation,unknown,resident,no,high,MATCHED,8.0
69428500,HPD,PLUMBING,Closed,1,PASS,PASS,PASS,PASS,NA,PASS,,,ANSWERABLE,ANSWERABLE,2026-06-20 19:16:34,2026-07-13 07:52:57,2026-07-13 07:52:57,no_access,not_determined,unknown,resident,no,high,AMBIGUOUS,
69429500,NYPD,Noise - Residential,Closed,1,PASS,PASS,PASS,UNKNOWN,NA,PASS,,A3,ANSWERABLE,UNKNOWN,2026-06-20 22:20:14,2026-06-21 00:16:33,2026-06-21 00:16:37,responded,no_violation,yes,resident,no,medium,MATCHED,8.0
69430500,DOB,Investigations and Discipline (IAD),Closed,1,PASS,PASS,PASS,PASS,NA,PASS,,,ANSWERABLE,ANSWERABLE,2026-06-20 09:23:30,2026-07-09 00:00:00,2026-07-09 00:00:00,no_access,not_determined,unknown,resident,no,high,UNMATCHED,
69431000,NYPD,Noise - Residential,Closed,1,PASS,PASS,PASS,UNKNOWN,NA,PASS,,A3,ANSWERABLE,UNKNOWN,2026-06-21 00:32:57,2026-06-21 00:53:47,2026-06-21 00:53:51,responded,no_violation,yes,resident,no,medium,MATCHED,8.0
69431500,NYPD,Noise - Residential,Closed,1,PASS,PASS,PASS,PASS,NA,PASS,,,ANSWERABLE,ANSWERABLE,2026-06-20 23:25:44,2026-06-21 06:34:32,2026-06-21 06:34:37,responded,no_violation,unknown,resident,no,high,MATCHED,8.0
69432000,NYPD,Illegal Parking,Closed,1,PASS,PASS,PASS,PASS,NA,PASS,,,ANSWERABLE,ANSWERABLE,2026-06-20 17:39:44,2026-06-20 19:26:09,2026-06-20 19:26:13,summons_issued,violation,unknown,none,no,high,MATCHED,8.0
69432500,NYPD,Noise - Street/Sidewalk,Closed,1,PASS,PASS,PASS,UNKNOWN,NA,PASS,,A3,ANSWERABLE,UNKNOWN,2026-06-20 04:27:11,2026-06-20 05:01:38,2026-06-20 05:01:44,responded,no_violation,yes,resident,no,medium,MATCHED,8.0
69433000,NYPD,Illegal Parking,Closed,1,PASS,PASS,PASS,PASS,NA,PASS,,,ANSWERABLE,ANSWERABLE,2026-06-20 09:16:50,2026-06-20 10:52:41,2026-06-20 10:52:46,responded,no_violation,unknown,resident,no,high,MATCHED,8.0
69433500,DOB,General Construction/Plumbing,Closed,1,PASS,PASS,PASS,PASS,NA,PASS,,,ANSWERABLE,ANSWERABLE,2026-06-20 08:34:02,2026-06-22 00:00:00,2026-06-22 00:00:00,inspected,not_determined,unknown,none,no,high,UNMATCHED,
69434000,HPD,HEAT/HOT WATER,Closed,1,PASS,PASS,PASS,UNKNOWN,NA,PASS,,A3,ANSWERABLE,UNKNOWN,2026-06-20 18:36:50,2026-06-22 09:23:22,2026-06-22 09:23:22,contacted,not_applicable,yes,resident,no,medium,MATCHED,72.0
69434500,NYPD,Illegal Parking,Closed,1,PASS,PASS,PASS,PASS,NA,PASS,,,ANSWERABLE,ANSWERABLE,2026-06-20 07:59:08,2026-06-20 09:52:35,2026-06-20 09:52:39,responded,no_violation,unknown,resident,no,high,MATCHED,8.0
69435000,NYPD,Noise - Commercial,Closed,1,PASS,PASS,PASS,UNKNOWN,NA,PASS,,A3,ANSWERABLE,UNKNOWN,2026-06-21 23:48:43,2026-06-22 00:15:43,2026-06-22 00:15:45,responded,no_violation,yes,resident,no,medium,MATCHED,8.0
69435500,HPD,HEAT/HOT WATER,Closed,1,PASS,PASS,PASS,PASS,NA,PASS,,,ANSWERABLE,ANSWERABLE,2026-06-21 14:42:55,2026-06-24 21:08:26,2026-06-24 21:08:26,duplicate,not_determined,no,agency,partial,high,MATCHED,72.0
69436000,NYPD,Illegal Parking,Closed,1,PASS,PASS,PASS,PASS,NA,PASS,,,ANSWERABLE,ANSWERABLE,2026-06-21 13:56:28,2026-06-21 14:56:35,2026-06-21 14:56:37,responded,no_violation,unknown,resident,no,high,MATCHED,8.0
69436500,NYPD,Noise - Park,Closed,1,PASS,PASS,PASS,PASS,NA,PASS,,,ANSWERABLE,ANSWERABLE,2026-06-21 15:07:53,2026-06-21 17:09:03,2026-06-21 17:09:08,responded,no_violation,unknown,resident,no,high,MATCHED,8.0
69437000,NYPD,Illegal Parking,Closed,1,PASS,PASS,PASS,PASS,NA,PASS,,,ANSWERABLE,ANSWERABLE,2026-06-21 17:53:35,2026-06-21 18:18:46,2026-06-21 18:18:49,responded,no_violation,unknown,resident,no,high,MATCHED,8.0
69438000,NYPD,Noise - Residential,Closed,1,PASS,PASS,PASS,PASS,NA,PASS,,,ANSWERABLE,ANSWERABLE,2026-06-21 12:41:29,2026-06-21 14:05:53,2026-06-21 14:05:57,responded,no_violation,unknown,resident,no,high,MATCHED,8.0
69439000,DOT,Traffic Signal Condition,Closed,1,PASS,PASS,UNKNOWN,UNKNOWN,NA,FAIL,A5,A5,FAIL,FAIL,2026-06-21 07:58:00,2026-06-21 10:10:00,2026-06-21 10:10:00,redirect,not_determined,unknown,none,yes,low,UNMATCHED,
69439500,NYPD,Noise - Residential,Closed,1,PASS,PASS,PASS,PASS,NA,PASS,,,ANSWERABLE,ANSWERABLE,2026-06-21 23:32:03,2026-06-22 01:13:44,2026-06-22 01:13:48,responded,no_violation,unknown,resident,no,high,MATCHED,8.0
69440000,NYPD,Illegal Parking,Closed,1,PASS,PASS,PASS,PASS,NA,PASS,,,ANSWERABLE,ANSWERABLE,2026-06-21 23:04:28,2026-06-22 13:29:33,2026-06-22 13:29:37,responded,no_violation,unknown,resident,no,high,MATCHED,8.0
69440500,NYPD,Illegal Parking,Closed,1,PASS,PASS,PASS,PASS,NA,PASS,,,ANSWERABLE,ANSWERABLE,2026-06-21 16:09:50,2026-06-21 16:51:39,2026-06-21 16:51:43,responded,no_violation,unknown,resident,no,high,MATCHED,8.0
69441000,NYPD,Noise - Residential,Closed,1,PASS,PASS,PASS,PASS,NA,PASS,,,ANSWERABLE,ANSWERABLE,2026-06-21 13:05:00,2026-06-21 16:36:36,2026-06-21 16:36:40,responded,no_violation,unknown,resident,no,high,MATCHED,8.0
69441500,NYPD,Noise - Residential,Closed,1,PASS,PASS,PASS,PASS,NA,FAIL,A5,A5,FAIL,FAIL,2026-06-22 01:24:41,2026-06-22 05:25:34,2026-06-22 05:25:38,not_jurisdiction,not_applicable,unknown,resident,yes,high,MATCHED,8.0
69442000,NYPD,Illegal Parking,Closed,1,PASS,PASS,PASS,UNKNOWN,NA,PASS,,A3,ANSWERABLE,UNKNOWN,2026-06-21 08:57:04,2026-06-21 09:20:58,2026-06-21 09:21:02,responded,no_violation,yes,resident,no,medium,MATCHED,8.0
69442500,NYPD,Noise - Residential,Closed,1,PASS,PASS,PASS,PASS,NA,PASS,,,ANSWERABLE,ANSWERABLE,2026-06-21 06:09:58,2026-06-21 23:18:16,2026-06-21 23:18:21,responded,no_violation,unknown,resident,no,high,MATCHED,8.0
69443000,NYPD,Noise - Residential,Closed,1,PASS,PASS,PASS,PASS,NA,PASS,,,ANSWERABLE,ANSWERABLE,2026-06-21 23:30:35,2026-06-22 12:04:02,2026-06-22 12:04:05,responded,no_violation,unknown,resident,no,high,MATCHED,8.0
69443500,NYPD,Illegal Parking,Closed,1,PASS,PASS,PASS,UNKNOWN,NA,PASS,,A3,ANSWERABLE,UNKNOWN,2026-06-21 20:24:59,2026-06-21 20:48:10,2026-06-21 20:48:12,responded,no_violation,yes,resident,no,medium,MATCHED,8.0
69444000,NYPD,Noise - Street/Sidewalk,Closed,1,PASS,PASS,PASS,PASS,NA,PASS,,,ANSWERABLE,ANSWERABLE,2026-06-21 17:05:06,2026-06-21 18:42:53,2026-06-21 18:42:55,responded,no_violation,unknown,resident,no,high,MATCHED,8.0
69444500,NYPD,Noise - Street/Sidewalk,Closed,1,PASS,PASS,PASS,PASS,NA,PASS,,,ANSWERABLE,ANSWERABLE,2026-06-22 00:32:40,2026-06-22 05:48:21,2026-06-22 05:48:25,responded,no_violation,unknown,resident,no,high,MATCHED,8.0
69445000,NYPD,Noise - Residential,Closed,1,PASS,PASS,PASS,PASS,NA,PASS,,,ANSWERABLE,ANSWERABLE,2026-06-21 17:28:07,2026-06-21 18:08:03,2026-06-21 18:08:05,responded,no_violation,unknown,resident,no,high,MATCHED,8.0
69445500,NYPD,Noise - Street/Sidewalk,Closed,1,PASS,PASS,PASS,PASS,NA,PASS,,,ANSWERABLE,ANSWERABLE,2026-06-21 17:39:17,2026-06-21 19:19:13,2026-06-21 19:19:17,responded,no_violation,unknown,resident,no,high,MATCHED,8.0
69446000,NYPD,Noise - Street/Sidewalk,Closed,1,PASS,PASS,PASS,PASS,NA,PASS,,,ANSWERABLE,ANSWERABLE,2026-06-22 01:31:00,2026-06-22 04:40:28,2026-06-22 04:40:32,responded,no_violation,unknown,resident,no,high,MATCHED,8.0
69446500,NYPD,Noise - Residential,Closed,1,PASS,PASS,PASS,PASS,NA,PASS,,,ANSWERABLE,ANSWERABLE,2026-06-23 00:25:06,2026-06-23 01:08:58,2026-06-23 01:09:04,responded,no_violation,unknown,resident,no,high,MATCHED,8.0
69447000,HPD,WATER LEAK,Closed,1,PASS,PASS,PASS,UNKNOWN,NA,PASS,,A3,ANSWERABLE,UNKNOWN,2026-06-22 16:56:06,2026-07-01 15:10:15,2026-07-01 15:10:15,other,not_determined,unknown,resident,partial,medium,MATCHED,192.0
69448000,DOT,Street Light Condition,Closed,1,FAIL,PASS,UNKNOWN,UNKNOWN,NA,FAIL,A1,A1,FAIL,FAIL,2026-06-22 13:26:00,2026-06-22 13:26:00,2026-06-21 13:26:00,redirect,not_determined,unknown,none,yes,low,UNMATCHED,
69449500,NYPD,Noise - Street/Sidewalk,Closed,1,PASS,PASS,PASS,PASS,NA,PASS,,,ANSWERABLE,ANSWERABLE,2026-06-22 03:11:10,2026-06-22 12:40:33,2026-06-22 12:40:36,responded,no_violation,unknown,resident,no,high,MATCHED,8.0
69450000,NYPD,Illegal Parking,Closed,1,PASS,PASS,PASS,UNKNOWN,NA,PASS,,A3,ANSWERABLE,UNKNOWN,2026-06-23 01:11:41,2026-06-23 01:52:39,2026-06-23 01:52:42,responded,no_violation,yes,resident,no,medium,MATCHED,8.0
69450500,NYPD,Illegal Parking,Closed,1,PASS,PASS,PASS,PASS,NA,PASS,,,ANSWERABLE,ANSWERABLE,2026-06-22 04:49:33,2026-06-22 06:28:25,2026-06-22 06:28:30,responded,no_violation,unknown,resident,no,high,MATCHED,8.0
69451000,HPD,PLUMBING,Closed,1,PASS,PASS,PASS,PASS,NA,PASS,,,ANSWERABLE,ANSWERABLE,2026-06-22 22:01:19,2026-06-28 17:47:23,2026-06-28 17:47:23,violation_issued,violation,no,other_party,partial,high,AMBIGUOUS,
69452500,HPD,WATER LEAK,Closed,1,PASS,PASS,PASS,PASS,NA,PASS,,,ANSWERABLE,ANSWERABLE,2026-06-22 13:00:55,2026-06-24 20:40:48,2026-06-24 20:40:48,inspected,no_violation,unknown,none,no,high,MATCHED,192.0
69453500,DOT,Traffic Signal Condition,Closed,1,PASS,PASS,UNKNOWN,UNKNOWN,NA,FAIL,A5,A5,FAIL,FAIL,2026-06-22 13:21:00,2026-06-25 17:35:00,2026-06-25 17:35:00,redirect,not_determined,unknown,none,yes,low,UNMATCHED,
69454000,NYPD,Abandoned Vehicle,Closed,1,PASS,PASS,PASS,UNKNOWN,NA,PASS,,A3,ANSWERABLE,UNKNOWN,2026-06-22 16:04:32,2026-06-23 02:59:46,2026-06-23 02:59:50,responded,no_violation,yes,resident,no,medium,MATCHED,8.0
69454500,NYPD,Illegal Parking,Closed,1,PASS,PASS,PASS,UNKNOWN,NA,PASS,,A3,ANSWERABLE,UNKNOWN,2026-06-22 08:21:59,2026-06-22 08:51:42,2026-06-22 08:51:47,responded,no_violation,yes,resident,no,medium,MATCHED,8.0
69455000,NYPD,Noise - Residential,Closed,1,PASS,PASS,PASS,PASS,NA,PASS,,,ANSWERABLE,ANSWERABLE,2026-06-22 17:13:47,2026-06-22 17:23:35,2026-06-22 17:23:38,responded,no_violation,unknown,resident,no,high,MATCHED,8.0
69456500,HPD,APPLIANCE,Closed,1,PASS,PASS,PASS,PASS,NA,PASS,,,ANSWERABLE,ANSWERABLE,2026-06-22 09:54:46,2026-08-01 21:02:24,2026-08-01 21:02:24,no_access,not_determined,unknown,resident,no,high,AMBIGUOUS,
69457000,NYPD,Noise - Residential,Closed,1,PASS,PASS,PASS,PASS,NA,PASS,,,ANSWERABLE,ANSWERABLE,2026-06-22 17:00:24,2026-06-23 03:20:00,2026-06-23 03:20:06,responded,no_violation,unknown,resident,no,high,MATCHED,8.0
69457500,NYPD,Illegal Parking,Closed,1,PASS,PASS,PASS,PASS,NA,PASS,,,ANSWERABLE,ANSWERABLE,2026-06-23 06:41:52,2026-06-23 07:43:48,2026-06-23 07:43:54,responded,no_violation,unknown,resident,no,high,MATCHED,8.0
69458000,HPD,ELECTRIC,Closed,1,PASS,PASS,PASS,UNKNOWN,NA,PASS,,A3,ANSWERABLE,UNKNOWN,2026-06-23 19:20:50,2026-06-24 21:08:10,2026-06-24 21:08:10,other,not_determined,unknown,resident,partial,medium,AMBIGUOUS,
69458500,NYPD,Noise - Commercial,Closed,1,PASS,PASS,PASS,PASS,NA,PASS,,,ANSWERABLE,ANSWERABLE,2026-06-23 23:22:06,2026-06-24 02:01:42,2026-06-24 02:01:46,responded,no_violation,unknown,resident,no,high,MATCHED,8.0
69459000,NYPD,Illegal Parking,Closed,1,PASS,PASS,PASS,PASS,NA,PASS,,,ANSWERABLE,ANSWERABLE,2026-06-23 18:01:52,2026-06-23 22:16:38,2026-06-23 22:16:42,responded,no_violation,unknown,resident,no,high,MATCHED,8.0
69459500,HPD,ELECTRIC,Closed,1,PASS,PASS,PASS,PASS,NA,PASS,,,ANSWERABLE,ANSWERABLE,2026-06-23 08:03:37,2026-08-20 11:05:07,2026-08-20 11:05:07,inspected,violation,unknown,none,partial,high,AMBIGUOUS,
69461000,NYPD,Noise - Vehicle,Closed,1,PASS,PASS,PASS,PASS,NA,PASS,,,ANSWERABLE,ANSWERABLE,2026-06-23 22:10:13,2026-06-23 22:55:26,2026-06-23 22:55:32,responded,no_violation,unknown,resident,no,high,MATCHED,8.0
69461500,NYPD,Illegal Parking,Closed,1,PASS,PASS,PASS,PASS,NA,FAIL,A5,A5,FAIL,FAIL,2026-06-24 01:12:40,2026-06-24 09:13:37,2026-06-24 09:13:40,not_jurisdiction,not_applicable,unknown,resident,yes,high,MATCHED,8.0
69462000,NYPD,Illegal Parking,Closed,1,PASS,PASS,PASS,PASS,NA,PASS,,,ANSWERABLE,ANSWERABLE,2026-06-23 05:39:54,2026-06-23 09:50:43,2026-06-23 09:50:47,responded,no_violation,unknown,resident,no,high,MATCHED,8.0
69462500,HPD,ELECTRIC,Closed,1,PASS,PASS,PASS,PASS,NA,PASS,,,ANSWERABLE,ANSWERABLE,2026-06-23 13:03:15,2026-06-27 16:19:07,2026-06-27 16:19:07,inspected,no_violation,unknown,none,no,high,AMBIGUOUS,
69463000,DOT,Sidewalk Condition,Closed,1,PASS,PASS,PASS,PASS,NA,PASS,,,ANSWERABLE,ANSWERABLE,2026-06-23 13:32:51,2026-07-09 10:04:17,2026-07-09 10:04:20,received_only,not_determined,unknown,agency,no,high,AMBIGUOUS,
69463500,NYPD,Illegal Parking,Closed,1,PASS,PASS,PASS,PASS,NA,PASS,,,ANSWERABLE,ANSWERABLE,2026-06-23 23:45:19,2026-06-24 00:57:32,2026-06-24 00:57:36,responded,no_violation,unknown,resident,no,high,MATCHED,8.0
69464000,HPD,PAINT/PLASTER,Closed,1,PASS,PASS,PASS,UNKNOWN,NA,PASS,,A3,ANSWERABLE,UNKNOWN,2026-06-23 18:04:18,2026-06-28 18:14:54,2026-06-28 18:14:54,other,not_determined,unknown,resident,partial,medium,AMBIGUOUS,
69464500,DOT,Sidewalk Condition,Closed,1,PASS,PASS,PASS,UNKNOWN,NA,PASS,,A3,ANSWERABLE,UNKNOWN,2026-06-23 16:38:53,2026-06-25 12:06:45,2026-06-25 12:06:47,other,not_applicable,unknown,agency,no,medium,MATCHED,720.0
69465000,NYPD,Illegal Parking,Closed,1,PASS,PASS,PASS,PASS,NA,PASS,,,ANSWERABLE,ANSWERABLE,2026-06-23 14:53:15,2026-06-23 15:06:38,2026-06-23 15:06:40,responded,no_violation,unknown,resident,no,high,MATCHED,8.0
69465500,HPD,GENERAL,Closed,1,PASS,PASS,PASS,PASS,NA,PASS,,,ANSWERABLE,ANSWERABLE,2026-06-23 12:28:29,2026-07-04 17:25:12,2026-07-04 17:25:12,inspected,no_violation,unknown,none,no,high,MATCHED,192.0
69466000,DOT,Street Condition,Closed,1,PASS,PASS,PASS,PASS,NA,PASS,,,ANSWERABLE,ANSWERABLE,2026-06-23 16:01:10,2026-07-06 13:18:15,2026-07-06 13:18:20,referred,condition_confirmed,no,agency,no,high,MATCHED,240.0
69466500,NYPD,Illegal Parking,Closed,1,PASS,PASS,PASS,PASS,NA,PASS,,,ANSWERABLE,ANSWERABLE,2026-06-23 16:33:17,2026-06-23 17:39:51,2026-06-23 17:39:55,responded,no_violation,unknown,resident,no,high,MATCHED,8.0
69467000,HPD,PLUMBING,Closed,1,PASS,PASS,PASS,PASS,NA,PASS,,,ANSWERABLE,ANSWERABLE,2026-06-23 02:19:33,2026-06-29 02:08:57,2026-06-29 02:08:57,violation_issued,violation,no,other_party,partial,high,AMBIGUOUS,
69467500,NYPD,Encampment,Closed,1,PASS,PASS,PASS,PASS,NA,PASS,,,ANSWERABLE,ANSWERABLE,2026-06-23 10:48:46,2026-06-23 11:03:18,2026-06-23 11:03:20,responded,no_violation,unknown,resident,no,high,MATCHED,4.0
69468000,NYPD,Illegal Parking,Closed,1,PASS,PASS,PASS,PASS,NA,PASS,,,ANSWERABLE,ANSWERABLE,2026-06-23 10:47:35,2026-06-23 11:49:32,2026-06-23 11:49:37,summons_issued,violation,unknown,none,no,high,MATCHED,8.0
69468500,HPD,UNSANITARY CONDITION,Closed,1,PASS,PASS,PASS,PASS,NA,PASS,,,ANSWERABLE,ANSWERABLE,2026-06-23 18:30:15,2026-07-02 17:45:07,2026-07-02 17:45:07,violation_issued,violation,no,other_party,partial,high,MATCHED,72.0
69469500,NYPD,Illegal Parking,Closed,1,PASS,PASS,PASS,PASS,NA,PASS,,,ANSWERABLE,ANSWERABLE,2026-06-24 07:28:03,2026-06-24 08:53:08,2026-06-24 08:53:13,responded,no_violation,unknown,resident,no,high,MATCHED,8.0
69470000,HPD,PLUMBING,Closed,1,PASS,PASS,PASS,UNKNOWN,NA,PASS,,A3,ANSWERABLE,UNKNOWN,2026-06-24 02:06:02,2026-06-27 13:22:53,2026-06-27 13:22:53,contacted,not_applicable,yes,resident,no,medium,AMBIGUOUS,
69471000,NYPD,Illegal Parking,Closed,1,PASS,PASS,PASS,UNKNOWN,NA,PASS,,A3,ANSWERABLE,UNKNOWN,2026-06-24 10:13:39,2026-06-24 11:43:20,2026-06-24 11:43:24,responded,no_violation,yes,resident,no,medium,MATCHED,8.0
69471500,HPD,SAFETY,Closed,1,PASS,PASS,PASS,PASS,NA,PASS,,,ANSWERABLE,ANSWERABLE,2026-06-24 15:37:01,2026-06-26 20:01:49,2026-06-26 20:01:49,violation_issued,violation,no,other_party,partial,high,MATCHED,72.0
69472000,NYPD,Encampment,Closed,1,PASS,PASS,PASS,PASS,NA,PASS,,,ANSWERABLE,ANSWERABLE,2026-06-24 07:41:02,2026-06-24 11:19:15,2026-06-24 11:19:18,responded,no_violation,unknown,resident,no,high,MATCHED,4.0
69472500,NYPD,Illegal Parking,Closed,1,PASS,PASS,PASS,PASS,NA,PASS,,,ANSWERABLE,ANSWERABLE,2026-06-24 22:08:18,2026-06-25 00:47:26,2026-06-25 00:47:29,summons_issued,violation,unknown,none,no,high,MATCHED,8.0
69473000,HPD,HEAT/HOT WATER,Open,1,PASS,PASS,PASS,UNKNOWN,PASS,PASS,,A3,ANSWERABLE,UNKNOWN,2026-06-24 06:35:06,,2026-06-30 09:03:38,owner_notified,not_determined,no,agency,no,medium,MATCHED,72.0
69473500,NYPD,Illegal Parking,Closed,1,PASS,PASS,PASS,UNKNOWN,NA,PASS,,A3,ANSWERABLE,UNKNOWN,2026-06-24 13:32:55,2026-06-24 13:53:01,2026-06-24 13:53:05,responded,no_violation,yes,resident,no,medium,MATCHED,8.0
69474000,NYPD,Illegal Parking,Closed,1,PASS,PASS,PASS,PASS,NA,PASS,,,ANSWERABLE,ANSWERABLE,2026-06-24 18:59:05,2026-06-24 22:15:22,2026-06-24 22:15:26,responded,no_violation,unknown,resident,no,high,MATCHED,8.0
69474500,HPD,GENERAL,Closed,1,PASS,PASS,PASS,UNKNOWN,NA,PASS,,A3,ANSWERABLE,UNKNOWN,2026-06-24 10:54:03,2026-06-30 16:08:22,2026-06-30 16:08:22,other,not_determined,unknown,resident,partial,medium,MATCHED,192.0
69475000,NYPD,Illegal Parking,Closed,1,PASS,PASS,PASS,PASS,NA,PASS,,,ANSWERABLE,ANSWERABLE,2026-06-24 07:25:52,2026-06-24 09:08:27,2026-06-24 09:08:29,summons_issued,violation,unknown,none,no,high,MATCHED,8.0
69475500,NYPD,Illegal Parking,Closed,1,PASS,PASS,PASS,PASS,NA,PASS,,,ANSWERABLE,ANSWERABLE,2026-06-24 11:07:35,2026-06-24 22:22:04,2026-06-24 22:22:08,responded,no_violation,unknown,resident,no,high,MATCHED,8.0
69476000,HPD,ELECTRIC,Closed,1,PASS,PASS,PASS,PASS,NA,PASS,,,ANSWERABLE,ANSWERABLE,2026-06-24 12:10:25,2026-09-18 22:10:31,2026-09-18 22:10:31,inspected,no_violation,unknown,none,no,high,MATCHED,192.0
69476500,DOT,Street Condition,Closed,1,PASS,PASS,PASS,PASS,NA,PASS,,,ANSWERABLE,ANSWERABLE,2026-06-24 21:39:04,2026-07-02 17:31:24,2026-07-02 17:31:27,referred,condition_confirmed,no,agency,no,high,MATCHED,240.0
69477000,NYPD,Illegal Parking,Closed,1,PASS,PASS,PASS,PASS,NA,PASS,,,ANSWERABLE,ANSWERABLE,2026-06-24 10:14:13,2026-06-24 11:00:32,2026-06-24 11:00:35,responded,no_violation,unknown,resident,no,high,MATCHED,8.0
69477500,HPD,APPLIANCE,Closed,1,PASS,PASS,PASS,PASS,NA,PASS,,,ANSWERABLE,ANSWERABLE,2026-06-24 23:21:11,2026-06-29 16:41:58,2026-06-29 16:41:58,inspected,no_violation,unknown,none,no,high,AMBIGUOUS,
69478000,DOT,Street Condition,Closed,1,PASS,PASS,PASS,UNKNOWN,NA,PASS,,A3,ANSWERABLE,UNKNOWN,2026-06-24 09:02:40,2026-06-25 15:31:48,2026-06-25 15:31:51,inspected,no_violation,unknown,none,no,medium,MATCHED,240.0
69478500,NYPD,Illegal Parking,Closed,1,PASS,PASS,PASS,PASS,NA,PASS,,,ANSWERABLE,ANSWERABLE,2026-06-24 08:43:37,2026-06-24 08:55:49,2026-06-24 08:55:53,responded,no_violation,unknown,resident,no,high,MATCHED,8.0
69479000,HPD,ELECTRIC,Open,1,PASS,PASS,PASS,UNKNOWN,UNKNOWN,PASS,A4,A3,UNKNOWN,UNKNOWN,2026-06-24 17:47:07,,2026-06-24 00:00:00,owner_notified,not_determined,no,agency,no,medium,AMBIGUOUS,
69480000,NYPD,Illegal Parking,Closed,1,PASS,PASS,PASS,PASS,NA,PASS,,,ANSWERABLE,ANSWERABLE,2026-06-24 16:45:36,2026-06-25 00:25:49,2026-06-25 00:25:52,responded,no_violation,unknown,resident,no,high,MATCHED,8.0
69480500,HPD,PAINT/PLASTER,Closed,1,PASS,PASS,PASS,PASS,NA,PASS,,,ANSWERABLE,ANSWERABLE,2026-06-24 08:56:13,2026-07-13 07:52:51,2026-07-13 07:52:51,no_access,not_determined,unknown,resident,no,high,AMBIGUOUS,
69481500,NYPD,Illegal Parking,Closed,1,PASS,PASS,PASS,UNKNOWN,NA,PASS,,A3,ANSWERABLE,UNKNOWN,2026-06-25 08:50:25,2026-06-25 11:47:58,2026-06-25 11:48:01,responded,no_violation,yes,resident,no,medium,MATCHED,8.0
69482000,HPD,PLUMBING,Closed,1,PASS,PASS,PASS,UNKNOWN,NA,PASS,,A3,ANSWERABLE,UNKNOWN,2026-06-25 18:49:55,2026-06-27 18:14:31,2026-06-27 18:14:31,other,not_determined,unknown,resident,partial,medium,AMBIGUOUS,
69483000,NYPD,Illegal Parking,Closed,1,PASS,PASS,PASS,PASS,NA,PASS,,,ANSWERABLE,ANSWERABLE,2026-06-25 12:32:22,2026-06-26 01:52:26,2026-06-26 01:52:28,responded,no_violation,unknown,resident,no,high,MATCHED,8.0
69483500,HPD,UNSANITARY CONDITION,Closed,1,PASS,PASS,PASS,PASS,NA,PASS,,,ANSWERABLE,ANSWERABLE,2026-06-25 01:33:51,2026-08-27 15:40:16,2026-08-27 15:40:16,inspected,no_violation,unknown,none,no,high,MATCHED,192.0
69484500,NYPD,Illegal Parking,Closed,1,PASS,PASS,PASS,UNKNOWN,NA,PASS,,A3,ANSWERABLE,UNKNOWN,2026-06-25 18:31:57,2026-06-25 20:22:24,2026-06-25 20:22:32,responded,no_violation,yes,resident,no,medium,MATCHED,8.0
69485000,HPD,PAINT/PLASTER,Closed,1,PASS,PASS,PASS,PASS,NA,PASS,,,ANSWERABLE,ANSWERABLE,2026-06-25 08:55:50,2026-07-06 18:08:59,2026-07-06 18:08:59,inspected,no_violation,unknown,none,no,high,AMBIGUOUS,
69486000,NYPD,Illegal Parking,Closed,1,PASS,PASS,PASS,PASS,NA,PASS,,,ANSWERABLE,ANSWERABLE,2026-06-25 22:09:55,2026-06-25 22:26:51,2026-06-25 22:26:56,responded,no_violation,unknown,resident,no,high,MATCHED,8.0
69486500,HPD,SAFETY,Closed,1,PASS,PASS,PASS,PASS,NA,PASS,,,ANSWERABLE,ANSWERABLE,2026-06-25 17:47:37,2026-07-13 07:52:58,2026-07-13 07:52:58,no_access,not_determined,unknown,resident,no,high,MATCHED,72.0
69487500,DOB,Building/Use,Assigned,1,PASS,FAIL,PASS,PASS,UNKNOWN,PASS,A2,A2,FAIL,FAIL,2026-06-25 09:19:18,2026-07-17 00:00:00,2026-07-17 00:00:00,no_access,not_determined,unknown,resident,partial,high,UNMATCHED,
69488000,HPD,WATER LEAK,Closed,1,PASS,PASS,PASS,UNKNOWN,NA,PASS,,A3,ANSWERABLE,UNKNOWN,2026-06-25 11:51:24,2026-07-01 15:46:17,2026-07-01 15:46:17,contacted,not_applicable,yes,resident,no,medium,MATCHED,192.0
69488500,NYPD,Illegal Parking,Closed,1,PASS,PASS,PASS,PASS,NA,PASS,,,ANSWERABLE,ANSWERABLE,2026-06-25 09:14:22,2026-06-25 10:36:43,2026-06-25 10:36:45,responded,no_violation,unknown,resident,no,high,MATCHED,8.0
69489000,DOB,General Construction/Plumbing,Closed,1,PASS,PASS,PASS,PASS,NA,PASS,,,ANSWERABLE,ANSWERABLE,2026-06-24 21:22:26,2026-06-26 00:00:00,2026-06-26 00:00:00,inspected,not_determined,unknown,none,no,high,UNMATCHED,
69489500,DOT,Street Condition,Closed,1,PASS,PASS,PASS,PASS,NA,PASS,,,ANSWERABLE,ANSWERABLE,2026-06-25 12:43:56,2026-06-25 21:45:00,2026-06-25 21:45:00,repaired,condition_confirmed,yes,none,no,high,AMBIGUOUS,
69490500,NYPD,Illegal Fireworks,Closed,1,PASS,PASS,PASS,PASS,NA,PASS,,,ANSWERABLE,ANSWERABLE,2026-06-25 23:06:46,2026-06-25 23:29:05,2026-06-25 23:29:08,responded,no_violation,unknown,resident,no,high,MATCHED,8.0
69491000,NYPD,Abandoned Vehicle,Closed,1,PASS,PASS,PASS,PASS,NA,PASS,,,ANSWERABLE,ANSWERABLE,2026-06-25 10:14:00,2026-06-25 15:43:33,2026-06-25 15:43:36,responded,no_violation,unknown,resident,no,high,MATCHED,8.0
69492000,NYPD,Noise - Commercial,Closed,1,PASS,PASS,PASS,PASS,NA,PASS,,,ANSWERABLE,ANSWERABLE,2026-06-25 20:18:25,2026-06-25 21:18:31,2026-06-25 21:18:34,responded,no_violation,unknown,resident,no,high,MATCHED,8.0
69492500,NYPD,Blocked Driveway,Closed,1,PASS,PASS,PASS,PASS,NA,PASS,,,ANSWERABLE,ANSWERABLE,2026-06-25 19:59:57,2026-06-26 05:35:13,2026-06-26 05:35:16,responded,no_violation,unknown,resident,no,high,MATCHED,8.0
69493500,NYPD,Noise - Residential,Closed,1,PASS,PASS,PASS,PASS,NA,PASS,,,ANSWERABLE,ANSWERABLE,2026-06-26 23:59:33,2026-06-27 01:49:32,2026-06-27 01:49:35,no_access,not_determined,unknown,resident,no,high,MATCHED,8.0
69494000,NYPD,Abandoned Vehicle,Closed,1,PASS,PASS,PASS,UNKNOWN,NA,PASS,,A3,ANSWERABLE,UNKNOWN,2026-06-26 13:04:45,2026-06-27 08:42:03,2026-06-27 08:42:10,responded,no_violation,yes,resident,no,medium,MATCHED,8.0
69495000,NYPD,Noise - Residential,Closed,1,PASS,PASS,PASS,PASS,NA,PASS,,,ANSWERABLE,ANSWERABLE,2026-06-26 15:39:05,2026-06-26 19:13:18,2026-06-26 19:13:22,responded,no_violation,unknown,resident,no,high,MATCHED,8.0
69496500,DOT,Street Light Condition,Closed,1,PASS,PASS,UNKNOWN,UNKNOWN,NA,FAIL,A5,A5,FAIL,FAIL,2026-06-26 17:32:00,2026-07-08 07:46:00,2026-07-08 07:46:00,redirect,not_determined,unknown,none,yes,low,UNMATCHED,
69497000,HPD,UNSANITARY CONDITION,Closed,1,PASS,PASS,PASS,PASS,NA,PASS,,,ANSWERABLE,ANSWERABLE,2026-06-26 13:45:04,2026-07-07 15:00:08,2026-07-07 15:00:08,inspected,no_violation,unknown,none,no,high,MATCHED,72.0
69498000,NYPD,Blocked Driveway,Closed,1,PASS,PASS,PASS,PASS,NA,PASS,,,ANSWERABLE,ANSWERABLE,2026-06-26 07:41:06,2026-06-26 08:16:39,2026-06-26 08:16:43,summons_issued,violation,unknown,none,no,high,MATCHED,8.0
69498500,HPD,SAFETY,Closed,1,PASS,PASS,PASS,UNKNOWN,NA,PASS,,A3,ANSWERABLE,UNKNOWN,2026-06-26 09:35:32,2026-07-01 02:06:13,2026-07-01 02:06:13,other,not_determined,unknown,resident,partial,medium,MATCHED,72.0
69499500,NYPD,Blocked Driveway,Closed,1,PASS,PASS,PASS,PASS,NA,PASS,,,ANSWERABLE,ANSWERABLE,2026-06-26 07:39:12,2026-06-26 08:34:27,2026-06-26 08:34:31,responded,no_violation,unknown,resident,no,high,MATCHED,8.0
69500000,HPD,UNSANITARY CONDITION,Closed,1,PASS,PASS,PASS,PASS,NA,PASS,,,ANSWERABLE,ANSWERABLE,2026-06-26 10:19:08,2026-07-09 15:51:00,2026-07-09 15:51:00,inspected,no_violation,unknown,none,no,high,MATCHED,72.0
69501000,NYPD,Noise - Vehicle,Closed,1,PASS,PASS,PASS,PASS,NA,PASS,,,ANSWERABLE,ANSWERABLE,2026-06-26 22:19:00,2026-06-27 01:10:40,2026-06-27 01:10:44,responded,no_violation,unknown,resident,no,high,MATCHED,8.0
69501500,HPD,GENERAL,Closed,1,PASS,PASS,PASS,PASS,NA,PASS,,,ANSWERABLE,ANSWERABLE,2026-06-26 06:05:51,2026-07-29 18:23:54,2026-07-29 18:23:54,duplicate,not_determined,no,agency,partial,high,MATCHED,72.0
69502500,NYPD,Traffic,Closed,1,PASS,PASS,PASS,UNKNOWN,NA,PASS,,A3,ANSWERABLE,UNKNOWN,2026-06-26 11:48:17,2026-06-26 12:10:32,2026-06-26 12:10:36,responded,no_violation,yes,resident,no,medium,MATCHED,8.0
69503000,HPD,PAINT/PLASTER,Closed,1,PASS,PASS,PASS,PASS,NA,PASS,,,ANSWERABLE,ANSWERABLE,2026-06-26 15:06:07,2026-07-13 07:52:59,2026-07-13 07:52:59,no_access,not_determined,unknown,resident,no,high,AMBIGUOUS,
69504000,DOB,General Construction/Plumbing,Closed,1,PASS,PASS,PASS,PASS,NA,PASS,,,ANSWERABLE,ANSWERABLE,2026-06-26 11:01:13,2026-06-28 00:00:00,2026-06-28 00:00:00,inspected,not_determined,unknown,none,no,high,UNMATCHED,
69504500,HPD,PAINT/PLASTER,Closed,1,PASS,PASS,PASS,PASS,NA,PASS,,,ANSWERABLE,ANSWERABLE,2026-06-26 20:00:27,2026-07-13 07:52:53,2026-07-13 07:52:53,no_access,not_determined,unknown,resident,no,high,AMBIGUOUS,
69505500,NYPD,Blocked Driveway,Closed,1,PASS,PASS,PASS,PASS,NA,PASS,,,ANSWERABLE,ANSWERABLE,2026-06-27 16:53:09,2026-06-27 17:34:30,2026-06-27 17:34:33,responded,no_violation,unknown,resident,no,high,MATCHED,8.0
69506000,HPD,UNSANITARY CONDITION,Closed,1,PASS,PASS,PASS,PASS,NA,PASS,,,ANSWERABLE,ANSWERABLE,2026-06-27 08:17:03,2026-07-16 20:51:53,2026-07-16 20:51:53,violation_issued,violation,no,other_party,partial,high,MATCHED,72.0
69507000,NYPD,Noise - Residential,Closed,1,PASS,PASS,PASS,PASS,NA,PASS,,,ANSWERABLE,ANSWERABLE,2026-06-27 20:48:56,2026-06-27 21:04:29,2026-06-27 21:04:33,responded,no_violation,unknown,resident,no,high,MATCHED,8.0
69508000,NYPD,Illegal Parking,Closed,1,PASS,PASS,PASS,PASS,NA,PASS,,,ANSWERABLE,ANSWERABLE,2026-06-27 06:54:28,2026-06-27 11:08:39,2026-06-27 11:08:44,responded,no_violation,unknown,resident,no,high,MATCHED,8.0
69508500,NYPD,Noise - Street/Sidewalk,Closed,1,PASS,PASS,PASS,PASS,NA,PASS,,,ANSWERABLE,ANSWERABLE,2026-06-27 21:11:49,2026-06-27 21:31:51,2026-06-27 21:31:54,responded,no_violation,unknown,resident,no,high,MATCHED,8.0
69509000,NYPD,Noise - Street/Sidewalk,Closed,1,PASS,PASS,PASS,PASS,NA,PASS,,,ANSWERABLE,ANSWERABLE,2026-06-28 01:44:01,2026-06-28 02:55:20,2026-06-28 02:55:24,responded,no_violation,unknown,resident,no,high,MATCHED,8.0
69509500,NYPD,Blocked Driveway,Closed,1,PASS,PASS,PASS,UNKNOWN,NA,PASS,,A3,ANSWERABLE,UNKNOWN,2026-06-27 11:06:06,2026-06-27 13:58:00,2026-06-27 13:58:03,responded,no_violation,yes,resident,no,medium,MATCHED,8.0
69510000,HPD,SAFETY,Closed,1,PASS,PASS,PASS,PASS,NA,PASS,,,ANSWERABLE,ANSWERABLE,2026-06-27 09:33:08,2026-07-02 14:03:34,2026-07-02 14:03:34,inspected,no_violation,unknown,none,no,high,MATCHED,72.0
69511000,NYPD,Noise - Residential,Closed,1,PASS,PASS,PASS,UNKNOWN,NA,PASS,,A3,ANSWERABLE,UNKNOWN,2026-06-27 20:48:04,2026-06-27 21:49:56,2026-06-27 21:50:00,responded,no_violation,yes,resident,no,medium,MATCHED,8.0
69511500,NYPD,Noise - Residential,Closed,1,PASS,PASS,PASS,PASS,NA,PASS,,,ANSWERABLE,ANSWERABLE,2026-06-27 21:50:22,2026-06-28 06:44:58,2026-06-28 06:45:03,responded,no_violation,unknown,resident,no,high,MATCHED,8.0
69512000,NYPD,Illegal Parking,Closed,1,PASS,PASS,PASS,UNKNOWN,NA,PASS,,A3,ANSWERABLE,UNKNOWN,2026-06-27 05:31:37,2026-06-27 06:41:28,2026-06-27 06:41:32,responded,no_violation,yes,resident,no,medium,MATCHED,8.0
69513500,DOT,Street Light Condition,Closed,1,PASS,PASS,UNKNOWN,UNKNOWN,NA,FAIL,A5,A5,FAIL,FAIL,2026-06-27 11:45:00,2026-06-30 00:00:00,2026-06-30 00:00:00,redirect,not_determined,unknown,none,yes,low,UNMATCHED,
69514000,NYPD,Abandoned Vehicle,Closed,1,PASS,PASS,PASS,UNKNOWN,NA,PASS,,A3,ANSWERABLE,UNKNOWN,2026-06-27 12:55:06,2026-06-27 13:41:50,2026-06-27 13:41:55,responded,no_violation,yes,resident,no,medium,MATCHED,8.0
69515000,NYPD,Noise - Residential,Closed,1,PASS,PASS,PASS,UNKNOWN,NA,PASS,,A3,ANSWERABLE,UNKNOWN,2026-06-27 07:11:24,2026-06-27 08:15:24,2026-06-27 08:15:30,responded,no_violation,yes,resident,no,medium,MATCHED,8.0
69515500,NYPD,Noise - Street/Sidewalk,Closed,1,PASS,PASS,PASS,PASS,NA,PASS,,,ANSWERABLE,ANSWERABLE,2026-06-28 01:16:19,2026-06-28 02:46:14,2026-06-28 02:46:19,responded,no_violation,unknown,resident,no,high,MATCHED,8.0
69516000,NYPD,Blocked Driveway,Closed,1,PASS,PASS,PASS,PASS,NA,PASS,,,ANSWERABLE,ANSWERABLE,2026-06-28 02:20:10,2026-06-28 02:43:34,2026-06-28 02:43:39,summons_issued,violation,unknown,none,no,high,MATCHED,8.0
69516500,HPD,PAINT/PLASTER,Closed,1,PASS,PASS,PASS,UNKNOWN,NA,PASS,,A3,ANSWERABLE,UNKNOWN,2026-06-28 09:25:00,2026-06-30 15:24:50,2026-06-30 15:24:50,other,not_determined,unknown,resident,partial,medium,AMBIGUOUS,
69517500,NYPD,Noise - Residential,Closed,1,PASS,PASS,PASS,PASS,NA,PASS,,,ANSWERABLE,ANSWERABLE,2026-06-28 12:09:12,2026-06-28 12:20:14,2026-06-28 12:20:16,responded,no_violation,unknown,resident,no,high,MATCHED,8.0
69518500,NYPD,Illegal Parking,Closed,1,PASS,PASS,PASS,PASS,NA,PASS,,,ANSWERABLE,ANSWERABLE,2026-06-28 09:15:06,2026-06-28 13:52:28,2026-06-28 13:52:32,responded,no_violation,unknown,resident,no,high,MATCHED,8.0
69519000,NYPD,Noise - Street/Sidewalk,Closed,1,PASS,PASS,PASS,UNKNOWN,NA,PASS,,A3,ANSWERABLE,UNKNOWN,2026-06-28 21:48:13,2026-06-29 01:32:20,2026-06-29 01:32:24,responded,no_violation,yes,resident,no,medium,MATCHED,8.0
69519500,DOT,Street Condition,Closed,1,PASS,PASS,PASS,PASS,NA,PASS,,,ANSWERABLE,ANSWERABLE,2026-06-28 17:29:34,2026-07-07 16:36:56,2026-07-07 16:37:00,referred,condition_confirmed,no,agency,no,high,MATCHED,240.0
69520000,NYPD,Blocked Driveway,Closed,1,PASS,PASS,PASS,PASS,NA,PASS,,,ANSWERABLE,ANSWERABLE,2026-06-28 08:02:41,2026-06-28 09:37:39,2026-06-28 09:37:44,responded,no_violation,unknown,resident,no,high,MATCHED,8.0
69520500,HPD,HEAT/HOT WATER,Closed,1,PASS,PASS,PASS,PASS,NA,PASS,,,ANSWERABLE,ANSWERABLE,2026-06-28 21:59:40,2026-06-29 20:44:11,2026-06-29 20:44:11,no_access,not_determined,unknown,resident,no,high,MATCHED,72.0
69521500,NYPD,Noise - Residential,Closed,1,PASS,PASS,PASS,PASS,NA,PASS,,,ANSWERABLE,ANSWERABLE,2026-06-28 09:06:13,2026-06-28 09:12:22,2026-06-28 09:12:26,responded,no_violation,unknown,resident,no,high,MATCHED,8.0
69522000,NYPD,Illegal Fireworks,Closed,1,PASS,PASS,PASS,PASS,NA,PASS,,,ANSWERABLE,ANSWERABLE,2026-06-28 19:45:12,2026-06-29 02:01:17,2026-06-29 02:01:22,responded,no_violation,unknown,resident,no,high,MATCHED,8.0
69522500,NYPD,Illegal Parking,Closed,1,PASS,PASS,PASS,PASS,NA,PASS,,,ANSWERABLE,ANSWERABLE,2026-06-28 22:38:45,2026-06-28 23:11:51,2026-06-28 23:11:54,summons_issued,violation,unknown,none,no,high,MATCHED,8.0
69523000,NYPD,Noise - Street/Sidewalk,Closed,1,PASS,PASS,PASS,PASS,NA,PASS,,,ANSWERABLE,ANSWERABLE,2026-06-28 16:55:36,2026-06-28 18:46:29,2026-06-28 18:46:33,responded,no_violation,unknown,resident,no,high,MATCHED,8.0
69523500,DOT,Street Condition,Closed,1,PASS,PASS,PASS,PASS,NA,PASS,,,ANSWERABLE,ANSWERABLE,2026-06-28 18:59:46,2026-07-09 11:41:48,2026-07-09 11:41:51,referred,condition_confirmed,no,agency,no,high,MATCHED,240.0
69524000,NYPD,Noise - Vehicle,Closed,1,PASS,PASS,PASS,UNKNOWN,NA,PASS,,A3,ANSWERABLE,UNKNOWN,2026-06-28 17:25:00,2026-06-28 19:53:07,2026-06-28 19:53:10,responded,no_violation,yes,resident,no,medium,MATCHED,8.0
69524500,NYPD,Noise - Street/Sidewalk,Closed,1,PASS,PASS,PASS,PASS,NA,PASS,,,ANSWERABLE,ANSWERABLE,2026-06-28 18:54:26,2026-06-28 21:57:46,2026-06-28 21:57:49,responded,no_violation,unknown,resident,no,high,MATCHED,8.0
69525000,NYPD,Encampment,Closed,1,PASS,PASS,PASS,PASS,NA,PASS,,,ANSWERABLE,ANSWERABLE,2026-06-28 09:55:53,2026-06-28 10:59:07,2026-06-28 10:59:10,referred,condition_confirmed,no,agency,no,high,MATCHED,4.0
69525500,NYPD,Panhandling,Closed,1,PASS,PASS,PASS,UNKNOWN,NA,PASS,,A3,ANSWERABLE,UNKNOWN,2026-06-28 11:26:53,2026-06-28 12:12:35,2026-06-28 12:12:38,responded,no_violation,yes,resident,no,medium,MATCHED,4.0
69526000,HPD,UNSANITARY CONDITION,Closed,1,PASS,PASS,PASS,PASS,NA,PASS,,,ANSWERABLE,ANSWERABLE,2026-06-28 10:54:36,2026-07-16 07:17:49,2026-07-16 07:17:49,no_access,not_determined,unknown,resident,no,high,AMBIGUOUS,
69527000,NYPD,Noise - Residential,Closed,1,PASS,PASS,UNKNOWN,UNKNOWN,NA,FAIL,A5,A5,FAIL,FAIL,2026-06-29 10:40:22,2026-06-29 10:44:05,2026-06-29 10:44:09,reviewed,not_determined,unknown,none,yes,low,MATCHED,8.0
69527500,NYPD,Blocked Driveway,Closed,1,PASS,PASS,PASS,PASS,NA,PASS,,,ANSWERABLE,ANSWERABLE,2026-06-29 17:03:49,2026-06-30 02:33:28,2026-06-30 02:33:32,responded,no_violation,unknown,resident,no,high,MATCHED,8.0
69528500,NYPD,Illegal Fireworks,Closed,1,PASS,PASS,PASS,PASS,NA,PASS,,,ANSWERABLE,ANSWERABLE,2026-06-29 02:00:25,2026-06-29 03:05:56,2026-06-29 03:05:58,responded,no_violation,unknown,resident,no,high,MATCHED,8.0
69529000,DOT,Street Condition,Closed,1,PASS,PASS,PASS,PASS,NA,PASS,,,ANSWERABLE,ANSWERABLE,2026-06-28 07:20:59,2026-07-01 23:24:00,2026-07-01 23:24:00,repaired,condition_confirmed,yes,none,no,high,AMBIGUOUS,
69529500,DOB,Real Time Enforcement,Closed,1,PASS,PASS,PASS,PASS,NA,PASS,,,ANSWERABLE,ANSWERABLE,2026-06-29 18:15:08,2026-06-30 00:00:00,2026-06-30 00:00:00,inspected,not_determined,unknown,none,no,high,UNMATCHED,
69530000,NYPD,Blocked Driveway,Closed,1,PASS,PASS,PASS,PASS,NA,PASS,,,ANSWERABLE,ANSWERABLE,2026-06-29 20:15:38,2026-06-29 23:06:14,2026-06-29 23:06:17,summons_issued,violation,unknown,none,no,high,MATCHED,8.0
69530500,HPD,UNSANITARY CONDITION,Closed,1,PASS,PASS,PASS,PASS,NA,PASS,,,ANSWERABLE,ANSWERABLE,2026-06-29 15:18:27,2026-07-09 08:27:43,2026-07-09 08:27:43,violation_issued,violation,no,other_party,partial,high,AMBIGUOUS,
69531000,NYPD,Panhandling,Closed,1,PASS,PASS,PASS,PASS,NA,PASS,,,ANSWERABLE,ANSWERABLE,2026-06-29 13:24:20,2026-06-29 13:45:16,2026-06-29 13:45:21,responded,no_violation,unknown,resident,no,high,MATCHED,4.0
69532000,HPD,PLUMBING,Closed,1,PASS,PASS,PASS,PASS,NA,PASS,,,ANSWERABLE,ANSWERABLE,2026-06-29 21:44:26,2026-07-05 03:11:07,2026-07-05 03:11:07,inspected,no_violation,unknown,none,no,high,AMBIGUOUS,
69532500,DOT,Street Sign - Damaged,Closed,1,PASS,PASS,UNKNOWN,UNKNOWN,NA,FAIL,A5,A5,FAIL,FAIL,2026-06-29 18:10:59,2026-07-01 09:13:22,2026-07-01 09:13:25,inspected,not_determined,unknown,none,yes,low,MATCHED,336.0
69533000,NYPD,Illegal Parking,Closed,1,PASS,PASS,PASS,PASS,NA,PASS,,,ANSWERABLE,ANSWERABLE,2026-06-29 13:09:34,2026-06-29 14:07:32,2026-06-29 14:07:36,responded,no_violation,unknown,resident,no,high,MATCHED,8.0
69533500,HPD,GENERAL,Closed,1,PASS,PASS,PASS,UNKNOWN,NA,PASS,,A3,ANSWERABLE,UNKNOWN,2026-06-29 08:21:24,2026-07-17 19:47:49,2026-07-17 19:47:49,other,not_determined,unknown,resident,partial,medium,MATCHED,192.0
69534000,DOT,Sidewalk Condition,Closed,1,PASS,PASS,PASS,UNKNOWN,NA,PASS,,A3,ANSWERABLE,UNKNOWN,2026-06-29 17:05:57,2026-07-06 09:13:14,2026-07-06 09:13:20,inspected,no_violation,unknown,none,no,medium,MATCHED,240.0
69534500,NYPD,Illegal Parking,Closed,1,PASS,PASS,PASS,PASS,NA,PASS,,,ANSWERABLE,ANSWERABLE,2026-06-29 17:56:57,2026-06-29 21:22:01,2026-06-29 21:22:05,responded,no_violation,unknown,resident,no,high,MATCHED,8.0
69535000,HPD,DOOR/WINDOW,Closed,1,PASS,PASS,PASS,PASS,NA,PASS,,,ANSWERABLE,ANSWERABLE,2026-06-29 12:48:58,2026-08-03 07:39:46,2026-08-03 07:39:46,no_access,not_determined,unknown,resident,no,high,MATCHED,72.0
69535500,NYPD,Illegal Parking,Closed,1,PASS,PASS,PASS,PASS,NA,PASS,,,ANSWERABLE,ANSWERABLE,2026-06-29 21:12:14,2026-06-30 02:43:40,2026-06-30 02:43:47,responded,no_violation,unknown,resident,no,high,MATCHED,8.0
69536500,NYPD,Noise - Street/Sidewalk,Closed,1,PASS,PASS,PASS,PASS,NA,PASS,,,ANSWERABLE,ANSWERABLE,2026-06-29 18:38:53,2026-06-29 20:22:27,2026-06-29 20:22:33,responded,no_violation,unknown,resident,no,high,MATCHED,8.0
69538000,NYPD,Noise - Residential,Closed,1,PASS,PASS,PASS,PASS,NA,PASS,,,ANSWERABLE,ANSWERABLE,2026-06-29 03:44:50,2026-06-29 06:16:28,2026-06-29 06:16:32,responded,no_violation,unknown,resident,no,high,MATCHED,8.0
69539500,NYPD,Noise - Residential,Closed,1,PASS,PASS,PASS,PASS,NA,PASS,,,ANSWERABLE,ANSWERABLE,2026-06-30 22:00:42,2026-07-01 00:45:12,2026-07-01 00:45:14,responded,no_violation,unknown,resident,no,high,MATCHED,8.0
69541000,NYPD,Noise - Residential,Closed,1,PASS,PASS,PASS,UNKNOWN,NA,PASS,,A3,ANSWERABLE,UNKNOWN,2026-06-30 09:01:41,2026-06-30 12:58:17,2026-06-30 12:58:20,responded,no_violation,yes,resident,no,medium,MATCHED,8.0
69542500,NYPD,Noise - Residential,Closed,1,PASS,PASS,PASS,PASS,NA,PASS,,,ANSWERABLE,ANSWERABLE,2026-06-30 13:19:04,2026-06-30 14:44:02,2026-06-30 14:44:04,responded,no_violation,unknown,resident,no,high,MATCHED,8.0
69544000,NYPD,Noise - Residential,Closed,1,PASS,PASS,PASS,PASS,NA,PASS,,,ANSWERABLE,ANSWERABLE,2026-06-30 08:02:31,2026-06-30 10:45:38,2026-06-30 10:45:43,responded,no_violation,unknown,resident,no,high,MATCHED,8.0
69545500,NYPD,Noise - Residential,Closed,1,PASS,PASS,PASS,UNKNOWN,NA,PASS,,A3,ANSWERABLE,UNKNOWN,2026-06-30 22:11:02,2026-06-30 23:08:17,2026-06-30 23:08:20,responded,no_violation,yes,resident,no,medium,MATCHED,8.0
69547000,NYPD,Noise - Residential,Closed,1,PASS,PASS,PASS,UNKNOWN,NA,PASS,,A3,ANSWERABLE,UNKNOWN,2026-06-30 23:22:59,2026-06-30 23:28:53,2026-06-30 23:28:56,responded,no_violation,yes,resident,no,medium,MATCHED,8.0
69548500,NYPD,Noise - Residential,Closed,1,PASS,PASS,PASS,PASS,NA,PASS,,,ANSWERABLE,ANSWERABLE,2026-06-30 23:21:56,2026-07-01 00:43:21,2026-07-01 00:43:24,responded,no_violation,unknown,resident,no,high,MATCHED,8.0
69550000,NYPD,Noise - Residential,Closed,1,PASS,PASS,PASS,PASS,NA,PASS,,,ANSWERABLE,ANSWERABLE,2026-06-30 14:31:29,2026-06-30 15:55:39,2026-06-30 15:55:42,responded,no_violation,unknown,resident,no,high,MATCHED,8.0
69561000,DOT,Street Condition,Closed,1,PASS,PASS,PASS,PASS,NA,PASS,,,ANSWERABLE,ANSWERABLE,2026-06-30 22:57:00,2026-07-01 19:00:00,2026-07-01 19:00:00,repaired,condition_confirmed,yes,none,no,high,AMBIGUOUS,
